method,paper_progress_percent,method_q25_N,method_median_N,method_q75_N,demo_q25_N,demo_median_N,demo_q75_N
wam,0.0,0.9495082836588975,0.9959122221282255,1.0746759935967811,0.34657492562392,1.482443914185662,1.7436115481780705
wam,0.2,1.1126877122832106,1.1201165193864266,1.1464089653902811,0.23566494825583023,1.5040960492700157,1.7498864884153877
wam,0.4,1.0061765750745137,1.070162719617467,1.120386842096416,0.23864279449816375,1.502409838228049,1.7535992793912956
wam,0.6,0.9882332741702384,1.1148946032416291,1.204265969087777,0.24194755616579416,1.5029384583070933,1.749821042355695
wam,0.8,1.0297759123728858,1.1376996781880575,1.1969845453233852,0.23650310940024216,1.505502921282648,1.7565116948079573
wam,1.0,0.90296898983108,1.1168122652993504,1.2030839079011857,0.23704750993436813,1.5144829359700682,1.7639089958904175
wam,1.2,0.899425606618269,1.1460102768183824,1.2459993945537555,0.23467432177982483,1.5085345853698602,1.7545348014934028
wam,1.4000000000000001,0.9504141993503391,1.0942234650695184,1.1501709735605106,0.24043941121387447,1.5115759167011866,1.7469005626456633
wam,1.6,0.8935956730779573,1.0222849573580368,1.0999228500724745,0.23995748020754937,1.5024411435623615,1.7515174980294572
wam,1.8000000000000003,1.0561661678006562,1.14165929023898,1.217296600542693,0.2523653989911784,1.5129137345317425,1.7580241208312006
wam,2.0,1.0007646562076231,1.1196965177367701,1.1840708144315926,0.2587518211547567,1.5198957890799591,1.7435600644126268
wam,2.1999999999999997,0.8362356125893521,1.0638299499298292,1.0911315242551423,0.27123903482556155,1.4949756224089386,1.7587353046665553
wam,2.4,0.8335085506480283,0.9490880852511889,1.0668558215444675,0.2936067869848001,1.5120643911214344,1.7435549425045507
wam,2.6,0.9501729321826162,0.9725941810405808,1.1572005966988546,0.32392992130130316,1.5274466175632717,1.7524785107027592
wam,2.8000000000000003,0.7956720286537363,0.9255481823164786,0.9372678736301988,0.38211781540505246,1.529838707471712,1.7472747037772425
wam,3.0,0.6979965345136444,0.9810537138166698,1.0759530409061053,0.364918119594212,1.5252284480656895,1.7498275017233929
wam,3.2,0.734927571116486,0.9676812650150983,1.1488942388080567,0.384522754762962,1.5048267656981553,1.7400239588791746
wam,3.4000000000000004,0.7678883602056539,0.9760179212017757,1.1173655545972938,0.3687616445035355,1.5181481578372988,1.727963655931639
wam,3.6000000000000005,0.7962784618085512,0.9984093398079061,1.266626570078171,0.37865573163287664,1.531616761737634,1.7298279461528416
wam,3.8,0.852379082568599,0.9189480426236428,0.9724586628812999,0.3970270444999643,1.5199162494935596,1.753662445112974
wam,4.0,0.8897350289663248,0.9492298657927953,1.0405426641529796,0.3993532453826443,1.544911557905315,1.7319075143404081
wam,4.2,0.874873991551776,1.0062932498956474,1.080074136440029,0.3984447114682802,1.5060064116327656,1.7369215032611722
wam,4.3999999999999995,0.8012254467307989,0.8780520030310999,0.9764147987438028,0.37662235417754625,1.4913226273313411,1.7445699916107975
wam,4.6,0.7969615609014427,0.9465946672429313,1.0804884667327341,0.3912963174297728,1.4998407447704318,1.7324049931814944
wam,4.8,0.7591240076146069,0.926801722192247,0.9837405059090544,0.38190780739722396,1.5078640622997972,1.72163337475556
wam,5.0,0.8511583552685403,0.9841338708595719,1.1099512085266467,0.3917555931867033,1.4810495796019396,1.7304461811873817
wam,5.2,0.7885931169095619,1.069381309042023,1.1261004235090666,0.39917482738321225,1.4695270942326581,1.7404780404363165
wam,5.4,0.7918607333577024,1.0679275610702326,1.0874349296875065,0.35962478629695965,1.4504044455153253,1.7116865839134578
wam,5.6000000000000005,0.8821277694970615,0.9884475583111791,1.1197053677348003,0.3548897299965181,1.4752588451620103,1.71383561015512
wam,5.800000000000001,0.8993417493098508,1.0892259847327335,1.219645639980849,0.39489889331298816,1.4450628437723112,1.7189434717704997
wam,6.0,0.9904301206655716,1.1302173604783632,1.3021446789436792,0.3941122132551613,1.4701959243050235,1.7412646544311945
wam,6.2,0.9002717996433397,1.0445107833069591,1.1245988560735554,0.338899582429977,1.416167796583006,1.752261089670925
wam,6.4,0.7930861345508072,0.888286026823001,0.9834749288556802,0.36894179964487483,1.4196171758582332,1.7227690836173621
wam,6.6000000000000005,0.8257696986362302,1.0232823722231599,1.3360713956940358,0.38482673770392184,1.3880033563727525,1.7145849822787256
wam,6.800000000000001,0.8074566168996998,1.0238109115191274,1.17015846159731,0.37367048292846117,1.4016720102958513,1.7405092536794782
wam,7.000000000000001,0.7869925158806481,1.0851238512705357,1.183794279994878,0.34843841726562874,1.4276823307334388,1.7310189532194982
wam,7.200000000000001,0.8628587329706164,1.2235768237521571,1.4011816870693004,0.39623270024796575,1.357784147737413,1.7118640431990504
wam,7.3999999999999995,0.9084864516490068,1.158577638033735,1.3856243072833496,0.41551012372919766,1.3478504290165645,1.7300577681983924
wam,7.6,0.8490967742939854,1.2446171493503635,1.3814184410463315,0.4107316441424284,1.3696691344162308,1.7460991677110613
wam,7.8,0.8191211982551743,1.15260548375692,1.4382135501431406,0.42467282894475245,1.4115254973402365,1.7542880780695982
wam,8.0,0.8502737443113652,1.1911767430908644,1.5256003565924219,0.4450304395959163,1.3847792239773287,1.7426119077707873
wam,8.200000000000001,0.8092708426972373,1.1678580310885054,1.602047011508708,0.44342978864477106,1.3901976824154378,1.7038890747076967
wam,8.4,0.8005456794417858,1.0189105378108045,1.3895775678230535,0.45228391629418846,1.3943060560276712,1.7310229442359335
wam,8.600000000000001,1.0414228443213172,1.2247390717500974,1.3755757669488315,0.45168854660916774,1.3917877190361911,1.7036415847154163
wam,8.799999999999999,1.0252749953537612,1.3430017559279523,1.4275661237554294,0.5134428842244088,1.3800534014642667,1.7158406256828889
wam,9.0,1.041132376915718,1.4459876415966213,1.5316992540975376,0.5241171722855891,1.3707199742833986,1.7071286469047422
wam,9.2,1.097082533833102,1.322084239303352,1.5374033381761756,0.48948503257712633,1.3710704737778885,1.6730873909728685
wam,9.4,0.9514897201325172,1.3418194761726165,1.653471196683469,0.5325125683077876,1.4220428315284936,1.701624720224356
wam,9.6,0.9998256344712657,1.1944893071101377,1.5775692357528106,0.514214261838709,1.401322852878425,1.6666149803505723
wam,9.8,0.9594375586624262,1.1344586833686594,1.6533533530836977,0.5091524424917381,1.38536317638667,1.7001722251319045
wam,10.0,0.8337234298528717,1.011965564049574,1.5289229428964473,0.5408808478980639,1.408108346856668,1.7158446085544934
wam,10.200000000000001,0.8932535002744739,0.9946855885265473,1.6162379180686535,0.5542388431097508,1.4180697860132645,1.7280796947658805
wam,10.4,0.8933791080903899,0.9843845698404954,1.528653887771596,0.5166274518866378,1.397403160858871,1.7478349530396822
wam,10.6,0.9679003042588963,1.0291398502022382,1.211823761681134,0.5404475341295869,1.372353241920838,1.7441231342210788
wam,10.8,0.9244743188010436,1.0438345164595053,1.180540541724397,0.5726866555051878,1.396951979449642,1.723692316423274
wam,11.0,1.0008202935872579,1.1507338295172846,1.3224600013999,0.5970225661073227,1.3854863051973334,1.7498483370127016
wam,11.200000000000001,0.9934239126197423,1.1306123976745603,1.311446712057244,0.5969956353594196,1.3803100482117845,1.7293721448170212
wam,11.4,1.0617531825588575,1.1534129481324746,1.5365652686575633,0.5691037768363959,1.3514531632070756,1.7164745556715042
wam,11.600000000000001,1.1957401898156617,1.2129752096893336,1.4356354638844693,0.6275592366402744,1.346736689171676,1.731650250881865
wam,11.8,1.119103844665605,1.3124653935087514,1.368278701612843,0.6481483631520981,1.3677204997082093,1.709897963606384
wam,12.0,1.04474129677748,1.2834324154302017,1.6592989608701685,0.599950389777732,1.350836781611695,1.694616471896923
wam,12.2,0.9215880360857037,1.5192771087275339,2.2504896690677816,0.5944663676201325,1.341666465351219,1.7167699086476487
wam,12.4,0.8037640762673179,1.3737080286303283,2.2237859310790213,0.5986168318876987,1.333238725748724,1.7174237580103322
wam,12.6,1.03896540856019,1.3870305283234736,1.8584463806556493,0.551854101417201,1.3297845526258418,1.7205250688155975
wam,12.8,1.0454826872734728,1.425351077569654,1.5663220675773055,0.5819620520681822,1.3345102728871747,1.687108175994418
wam,13.0,1.08986262712977,1.4281900522649658,1.5153694150135755,0.6162097367395845,1.3827127675335797,1.6997661992468251
wam,13.200000000000001,1.0361376898728822,1.2805040563866419,1.40476200673257,0.6255379215480332,1.4138573869620843,1.7142040652354835
wam,13.4,1.1618663152592765,1.372145078942388,1.4667653389210131,0.6402507940151333,1.4072217219100176,1.6463602014769605
wam,13.600000000000001,1.0868159317449164,1.2990743706670869,1.3556861685019015,0.5938372394975592,1.3473200255671884,1.6595095577797463
wam,13.8,0.9752459523891914,1.2714696355434407,1.5175155044745818,0.6602594433955761,1.3554900292536223,1.6337807238781838
wam,14.000000000000002,1.0953761852946946,1.3410684518176197,1.4693661511754141,0.6443689194299592,1.3394635394346526,1.6811330916560792
wam,14.200000000000001,1.1191418789768077,1.335614400458153,1.5999255522346978,0.6260848249600528,1.3904198512912376,1.7055658833994223
wam,14.400000000000002,0.9732413852760247,1.3961192727885745,1.634375667088815,0.652979475485896,1.342119039526536,1.7221109888824766
wam,14.6,1.0716856417304093,1.4432455458071116,1.635883650971171,0.6348031325973013,1.3933373728555511,1.7097911046037813
wam,14.799999999999999,1.0644019762339503,1.2266862683939606,1.4161625173556378,0.6175131979408995,1.3786861214122952,1.7196672343731458
wam,15.0,0.9345510614875512,1.096678488027567,1.257338271671437,0.6224475795050655,1.3703963919721316,1.7301827649945083
wam,15.2,1.0124513662115355,1.237006625367612,1.2849437725260606,0.652924761424254,1.3748490657220473,1.7137258654073944
wam,15.4,0.967391830590016,1.0079136721377653,1.102281360390803,0.6569369612945081,1.3617571897729803,1.6750903621999544
wam,15.6,0.9394516045182633,1.099523554325065,1.1900939174913314,0.656957032304521,1.3511454747284113,1.6878111088629064
wam,15.8,1.0594280737664608,1.2379518941945258,1.2712103547064815,0.6574057557240662,1.3025402235481909,1.7237274514104404
wam,16.0,1.0892867081078772,1.2506187252031897,1.333518102204764,0.6360322375313329,1.3703184307000695,1.7384698594145265
wam,16.2,1.167410425996223,1.276730433442406,1.4869587181268227,0.6336935609655592,1.3678633450315671,1.745032823117468
wam,16.400000000000002,1.0399359288422136,1.160078954768058,1.2803101094904967,0.659072016254701,1.3643985609202856,1.7196793743996341
wam,16.6,1.062434897877739,1.2172513751142122,1.3010318560647451,0.6418370290500429,1.3424260332201412,1.7018115970925076
wam,16.8,1.039551795965646,1.2009932673799972,1.3417156706881015,0.6445909523386102,1.3871535575552054,1.7103330161326145
wam,17.0,1.083878725019265,1.2060466885316568,1.2083626052513863,0.625090421765949,1.405452112908544,1.739781967855106
wam,17.200000000000003,1.0155634351259517,1.2579591971235056,1.3408541893619943,0.6634561581767664,1.3938634502972553,1.7531611668355067
wam,17.400000000000002,1.0551701033927308,1.1872530407005066,1.3229809859184605,0.6682341365764436,1.3483924153677964,1.7459140783023315
wam,17.599999999999998,1.1346124748762438,1.233948902345315,1.276405079473814,0.6551181887536228,1.3286829889551754,1.717512869755233
wam,17.8,1.0072984179100133,1.1398710479900696,1.1870710263294337,0.6470268483362158,1.3553951163581641,1.7603670810902332
wam,18.0,0.9007070715638672,1.0288756958452607,1.1509080372039915,0.6375781524122467,1.42594259973789,1.8167381316816726
wam,18.2,0.9076004658788015,1.1286875189731211,1.1694142355495003,0.6625525506708756,1.3991215740885015,1.8141510605581157
wam,18.4,1.0023541139907683,1.1759850285355462,1.29548759766165,0.6606899672623714,1.4462943106326873,1.8367097388369718
wam,18.6,0.9319275046433658,1.060058213507005,1.2617120616135946,0.6716483037324525,1.4238007425838457,1.887755795426342
wam,18.8,1.0461517926885602,1.2010200118800345,1.3312758469881198,0.6604828774370244,1.4262327479175911,1.89338867899816
wam,19.0,0.9871367608795683,1.2561740556542296,1.5405167102313615,0.6314866049134887,1.4355005111705337,1.9040153998354858
wam,19.2,1.0564626054607036,1.2804139713645313,1.3471077505404652,0.6222744853592895,1.4235575255378696,1.8892482381078461
wam,19.400000000000002,0.9970739130432125,1.1607789206042463,1.3295942935334162,0.6339221859740484,1.4235629133121712,1.8939033372869871
wam,19.6,1.0913919270858554,1.202889788832857,1.3280714334950292,0.6183874062801094,1.3955904295171124,1.8608647348521734
wam,19.8,1.1156087679980877,1.228097090496981,1.3170870083485422,0.6215047601604204,1.403027779579159,1.8932234806114172
wam,20.0,1.1402247137096886,1.2588407472436198,1.305042580867676,0.6182203344846925,1.3678756011142588,1.9164344834769755
wam,20.200000000000003,1.0878639933576821,1.2156869713166256,1.3202912670526064,0.637790662659348,1.3991096543442332,1.8625980783288294
wam,20.400000000000002,1.107850062383506,1.3396250769699192,1.4411824846600965,0.6474602340143157,1.41081363646054,1.9306036819386594
wam,20.6,1.0863370647896864,1.2506842220380952,1.3678066177491637,0.6107032296649044,1.3904408197393723,1.9206204958788955
wam,20.8,1.0650157806476392,1.2129667411328078,1.3418405315422555,0.6343437857449961,1.3888964159087966,1.9141182831490389
wam,21.0,1.0234089646017348,1.147249674091828,1.2945115004468857,0.5952761699122868,1.3924888912555837,1.8935434851350912
wam,21.2,1.0303764094072643,1.1617982386683408,1.2822579458710366,0.6110101857229654,1.365337082062306,1.9243278675412636
wam,21.4,1.1621986953315626,1.2724978224018628,1.382355692343856,0.658138058637081,1.3705067718619002,1.9209445914767447
wam,21.6,1.2072087091634138,1.3239702666173145,1.4680151932084458,0.6407517365464768,1.39107298701191,1.9168860922388735
wam,21.8,1.2613630379576644,1.2871775328959565,1.3838012462318776,0.627231503570545,1.374747127788658,1.9472102203332498
wam,22.0,1.030274998532426,1.222261328366253,1.3663281249279695,0.6752260286829037,1.3917099117306158,1.9692525141125448
wam,22.2,1.0666802328192277,1.2946476752282987,1.3804193103050935,0.6364996103421021,1.3633011361893392,1.96074032102912
wam,22.400000000000002,0.9526028239071285,1.106218950962739,1.469289171941457,0.6723224396504711,1.3684974280064706,2.035726856847531
wam,22.6,0.9869009852397096,1.1484149226924005,1.3150248118238532,0.7352928826283786,1.4262610459101885,2.061084786902221
wam,22.8,0.9712568628311744,1.1391566616441273,1.3479464182112066,0.6435406348171197,1.5078725303312428,2.0660238682885086
wam,23.0,1.0930141683886567,1.18336170959244,1.2905477721802203,0.6559855741080775,1.470727309386684,2.062774304863051
wam,23.200000000000003,1.049956327910321,1.1138820511362393,1.281224511235869,0.6465410760320534,1.560695538801753,2.073844128842726
wam,23.400000000000002,0.9406209151573736,1.1933491860742094,1.3182841832871734,0.6178693329777784,1.5694370983011994,2.099416671537932
wam,23.6,1.1259315233851135,1.1769602737465812,1.2679033450548318,0.6021638685775831,1.5740264448697174,2.081042709497912
wam,23.8,1.1180367163888443,1.2479040737812048,1.3884506570110269,0.6329320358700088,1.54580166523589,2.0733242888254084
wam,24.0,1.2193819926626701,1.365174478891956,1.5381331599593677,0.6724678695745099,1.5494832130456309,2.076724822147338
wam,24.2,1.2522362003659262,1.3932491411684502,1.5182696740758836,0.6512889044145498,1.5800990077243218,2.0455279656652476
wam,24.4,1.327762387093648,1.4205170109612661,1.481997214803204,0.6123647820935713,1.5874229622637925,2.072536164599345
wam,24.6,1.1158781053383238,1.2113019807036123,1.3131365122605148,0.6389910049945907,1.5533788920248206,2.0685007497170935
wam,24.8,1.2213580135496491,1.3636959254006515,1.379775267554236,0.6470710467830529,1.5347389225626968,2.1037931749090606
wam,25.0,0.9844171826739148,1.1218707346359804,1.2368527258120612,0.5810809846591584,1.5760565479758812,2.141436880646156
wam,25.2,0.9584626502222997,1.1788126416322822,1.2725757175689325,0.5861991752116841,1.5510230291552436,2.1183827596840836
wam,25.4,0.8802063063289461,1.1113638963624703,1.2861134054753354,0.6145479180335207,1.6380608256430347,2.099408871720956
wam,25.6,1.0278265942610725,1.200790065378802,1.284047637612463,0.620639534154776,1.7045020088911162,2.168009568447208
wam,25.8,1.0011779278037318,1.2092154509362951,1.39706752786341,0.5844950509761074,1.7212773791655311,2.1572006216795683
wam,26.0,1.0299175623625165,1.123892347261521,1.377124628023132,0.5763212356529068,1.693224547036387,2.175467245110155
wam,26.200000000000003,0.9185429040497791,1.0257452478530427,1.1733334730175118,0.6356063892687879,1.689256548440298,2.161453862066711
wam,26.400000000000002,1.0241761416968,1.1626634717263387,1.455331667507315,0.7009586292104254,1.7173238885179778,2.2022142357986874
wam,26.6,1.1298483679585678,1.1960032654457593,1.2735148160051066,0.7041157549647151,1.7082442276127856,2.2030528085484566
wam,26.8,1.1757695063234004,1.266778719748565,1.598433098152104,0.6652944118556857,1.7809869117202617,2.1838154615794894
wam,27.0,1.088286670428302,1.2499371053729424,1.6245355770961258,0.6681373782548977,1.7488744404560073,2.189916810817615
wam,27.200000000000003,1.2165239892757487,1.3751145040446682,1.3816600471380376,0.6404998580765184,1.7388738046482861,2.2312883190812096
wam,27.400000000000002,1.395657400249568,2.7526364282350686,4.02468365051495,0.6478363676995186,1.7734887788723512,2.1879769488400234
wam,27.6,1.7077094076098074,3.0834559610292724,5.043787126973584,0.6906723172349116,1.7861085110184183,2.202389329580385
wam,27.800000000000004,1.994955508116019,4.121271980656622,6.58365623890521,0.7128970529242133,1.8168927648249171,2.210751004526331
wam,28.000000000000004,1.9474655345217096,4.756365708681596,9.561522034457761,0.6230365302308624,1.7897678092971852,2.159232007367205
wam,28.200000000000003,1.6288399013767665,4.432356713792174,9.558815823183023,0.6707051549025018,1.7782889936774675,2.2042192852762432
wam,28.400000000000002,1.0037389035286841,3.838441649271912,8.755641224497154,0.6631586663057459,1.7053693727379893,2.2208014323022134
wam,28.6,1.9107817687046205,4.650702010171485,7.7771553929517765,0.6649134744490611,1.6772550656414174,2.1845070961450634
wam,28.800000000000004,2.987981355182982,7.631169177501704,8.409856605012699,0.7102767454370238,1.715329383735301,2.1701241251598073
wam,28.999999999999996,3.233506909633316,8.28416261117728,10.53785447457281,0.6771624982643565,1.7021615573252755,2.199966898764393
wam,29.2,3.1748237387362424,8.719393485135084,13.006619884172288,0.6667624828009198,1.6737578884452768,2.1978588650753323
wam,29.4,3.8290178639948946,10.967521015770199,14.960924626620109,0.6725169473354082,1.7296933312845906,2.2006967154603823
wam,29.599999999999998,4.363911502968082,13.11991927090656,15.282081560250607,0.6876022868189128,1.726780307752969,2.202457787191022
wam,29.799999999999997,4.027211315704436,12.08319241868763,13.368997308944603,0.7225545107097867,1.7407482742366385,2.219109856709651
wam,30.0,3.81510833362488,11.861389084753347,12.92273112022331,0.682295576716831,1.7709228496962612,2.2234869297264312
wam,30.2,3.1450062509419423,10.076322758323222,12.086911507997778,0.6628753158508269,1.7742834930205083,2.2325935346293058
wam,30.4,2.4508133609191916,8.176913126003758,10.944936349594704,0.6961680047813669,1.7864533170388588,2.243299924664949
wam,30.599999999999998,2.296590461676646,7.778790748689096,10.743501252381737,0.6572354215608509,1.7730328787112055,2.2178588739624843
wam,30.8,3.40611599776387,9.98694977960568,11.094138656947557,0.6268130460656053,1.7270255149141431,2.2347400845235197
wam,31.0,3.3988018999095235,9.88297842072475,13.499913448437532,0.683823149059967,1.7540136275602725,2.2129199621309428
wam,31.2,2.9320139771487614,8.633404097813456,14.786359135690088,0.6301228925409492,1.7837548822046796,2.2456624512929917
wam,31.4,3.773034269292353,10.11427953792711,14.92062417060563,0.6747572274445649,1.7304460581817702,2.1927683634173167
wam,31.6,3.951546404904267,11.600072162536547,14.18799470941534,0.6360134931379678,1.737454557782544,2.2849384773367065
wam,31.8,3.8082901688030133,9.800975555139733,15.804279528965838,0.665203807506651,1.795110025605292,2.282141233370125
wam,32.0,2.5183022240371704,7.601744622465867,15.980265430599891,0.6743543636728558,1.7705803080622184,2.280448921938562
wam,32.2,1.0997890618490795,5.4802548339192665,15.268717355051297,0.6295209067983536,1.786427013199385,2.264322330757083
wam,32.4,1.081393427592734,5.642425851967249,14.714410613255142,0.6394037837053711,1.7959468637191975,2.2564922505597003
wam,32.6,1.3424246882246453,5.55734638485776,14.441154281995422,0.6361556924095955,1.7801976642931834,2.2699610921678386
wam,32.800000000000004,1.4584822788263914,5.1496793451892735,13.111101407508318,0.6051868280922911,1.8553813245917568,2.2846482971015125
wam,33.0,1.7245044374124077,4.79429393195918,11.629966478381771,0.6107632111281923,1.8954292644638777,2.2979243592558767
wam,33.2,1.7558657277207201,5.802759136302017,13.145382303840396,0.5973416470167899,1.9029317728321475,2.281271953779322
wam,33.4,1.7444772704158897,7.146340306431266,16.64941411221318,0.6199795672439861,1.904027984195874,2.31670729400413
wam,33.6,1.834683304216378,8.362644733712514,16.99238698234534,0.6275380142371668,1.8509036871232865,2.3029776602872465
wam,33.800000000000004,1.4031029720925146,8.354398899422748,16.14805696043208,0.6338002255562816,1.9489274392012383,2.3336304993982115
wam,34.0,1.662458171382862,7.531268266557659,14.621579782919108,0.6725500977382525,1.9811677968773977,2.309191818148529
wam,34.2,2.146816688156834,6.8491590583057915,13.815511798104435,0.6454672802553619,1.9531659839206492,2.348482162215979
wam,34.400000000000006,2.4998547872477226,6.687481191230825,13.646612190795684,0.6456046667335953,2.008030307700752,2.3489409754218573
wam,34.6,3.5957301672573867,8.423913211108227,14.12412469532647,0.6633396894650395,1.9243507998689513,2.3081334011725683
wam,34.800000000000004,3.284591137774264,8.151504678095588,14.204029806967965,0.7130262344855843,1.905812479511373,2.3310119315437627
wam,35.0,3.5072874730970227,6.974798361564282,12.953780882506402,0.6725736087442301,1.968381572359786,2.326113187152803
wam,35.199999999999996,3.914881781209517,6.477219979022379,12.565097481342804,0.666883983532892,1.957885296545216,2.3522395896117128
wam,35.4,4.859050268612177,6.290664609865641,13.601753870359921,0.7951048934831125,1.9780944539287213,2.3735623458630197
wam,35.6,5.249012988736221,7.587421889812273,14.629075968589701,0.6832850268167996,2.018937853869208,2.3928193927040375
wam,35.8,3.601803885013927,8.694723874854068,15.224032462537325,0.6805319442035771,1.987244145596209,2.384220827959365
wam,36.0,3.438113977925263,9.398408678776335,15.12996937296167,0.7213234215410593,2.0101810250948287,2.3911179688999797
wam,36.199999999999996,5.6942166388511755,12.259075236134468,14.393947521495518,0.6724915716076093,1.947636738041151,2.3518040595678738
wam,36.4,5.240498270201814,12.93411704543915,15.454138407806687,0.6645234584616933,1.9289705882139172,2.379220101789614
wam,36.6,4.746236763444017,12.418052518437282,15.58924536849551,0.659464099648954,1.953497318154372,2.402138299000185
wam,36.8,4.577879952814819,12.618003028564111,16.311031934828975,0.6629180367520928,1.8538772007672835,2.3739114607316525
wam,37.0,4.02909483718887,11.655740271684172,16.810383074372588,0.6277443609277265,1.74143731588238,2.3548759259933787
wam,37.2,5.385230417580397,10.620778888381714,16.99471721372391,0.6922691157929137,1.928820731337469,2.3564554639635524
wam,37.4,3.8582323974553807,10.64817685829657,15.774661440644358,0.7040130746742199,1.8113466659965831,2.3652151370840473
wam,37.6,4.206258759328586,10.762157988122915,15.161207741096494,0.7076042820199546,1.8867633671705577,2.3750509506786996
wam,37.8,3.88653934750627,8.93274016161121,13.297050290364668,0.6705416727131848,1.9598596118990534,2.378809028527652
wam,38.0,3.6158446824449424,8.311912444555595,12.504757369956664,0.6892370207921878,1.9152227788732643,2.348685656189687
wam,38.2,3.7315559206218327,7.965818913176497,12.256276963881007,0.7734933082363744,1.9413511502367016,2.3456712116057687
wam,38.4,5.699185215750511,9.768972966935497,12.166479868954,0.8459208153013379,1.93333489166044,2.3718628355242686
wam,38.6,7.657093049840192,12.566140182185624,13.666632786170046,0.6810117865990105,1.8950429266409148,2.3668575053121623
wam,38.800000000000004,7.914618304687288,13.0595540581993,15.971857876025558,0.6893921803200314,1.8902618829472793,2.337634633978044
wam,39.0,7.81273106813234,13.477404970992442,14.860402762741044,0.6382645859484848,1.880774314786325,2.4030100463794586
wam,39.2,6.579071187317913,14.179250946548487,14.889408874235702,0.6948983694742041,1.8495593105420476,2.3401835436430303
wam,39.4,5.552514829623069,12.875683646417015,15.017723815437105,0.6454948598760529,1.8663837540156798,2.3301798953681234
wam,39.6,7.340603984112979,12.479967556197106,14.639432303835108,0.7448300275494456,1.9527779986168843,2.372562649728801
wam,39.800000000000004,6.878516280198467,11.410287899750433,14.234965526598199,0.7232997829834622,1.9560361297577225,2.377756474180816
wam,40.0,6.271848301327745,9.525292128151479,14.432653711872199,0.694846547207106,1.9388705073884684,2.4237930622752275
wam,40.2,6.441867140017799,7.261845711720222,14.801206480567163,0.7285523648513961,2.017334692792145,2.41454209098937
wam,40.400000000000006,4.282721856453331,6.313698008120003,14.4671745283034,0.9238522667140963,2.0075762766722236,2.4359104208693245
wam,40.6,3.792202179759763,6.326722087223015,14.149344215661044,0.9624171152957974,1.9999043781095631,2.511653951752467
wam,40.800000000000004,2.8858334411875988,6.1145042456082574,13.024719495611272,0.8079666793687665,1.9260042077514032,2.5624602853544554
wam,41.0,2.5963126588134573,7.596686984781986,12.880577092843524,0.767715685449748,1.9157380554066383,2.664823094348491
wam,41.2,3.382617045311206,9.444339615476188,13.076415144831294,0.9036316438358081,1.7441495004267789,2.588485178286963
wam,41.400000000000006,3.274419954500467,10.29517980203849,13.499889491707037,0.8591830452706335,1.8328154992863936,2.9496355160517242
wam,41.6,3.4249923771390893,11.232628335969865,14.646171640226582,0.9570816013921883,1.9389578541721386,2.822211221755436
wam,41.8,3.255131129618727,10.684763484217246,16.24287671337549,1.0758662784843653,1.959430369980228,3.0455127096999344
wam,42.0,3.244725748436002,10.26708096914442,18.08450102428474,1.1403697087609381,1.9706669958889749,3.3255371479307962
wam,42.199999999999996,3.1796006282419844,9.503712699875418,17.229597579417515,1.2448809005243766,2.112450150224327,3.3638283120889843
wam,42.4,3.328771626962549,9.193094562761544,17.91760415775019,1.252340905556924,2.0999383588295855,3.4513127922519
wam,42.6,4.1388664472925,9.026152057170401,17.64812553742077,1.2441100340866764,2.1160172836684192,3.530375644604776
wam,42.8,4.4813155735853405,8.133843835552366,17.24329702463458,1.1961943194541473,2.105058191887772,3.5470361294527355
wam,43.0,3.262031972845276,7.897972843498086,17.36267075264247,1.3238646440572932,2.1250617188438476,3.5560103233502516
wam,43.2,3.021711626798429,8.940446232684288,18.569156815478088,1.3561308914854455,2.189984481446789,3.57957358289057
wam,43.4,3.3817123498105364,11.10784534772733,18.55003655368849,1.3222415783428205,2.1606866392852657,3.6650167365224617
wam,43.6,3.4889666733826834,12.691445922594747,17.612362461122753,1.3422304793721491,2.1822129201648703,3.6423547478345633
wam,43.8,3.4512333154431856,11.186151119790331,17.499880208231744,1.328196867757144,2.1947188056843325,3.5407473224902675
wam,44.0,3.253273157096363,8.967132071042101,15.360525797683355,1.287756245818818,2.1829276755555327,3.5313978638168217
wam,44.2,3.2454421992004305,6.878189103097732,15.03740699843108,1.2622069069485624,2.1622744939016,3.4398658247354774
wam,44.4,3.411440423266449,6.3749704599159775,14.936022896896635,1.3256513293477274,2.205046647868244,3.622588915469945
wam,44.6,3.5739955890860498,6.253555134719575,13.666163516319918,1.358698495594748,2.1913702799604593,3.7275581527893413
wam,44.800000000000004,2.9904710623076407,5.84862588472804,12.160818572369793,1.354772433509783,2.1919416091360775,3.8460998330733167
wam,45.0,2.973971078756575,7.090327186091303,11.045674187225115,1.2948826243057192,2.204704953177589,3.7765282300377914
wam,45.2,2.1486922934791117,6.9631738904139,11.196111935474505,1.3879238238455365,2.187127505900269,3.8710741182075794
wam,45.4,2.0322251833124816,8.018702315559263,14.300286935751629,1.4172390990001162,2.2910132834059542,3.6475197852615096
wam,45.6,2.6926118679011357,9.169393930404675,17.340498720888412,1.3620575127278356,2.2429235579438,4.028020362965041
wam,45.800000000000004,3.0345627222486757,8.515163570229099,18.246107224419205,1.4208663922266076,2.2141899560817726,3.8242263613237797
wam,46.0,3.052458488673778,7.810898016101291,18.919356261193972,1.3047564884478242,2.2095001161689773,3.991399766079482
wam,46.2,2.9784653202061175,6.460780971438609,16.971854930303078,1.3308152704509923,2.270924048758354,3.7383133530379764
wam,46.400000000000006,2.451108427401523,4.319144555713876,16.941673795127695,1.3902016487507318,2.268685662365611,3.8033587347611917
wam,46.6,2.15996246206475,4.863300543874122,15.686070759620023,1.3238045817659387,2.2669564913251787,4.043576936429912
wam,46.800000000000004,2.2890723746782364,5.115011554726512,14.578582375718131,1.3114492709937517,2.2930324768373818,3.9337056314483143
wam,47.0,1.9701988883123627,5.257849863603713,14.301435779362807,1.3900797944431704,2.2678535710434553,4.080346310654092
wam,47.2,2.806048247428399,7.553208831305388,11.778426520611623,1.4271647054834917,2.1949234967777604,3.9207767888832237
wam,47.400000000000006,3.590797904010446,8.531460655237424,10.15811094088581,1.342890549222131,2.270206327344184,3.610394987487708
wam,47.6,3.519998155056747,6.97494138509229,11.770781095358817,1.4690178474421984,2.2799901999406624,3.7244091978687446
wam,47.800000000000004,4.6771633842073586,7.03749657843595,13.006724191197328,1.4226874860981558,2.3353948031575475,3.6920296564443964
wam,48.0,8.80324199108049,10.005875932802157,13.826492283951763,1.3860900781695558,2.3012622250269517,3.5541886388257864
wam,48.199999999999996,9.981758847017415,14.954391449570966,16.402516984351664,1.4728925305319303,2.304966238088618,3.9601160514476677
wam,48.4,10.498348346712866,16.246633793962665,17.770257448412206,1.47913050529493,2.2775724823554433,3.771903138872874
wam,48.6,10.470623825138468,14.446532174406695,17.97334564536168,1.4373534448462797,2.2311970528688794,3.644910883617876
wam,48.8,9.65528046221933,11.887654711221774,18.533063283483248,1.4675607546641825,2.3094099999484223,3.8370337676656234
wam,49.0,7.361756685170031,11.582832523162626,18.910744470925,1.4940667586682224,2.320916868357579,3.7107914811784717
wam,49.2,6.351904083242975,12.191029792568276,18.298643764727675,1.43007561316883,2.3569240635927136,3.7365530886705924
wam,49.4,5.447039688924218,11.242940922005133,17.614157293825308,1.3918641287671478,2.3335113134175183,3.7801903367797585
wam,49.6,4.550974074742991,9.747296731083573,17.235746343269255,1.356696085391778,2.3113410262469567,3.759568115256448
wam,49.8,2.7127617898746648,9.387260875600568,16.851321640209715,1.4025848370930263,2.2514508894416587,3.7156255778896976
wam,50.0,1.9776376431294949,10.018456238869565,16.64949012978579,1.4087455276488554,2.247246420238928,3.8547452112979106
wam,50.2,2.101934855112256,10.464871934408318,17.265262339286664,1.4045247176791837,2.2220505930665646,3.7736716043762377
wam,50.4,2.473353534697256,10.692486310349652,17.784560532609266,1.4316263932662405,2.213918224225085,3.763434671074114
wam,50.6,3.9110286978295976,10.90020088460202,17.613777013765812,1.4569264494960872,2.275009209059195,3.741244802282616
wam,50.8,5.615620925963605,13.410335660310603,17.723442675161806,1.4733145028271515,2.2986608341339188,3.7897029834210985
wam,51.0,6.3921823418208445,15.16454580267473,17.97436732615755,1.3852249696907941,2.286836174982467,3.7418010897863168
wam,51.2,6.772217135524026,16.067660345410264,18.50132035176379,1.3379503778156865,2.290552826854455,3.756153219552811
wam,51.4,6.729016322390414,15.930429104733065,19.209780960805986,1.2775262480269876,2.245969647866254,3.6381970516651077
wam,51.6,9.703190805436416,14.66051499172,19.018632512033847,1.3565110410862256,2.2548713669537563,3.6712086816811116
wam,51.800000000000004,11.5832800632094,15.625466717130605,18.714482174767987,1.2449404056624949,2.143069637378872,3.659577694665403
wam,52.0,11.445748851343247,16.942366381400028,17.323640966929936,1.3194294836056644,2.1784572825652355,3.5843886135401055
wam,52.2,10.68287367497919,16.322256513764106,16.81468455984381,1.2526897718328185,2.2627621983417034,3.676486574560652
wam,52.400000000000006,10.227360778005911,14.33355102648143,14.73771726350645,1.363504034537904,2.3452079867924933,3.824108613368477
wam,52.6,8.093630571768879,9.727907693655744,12.169206458552157,1.370008606332112,2.3963367460190885,3.927548846618609
wam,52.800000000000004,5.876613827773802,7.567091233821808,11.012022165700294,1.4407411765557465,2.364695047330827,3.8824091123456186
wam,53.0,4.704987898294398,6.261719454050242,10.866892985207667,1.440151432526381,2.4213084948424974,3.920801007776736
wam,53.2,4.5355225114714735,6.124976979772759,12.007582416188747,1.4543671625765653,2.4114730403826368,3.9274569899929643
wam,53.400000000000006,4.8638634098453934,6.085964858281802,14.119340730273287,1.4376129910067041,2.444350942697699,3.980241386293007
wam,53.6,5.109422170304288,7.261906197677924,13.030339022906151,1.4786253693654559,2.4861865973021438,3.9304054976162535
wam,53.800000000000004,5.174853080301217,8.576180896016105,10.765250927652112,1.597025970402272,2.4434904317500723,3.9544308996651054
wam,54.0,4.852728509341611,6.004064905527959,10.661296617364862,1.6628098029659275,2.449968798959762,3.923568643496424
wam,54.2,4.962166951206688,6.034040151489206,12.33793450636666,1.5784263828961984,2.522981690204803,3.8893253765348885
wam,54.400000000000006,5.93733527035628,10.23158901907691,13.564510122862949,1.556770566435468,2.465137189162376,3.880719374901443
wam,54.6,7.3851647139166126,14.109283587892502,16.52732427731047,1.5009336964324933,2.462860658100216,3.8192272621289645
wam,54.800000000000004,9.360046648573238,16.012888996380116,18.923970911245174,1.5253911937750029,2.444176815178101,3.78797639344612
wam,55.00000000000001,14.322766457459297,16.765779958582783,20.036595232070635,1.5612937854462916,2.397385573517345,3.725359222383218
wam,55.2,14.220085747034585,18.39343432788815,19.759076531219982,1.5528485966160293,2.42053197699727,3.8320461163861035
wam,55.400000000000006,16.00401414267835,18.410705713021354,19.585460345880122,1.5879557881052535,2.3718849323762154,3.7698844964098575
wam,55.60000000000001,14.707351541641046,18.998619338084282,19.642741070785718,1.5915293644784108,2.4141948594285587,3.810667009977209
wam,55.800000000000004,13.806246253764666,16.534622657086214,20.617106687417454,1.5751870731305977,2.4077039240148808,3.7130383835012175
wam,56.00000000000001,13.146644652298118,14.715596231328128,19.629828588474826,1.5733988998483495,2.4071108349048083,3.878695850068353
wam,56.2,10.404516104461155,14.8172995143932,19.07776913807218,1.5682698326350668,2.48103833594452,3.8394388354626092
wam,56.400000000000006,8.033607477858679,14.89169013013731,19.044614032508406,1.5699025812376288,2.469375082050116,3.8078053007079036
wam,56.60000000000001,6.205690583943664,14.452523717116744,18.530146403432266,1.5758402775051805,2.458879270396836,3.697584818787692
wam,56.800000000000004,6.79647023410732,12.98132771146135,16.613493951535645,1.570187690291255,2.439775879813733,3.6338696744671357
wam,57.00000000000001,10.093660504943017,12.033980113009736,15.338450905740405,1.5861287797770964,2.554575227326163,3.665058777044416
wam,57.2,12.257390258158592,14.243435107015854,15.437312489140577,1.6442185396937217,2.4337157642341274,3.7101507725197016
wam,57.400000000000006,14.908509685531552,17.182897805253873,19.530245705204834,1.7220650668196273,2.4494618234434515,3.578589433485764
wam,57.60000000000001,15.651096124914039,21.20054613153221,21.325745995147642,1.6759997945231166,2.5050578177407834,3.604508676498204
wam,57.8,15.853030755270378,20.261282136572447,21.972091771880955,1.7205405946468342,2.517999014229959,3.6518091441123453
wam,57.99999999999999,16.257256614545188,19.692282884093434,22.541220737911445,1.727018069237205,2.519367977674199,3.79794764049463
wam,58.199999999999996,15.801662996500603,19.782058109598296,21.45413989501165,1.7174289215327507,2.4202777721125104,3.7613340000387208
wam,58.4,13.488129619372199,18.134981031827294,21.625087546253276,1.8190362140470908,2.434950978449821,3.693865227435297
wam,58.599999999999994,12.392761929147827,16.72718562837528,19.687378950950034,1.8717870810872421,2.4768282910946957,3.724931008949071
wam,58.8,9.420874433127086,14.866746304021316,16.240741950813845,1.7871490235930991,2.409665106798866,3.494958397228966
wam,59.0,8.358856233224458,13.046254101459365,14.349823780178097,1.8091111941173592,2.378429981281127,3.5071718314769798
wam,59.199999999999996,7.614396486632655,10.799509294813465,12.790939478919949,1.6828883188672468,2.3495479801870567,3.478753917937256
wam,59.4,7.591097050175064,9.859213884415414,11.791964755362402,1.6228819896193911,2.3409778045960103,3.3749800277866946
wam,59.599999999999994,9.09355762993199,11.165533624542746,12.846915504180835,1.6099835390085355,2.3558040649261156,3.304613071072287
wam,59.8,11.818932263785422,16.144141121233037,19.24066631171737,1.6583787318672238,2.3298788132806916,3.2874117158149705
wam,60.0,12.762429343263678,19.71031088918798,20.878049511161183,1.7604017864995687,2.390692258320281,3.211727991951209
wam,60.199999999999996,13.316100997492107,19.656235656837243,20.30486712229055,1.7680199669612344,2.376332388514475,3.4328982797366354
wam,60.4,11.117093944149772,16.70151891217717,18.997905947412463,1.700862751136077,2.3875527579407216,3.352228069162461
wam,60.6,11.7117871389933,13.253416841927748,17.025457535525202,1.7012367603408334,2.4191670787627024,3.579762650905911
wam,60.8,10.041237643116288,12.175748031726402,14.36927343037741,1.7282277444332326,2.4308621715639993,3.407272760539019
wam,61.0,8.284717694304742,9.245620680600913,14.806148363105763,1.6587132761252072,2.4052278529707514,3.3872345487887845
wam,61.199999999999996,6.189072634944193,7.538687883463015,10.938955274131391,1.63061688523553,2.3569332624393824,3.427642648587887
wam,61.4,6.5320194328133905,9.40761377122578,10.736834089398348,1.5538713652375784,2.328887396171811,3.588136104907101
wam,61.6,5.838342364854093,10.883500987067759,16.190914906676774,1.640365139814335,2.37095884072787,3.389763654202819
wam,61.8,5.75351690390691,12.212564128105084,20.258627226962755,1.5898484981239447,2.364896346265791,3.3513735716830566
wam,62.0,7.9819869300499615,15.225356623626286,19.732606082933316,1.5858297422575618,2.4027900399216766,3.321642850108901
wam,62.2,9.950747847542486,16.329544318276987,20.184290271834293,1.5620288127628645,2.4090912941385705,3.3417584217581076
wam,62.4,12.638767240811715,14.214399458685731,18.779801405954473,1.5606514940238634,2.3989888708091827,3.267938451877529
wam,62.6,10.463400466945304,13.736592772165,18.147181606778357,1.55202561140341,2.360520813146237,3.283280926602726
wam,62.8,8.569390651765012,12.40905017500894,17.902710647344147,1.509817434326908,2.3397626466739005,3.348308067717613
wam,63.0,6.773488723373918,11.24254110067082,13.871512959910119,1.5438385486191577,2.3026632563737635,3.1559922711735036
wam,63.2,6.98304885987883,9.77704541847712,10.770029191527296,1.5422236410493106,2.4085940973545514,3.0972766028323035
wam,63.4,7.2402947331237595,8.358535706096106,14.017647292610762,1.584163085446822,2.3780538580417385,3.2966512251507396
wam,63.6,7.021526904518407,11.705104947575322,16.83555808853643,1.6221182282558708,2.3255447290478415,3.4295492273358024
wam,63.800000000000004,8.112133125367563,12.556969843336836,19.00688926290438,1.605036493814945,2.358088192058413,3.661907595401901
wam,64.0,11.984190618689258,17.244525059690986,20.311862644369427,1.6131754315523446,2.3562021587847553,3.5380375584281727
wam,64.2,12.618030695283045,20.6518716670124,21.240188263051458,1.5886253959037597,2.358144569588705,3.6072044318513226
wam,64.4,15.40096702445849,20.925336028379924,21.164149565241388,1.555629550278246,2.3571691179579832,3.634555121033888
wam,64.60000000000001,17.625328737192394,19.61732773741793,20.940042009008184,1.5965623196261531,2.356220490955502,3.6581240970016196
wam,64.8,16.383684310330754,17.778575574398594,19.519777819805437,1.7064127841305796,2.3754837284103907,3.798653150716581
wam,65.0,13.00652327540092,16.643414260605716,18.510596903461288,1.6738437834782944,2.432469973648195,3.7023533229046715
wam,65.2,10.468772037514041,14.637229121607865,15.995123127706336,1.6710476952153788,2.415305763240569,3.7707422580432803
wam,65.4,11.536361180653744,12.134220089407018,12.766010692122563,1.6853776110395986,2.409309378482748,3.8251831020334057
wam,65.60000000000001,8.563627189977518,13.032455589608055,17.362810925131065,1.6488656021261683,2.3777659341267525,3.826214468455884
wam,65.8,7.059725939240061,16.702838952936798,19.887783357309708,1.6109041605860848,2.344467150371007,3.8855167558009667
wam,66.0,8.871892376359837,18.760202771182787,21.11817063620236,1.5759758828235686,2.331448538467234,3.781056656375253
wam,66.2,16.182288835248304,18.688456488469463,19.621398058163706,1.6695119151855478,2.3929078235821066,3.8878239379064845
wam,66.4,18.518495193729976,20.710197160264173,21.62121732391639,1.7230553950085068,2.3226098103050887,3.9544691229331783
wam,66.60000000000001,17.95924192076291,19.839266942376057,22.30743499312487,1.6741243635110064,2.397017980367974,3.7478468480275433
wam,66.8,16.444793331764394,19.188801620582062,21.155767014101375,1.6815173926796134,2.4475490747713042,3.5977661837635946
wam,67.0,16.878237291976326,18.411519370291032,19.648334375014045,1.6838696963043547,2.444953861156837,3.8221542274010947
wam,67.2,13.368400226803292,15.505472580368748,17.90953207371783,1.739486927983825,2.418696013421461,3.908218631819893
wam,67.4,9.77037086673046,12.482107091202916,16.215173704579428,1.7469115670882218,2.389313006112362,4.04721963982715
wam,67.60000000000001,5.960283486916664,10.496145132826193,15.442876626095744,1.7224664478387748,2.377637044575608,3.8826872433938675
wam,67.80000000000001,3.9812350786065593,10.571788458716581,15.963797494508313,1.702236465224281,2.3753864836000678,3.7959510771736324
wam,68.0,4.977213278375405,10.706919796520353,15.744660014720772,1.7253685336562607,2.455637402365878,3.7439371929773064
wam,68.2,7.093449082902004,13.218074891795375,19.63563731257886,1.7122602842365926,2.4037842238883127,3.660146154395641
wam,68.4,6.626173484298005,14.719797683255205,20.952450623979733,1.672852630617218,2.4172550554070544,3.6965345577759843
wam,68.60000000000001,6.771839602698407,16.69735250160993,21.992725035913892,1.6357804585445648,2.4802318675539388,3.6538094918071584
wam,68.80000000000001,11.16457373341841,17.826074611217347,20.82596446715531,1.68885410274254,2.393662542683357,3.6782923199774085
wam,69.0,15.074232171883057,17.775246220929095,18.484969752922055,1.6657641460815846,2.39267981965239,3.674427776830107
wam,69.2,14.129979525036472,17.457680463255166,19.41580723653319,1.647035192814637,2.3639391589659158,3.716441702945721
wam,69.4,11.18965171697669,17.60593215282346,20.154646653748504,1.7304155005968094,2.402566551493262,3.575932115073455
wam,69.60000000000001,11.535841353472229,15.944914673235676,19.802376713226295,1.7704679001152392,2.4807584905114113,3.6216038572838998
wam,69.80000000000001,14.02289272981546,14.88776215326559,17.097747682619296,1.9213000756201006,2.4830376195352746,3.6632863017326067
wam,70.0,9.93888005945935,12.628042428341011,14.9878648956149,1.7700256954450466,2.523513654714483,3.7458937341284013
wam,70.2,6.568121064158246,11.826717843185863,16.075949464513588,1.880704545871415,2.5301076785046157,3.61192478211835
wam,70.39999999999999,3.773550930425781,9.317240332086424,12.549378461347011,1.9556199180081404,2.4731167866552295,3.7050521849770623
wam,70.6,4.07646244830952,9.238584655580052,11.993078414091753,1.8998272729215262,2.4684003756748236,3.7794893853444336
wam,70.8,2.7514772693818177,8.18052853373835,17.517576239495636,2.019167467583417,2.4995787933822764,3.797118869188466
wam,71.0,3.098443554500175,8.560090418741277,14.8498280146993,2.033400281894902,2.565837152910794,3.838285182627767
wam,71.2,4.167815644498422,9.427701197924293,13.797731967368769,2.064383932112868,2.471101434313865,3.951532093871395
wam,71.39999999999999,4.1529382207287195,10.685916582365001,14.241037781151924,1.9591987339172137,2.547520196334885,3.9517708013096833
wam,71.6,5.888338529584345,9.711753305645423,17.491760791604975,1.960470500195746,2.579530756081751,4.111666759685696
wam,71.8,7.944997949530354,11.81877697763285,15.656641702270669,1.8679435427322608,2.5285919924133182,4.11657145525122
wam,72.0,10.501317488141856,12.88791183687277,14.420530264573793,1.955815147078012,2.547166744674223,3.8375477043025734
wam,72.2,11.559954786063296,13.302370900782382,19.28596095390951,1.9161788512459723,2.5317275195761653,3.727882646960108
wam,72.39999999999999,10.593092415257022,17.479923113255424,19.340857611234927,1.852849195185415,2.509564974015997,3.785240883013759
wam,72.6,11.442367905371082,18.522675619435347,20.277873098519215,1.953244848149637,2.5850780352148024,3.768855955500622
wam,72.8,9.39698338708697,16.17898158613908,19.018996962662435,1.9414993669989373,2.573081190984293,3.776926087205553
wam,73.0,8.583260020399258,11.836756128024586,16.56649203850516,1.898762929256554,2.5629310871653765,3.7087608349520504
wam,73.2,6.704229871293407,8.5799097995328,15.342657455840005,1.880420833342203,2.5685517417833084,3.7074662798461526
wam,73.4,4.08964357670081,7.0370949673432,13.179884206552503,1.8918725443429254,2.5633258936640746,3.7046372090864175
wam,73.6,3.6891454975678184,6.8144500117231575,10.703919755351437,1.8503213969462067,2.578096894879078,3.666876380666444
wam,73.8,4.130837181512935,7.226641135216962,7.345112396731209,1.8133177365589386,2.587941994690354,3.6897896363347407
wam,74.0,4.842788128942802,5.930788276066078,12.844850188211757,1.7866958643366944,2.463540861732832,3.86045488269604
wam,74.2,6.0768431185852,9.778248999628023,13.273620153208912,1.7437353683991712,2.5833216803971646,3.833329319387737
wam,74.4,7.263528951040866,12.568865415041884,16.096629666443,1.686499338200039,2.5721659978545133,3.707226888319908
wam,74.6,8.115221827236176,14.944089270528147,17.87059239674255,1.7155270006597014,2.5650661696183437,3.6305627674684535
wam,74.8,6.936490131983943,13.602067361664933,17.611794923420504,1.7108376714794402,2.596439359352713,3.7212775801040694
wam,75.0,5.993734887406482,9.682991954337382,17.585946909013785,1.7408822615166224,2.630453916223701,3.6916709728799177
wam,75.2,6.314403334285443,9.899456653899172,16.747324698826684,1.7673553242913667,2.6359684692972944,3.725712376636197
wam,75.4,6.01130120642392,11.228581597118845,14.717797103560073,1.725756755507311,2.605191207450512,3.7607011911776635
wam,75.6,5.947466000664038,9.227401726910326,14.884057935856923,1.757486739995754,2.599735426829252,3.90818440438131
wam,75.8,5.895887062298832,6.801443484288523,14.640327079276927,1.6817866292511923,2.6494722417061993,4.169139294681288
wam,76.0,4.303867294597081,9.618523492429816,15.20431621544955,1.7480611861204054,2.656372360973058,4.080117240779235
wam,76.2,6.813550903672057,9.289348184854811,11.985541248643697,1.8437687656112245,2.753444391871819,4.234172428743583
wam,76.4,5.6449332477413305,8.707946938578385,15.509621118382476,1.9383083543387973,2.7299687989235473,4.434643106342467
wam,76.6,6.670437157394058,10.350385213556205,19.256463287521935,1.8894405302473867,2.81863549957354,4.332911253869674
wam,76.8,9.004003567922997,16.057961329139747,21.41316466279306,2.0087101363677986,2.8030008838205362,4.3034182677723365
wam,77.0,11.09223798621222,17.26848056506293,19.757270266625778,2.012445972362773,2.881698758046817,4.358796263010433
wam,77.2,10.920197483717004,16.906175262106103,19.013345431201376,2.087075455990885,3.0519684876234034,4.3550637724664085
wam,77.4,9.153800449139798,11.813264516184038,18.77284622075126,2.0813787821188448,3.122113256721488,4.490712339559305
wam,77.60000000000001,10.08000614946025,12.390264743028682,17.487440278037855,2.1000755744816146,3.188028228641922,4.558000595349797
wam,77.8,8.647005377682058,15.070115212658767,16.33725282986787,2.1211748981139134,3.225094901975789,4.678704845547038
wam,78.0,7.882527446290151,13.498687701435149,18.00956619383634,2.2333253836995084,3.1281266982242015,4.5267814193246005
wam,78.2,5.57723903930343,11.355798243531979,17.25388015455023,2.1358148909572576,3.1283580698123554,5.007671188535516
wam,78.4,6.54444406382413,13.933197028607239,16.41932777280545,2.1187824345100044,3.144609068940728,5.035692332182839
wam,78.60000000000001,6.806061374389758,11.144241746374778,17.56515545881138,2.1340749868597393,3.2799607621271423,5.106534532226324
wam,78.8,5.873753922922862,11.987797315386118,17.57940295494347,2.1212795147131125,3.2415371450130195,5.082737285680449
wam,79.0,6.776440773589849,16.01350221920741,17.595811092879305,2.104358317736095,3.2915424094776373,5.158224344319175
wam,79.2,7.938152891121156,14.238168930442605,18.849068099790582,2.1759063589425964,3.1691474867431078,5.015276611248286
wam,79.4,7.124232071180082,14.020194002041132,17.806562871623626,2.051443792729778,3.052806582226205,4.945169409523145
wam,79.60000000000001,8.89670247281905,13.276122226430871,18.751828809454675,2.042319596610316,3.0009600669740686,5.051824413275353
wam,79.80000000000001,9.309986290524165,15.25387069795779,20.011866712186993,2.0507651570025556,3.111613838443776,5.385595155935353
wam,80.0,9.665134667055355,15.615571529550719,18.199833567673135,2.0630153662455464,3.191636633551333,5.345403936010004
wam,80.2,8.81068507334136,13.394423425556086,17.624479042667595,1.9827670092318632,3.2733938682558317,5.71492829448825
wam,80.4,7.7011911623129645,12.107603490098061,13.497372484875644,1.9268939184755998,3.2651376077725236,5.687667377698924
wam,80.60000000000001,5.201921551559398,9.605726159424725,14.881112594630476,2.0081420411884805,3.262821530542723,5.7212319566684435
wam,80.80000000000001,3.9130299614831725,5.603983603902716,13.502281003740965,2.0543141524603366,3.2317081197947117,5.4296045073388175
wam,81.0,3.9236254216555935,6.966611454890119,13.861266459769016,2.0633057311708267,3.274585218582031,5.867330853410678
wam,81.2,5.307704451496726,10.555529781441026,16.066065589973817,2.048043681545973,3.3130864221504983,5.774920726085816
wam,81.4,6.000887091161125,13.350901305621548,21.078380389131148,2.1109006531292476,3.276563562561769,6.118083851970166
wam,81.60000000000001,6.888794008793697,15.558617052339663,21.596827485894657,2.1333256860804344,3.293519621065112,6.096785566287036
wam,81.80000000000001,9.378844723750237,16.6759134510347,20.914996856732067,2.0839405140461373,3.357634985834021,6.04412398140353
wam,82.0,14.039574950049094,17.000950152862337,17.364788008211743,2.006770955789775,3.381566972282979,6.041715447789552
wam,82.2,13.075368260339566,14.311245779776186,16.917284789256463,1.924810719842614,3.409533264167272,6.030032046703873
wam,82.4,10.248888952481947,14.177365719962065,18.36101973727461,1.8777146071786452,3.274477603951195,6.099443740614481
wam,82.60000000000001,9.490540779318183,14.420740752283866,18.382500212926896,1.8175128463918333,3.2948419121968,6.0485800646688315
wam,82.80000000000001,9.597807584988768,13.477590671890004,17.002544528544334,1.84566348567436,3.097739680579363,5.712848154058349
wam,83.0,10.600275778101707,13.431868840259348,15.877740063479749,1.8482051822562602,3.0117969179469,5.311793489251788
wam,83.2,7.438451147029193,13.537281557417868,19.08128801532727,1.91590752369486,3.043413818501085,5.316513309911821
wam,83.39999999999999,7.099885665286287,13.567985096833555,19.75715763843025,1.844197893182306,3.0351774691925213,5.686618111494481
wam,83.6,7.682880835194172,16.61310506175842,20.021419246511392,1.8074368679117248,2.9276611522210976,5.56772541972965
wam,83.8,8.285107344672024,19.69875976061237,21.387427223741312,1.7592195209739916,2.849879860041771,5.220170803929993
wam,84.0,7.869446188131256,17.955601708350216,21.746805106102606,1.7726092854143543,2.7737696956606146,4.799124353833991
wam,84.2,7.611780006647351,12.815470705097164,21.518781318684287,1.698773299257653,2.714303438225852,4.799585663456982
wam,84.39999999999999,7.836144159205084,11.51377484138527,19.03361103269391,1.6511191715742963,2.585349882753637,4.430907259656681
wam,84.6,8.065954358277704,12.5882871080651,16.14503626184408,1.6057579792717915,2.551221305814886,4.491288504261654
wam,84.8,9.920439617819179,11.490788413645879,15.518947475383467,1.6027849390243327,2.446339367782909,4.7861613750017975
wam,85.0,11.99832198192394,13.579708825988309,16.39158441180389,1.5118014508143214,2.5001818812784435,4.558670792581285
wam,85.2,10.8076765818596,14.851795192735462,16.380412157604205,1.4880403241836815,2.3725458824170356,4.471523953417238
wam,85.39999999999999,10.051379193047904,13.377460196834434,17.197106847441354,1.478254505530884,2.2908505353805797,4.377830127065951
wam,85.6,9.600353181452673,11.840930258323377,16.226225431956237,1.4532600042202952,2.1725639661908454,4.187032113903311
wam,85.8,10.718967495583112,12.405357519121921,17.516862235786938,1.2384787743693288,2.0196909184573713,3.906990424758971
wam,86.0,7.893432995279582,9.892135397020713,19.82066374018033,1.2831410253420719,1.9487029537602072,3.830786719806904
wam,86.2,6.3653161391917585,12.613181636241233,20.874403379767813,1.1752495125301825,1.8466149328552393,3.4483087212903145
wam,86.4,5.944660349098713,14.302161213120621,21.80496623562145,1.1555581700729514,1.807213921275082,3.2222496497879622
wam,86.6,6.10224157173573,10.862671551363718,20.061431636289317,1.0248985093190992,1.81071873997056,3.2231071852924855
wam,86.8,5.926841943738142,6.567687809339711,18.663242884001466,0.962384766160978,1.813921244568669,2.9084771243333742
wam,87.0,3.314676884588571,6.465068855311454,16.229405347364867,0.6816176964421757,1.7565271067422796,2.8293702829210536
wam,87.2,4.492197981689898,7.9851537545663,14.558877942037508,0.8517005337937615,1.7614805970848897,2.669502427047461
wam,87.4,6.050188106941189,9.775724374312036,12.428233954702083,0.5806472451438229,1.7336911635903283,2.357676904410917
wam,87.6,8.035291110274661,10.796437280360959,13.206298529294973,0.521959617629862,1.7278492036679085,2.2540040667357766
wam,87.8,7.115625387766846,11.50665752175686,17.637836171712483,0.5664127754589431,1.7215946097258084,2.3248227201593297
wam,88.0,8.525305532181592,9.974970608966707,17.91720825390847,0.5180519398792734,1.7229888551131505,2.052595957170384
wam,88.2,8.190500790111779,13.74748160290855,19.93834061074355,0.581391194168828,1.7185609637615267,2.012884485077343
wam,88.4,8.100352238032315,19.17238058395742,22.682375898579714,0.5465926499863525,1.7348349548318878,2.0755647520620943
wam,88.6,9.182111483495138,21.775526928549997,24.452043020750637,0.5163906631097657,1.7375252604810354,2.0797476308205587
wam,88.8,8.910696066380165,21.24377490274044,23.75165627292728,0.5978575263512456,1.7314061662288434,2.0443490937270603
wam,89.0,8.17495085683802,18.458034310411687,20.288272160908786,0.6160865357016235,1.6734993101471194,1.9648915084132013
wam,89.2,6.870272297994475,11.68076303588148,15.5809089894727,0.5789668228059973,1.6718499034581458,1.9574964315797434
wam,89.4,5.809979256806152,7.5077872145588,11.242495851480054,0.5353987260328906,1.6569752965005822,1.9662403340917969
wam,89.60000000000001,4.021217588759557,8.411720527567294,10.544935022387444,0.4849696561263746,1.652203741421886,1.9174508459006654
wam,89.8,3.6711023373319778,8.734958378244448,12.815705643436752,0.4566164066259907,1.6074607378258028,1.9303715748820145
wam,90.0,3.5825116520013616,8.226632268451684,11.303069406118807,0.44814724030863773,1.5937432226798363,1.9461338848073122
wam,90.2,7.54431118780426,8.253356178412023,9.724540103568327,0.485184239380217,1.5772233617417946,1.9014477050296053
wam,90.4,6.752034795142778,9.983847060438789,12.679080321482804,0.45370117996115794,1.617643191034365,1.8847257702636293
wam,90.60000000000001,4.867664277215774,8.357135634108166,17.1939813308126,0.4732082955407435,1.5451785700802312,1.9039027429317195
wam,90.8,6.701350779699373,8.81098597181024,19.493494886358135,0.4872011664579784,1.5889682398686868,1.9058625381588705
wam,91.0,7.71343839186961,12.813635791710702,21.705709455353684,0.4589491979146233,1.5657276996423013,1.8950389172913407
wam,91.2,8.587220846232768,18.842681418272818,23.573407908554312,0.43823024657683896,1.5480300771688162,1.8651664713411213
wam,91.4,9.166759706153131,19.56686893562996,23.14641986678589,0.4227868009697688,1.58212137391124,1.883993924308562
wam,91.60000000000001,9.080025345853034,17.70409044094272,21.19172292049598,0.40267200777577977,1.5802619265405133,1.875454538031142
wam,91.8,10.228169315828106,14.057018188702564,18.895660833943296,0.4355094051647117,1.5660447774787711,1.8728733641998097
wam,92.0,8.976594540712055,13.088910301933272,14.734484350899406,0.45939639945235144,1.5387559016780008,1.857638120449628
wam,92.2,8.530441235763025,8.852678214100916,10.207500640876706,0.42891888141719664,1.4974439209694104,1.8599795763751108
wam,92.4,4.244438160118018,9.160202059988649,12.043632072964678,0.39009611652315657,1.4667521838918365,1.8548298038118234
wam,92.60000000000001,4.711789928711378,11.810620359603568,15.310958336864294,0.41698203328474925,1.447397118661684,1.8418891727868316
wam,92.80000000000001,4.692582997445006,12.955033973984179,18.010958306652963,0.4107364737136293,1.4218233151279935,1.8184019689205801
wam,93.0,6.615244480944086,12.187859521406775,17.58223786645096,0.38217667387515464,1.4396990233318787,1.8013841111942124
wam,93.2,11.795715480183087,17.191675616972915,19.181756961942195,0.3923640723215853,1.4184946624218024,1.803802305968532
wam,93.4,12.529227721636627,20.814039940496563,23.31186077067058,0.3866404174078402,1.4535253734204432,1.7947603647612373
wam,93.60000000000001,11.017188671232756,20.98448980536103,21.17931936080023,0.409457409260089,1.4632146643494095,1.774946808890418
wam,93.80000000000001,11.207365076852449,17.768761858297694,20.93315011975017,0.38062483129671454,1.444892119001619,1.769932482290811
wam,94.0,13.521990690034178,15.048433165184525,19.84383529919364,0.3537931429369952,1.4294022354750748,1.7705051356543207
wam,94.2,10.444679637698805,15.104000195508997,19.66121004245818,0.38119880640972637,1.4843868130714808,1.7550029624718628
wam,94.4,8.325575856928756,14.678301282677891,19.470676758398803,0.354658015155557,1.4404176555445314,1.7489438070502312
wam,94.60000000000001,9.694831299668621,11.041307113019805,17.62488547806672,0.3705189531529981,1.4747805527977325,1.7526987392305857
wam,94.80000000000001,9.779697594147974,11.944491019848883,17.98140055330367,0.3494242833452151,1.4606112752554716,1.751825231725302
wam,95.0,11.432128041320635,15.96664089651376,19.317125016833362,0.3413593629809455,1.4603402640183185,1.750326275793438
wam,95.2,17.211934755135115,18.183473861012367,18.811155659344912,0.3457532221060431,1.4468499718641847,1.7252877830918434
wam,95.4,15.858347813644812,18.9823003352388,22.43440579994582,0.35274861751960146,1.4857407272868473,1.7314770047765393
wam,95.60000000000001,11.603206338730896,17.467876266066682,22.033375793109947,0.3451243013011556,1.473421673303597,1.7516349003466154
wam,95.80000000000001,7.126522457281423,13.135154018633674,20.686024434730697,0.3258207860593163,1.4689328485850064,1.7486747671910425
wam,96.0,4.76639589680927,9.404819043005588,19.706410742493553,0.3322205601384537,1.4690844777617869,1.7538429560409998
wam,96.2,4.314925289956906,7.939156375823805,16.909131482549657,0.3384139019882628,1.4444064877997844,1.756741719413581
wam,96.39999999999999,4.562388981602083,8.235361154275349,12.599207387276001,0.32437154362931203,1.4653611805778186,1.7430579780553268
wam,96.6,6.373463095730983,7.360889926969427,10.307387624043113,0.3206054541208113,1.4804134151018007,1.7377546781000242
wam,96.8,6.03836521207456,9.266108637693417,11.728911223379937,0.3180124172571444,1.4691350359931765,1.7408856934032155
wam,97.0,6.835975287477359,11.45706443379903,11.691855056623218,0.31584932631062534,1.469737424439127,1.7583933670505811
wam,97.2,10.915679069203772,13.357447522261953,16.221435751439444,0.3157605891504273,1.4583066175494868,1.7706793897404787
wam,97.39999999999999,18.001027621803683,19.58995869229016,20.18791875607199,0.3111785085599595,1.4775607035490734,1.766192098661345
wam,97.6,19.792658142871,20.85811064628487,21.930115292505334,0.3027497209816129,1.4849284715223237,1.7795744670555573
wam,97.8,19.818904797825635,21.654139078088235,22.20533683514683,0.31240446866950083,1.4908752575092332,1.7864736291080916
wam,98.0,17.97740327751801,21.078645062835257,22.15891544543594,0.3043783024574896,1.4647762625514673,1.7888930620653734
wam,98.2,15.393707576317016,19.48910258291847,21.57787231153126,0.3054148966422818,1.474769699934929,1.7814307689472333
wam,98.4,12.285585461914188,14.80436158862713,18.47679212971158,0.2965008068276494,1.4583820024731873,1.7863447426036112
wam,98.6,8.731095418867072,9.544627661822028,10.209439566395893,0.30041143370292234,1.4603858653352955,1.7875394983907673
wam,98.8,5.240520456948144,6.028864478516761,7.35984169322992,0.3096272181433269,1.4542804809063121,1.7846659715638151
wam,99.0,2.83375560095338,4.367411816886527,5.610562597319362,0.30814744508642794,1.443491444181559,1.7905145893293681
wam,99.2,3.104949502289533,4.2013808447842305,5.501370422981062,0.2903328815955488,1.4620881296298716,1.7901352535190538
wam,99.4,3.7581517913906395,4.443176339081336,5.392764641065676,0.29967223214662897,1.4432105051043864,1.7903169826754068
wam,99.6,4.244477510462136,5.078458611804452,5.195298931004629,0.29752369249430244,1.449741643414096,1.7771037037853255
wam,99.8,4.396166206129237,5.431736733821489,5.903885062028924,0.2958769540963162,1.4473231238613418,1.7756019475817582
wam,100.0,3.689811307424682,4.903693116578374,6.0967791130435325,0.29320749021683784,1.438994757387594,1.7834878068510855
wam_wrench,0.0,0.8042420912538955,0.8327198279386965,0.9740002418692213,0.34657492562392,1.482443914185662,1.7436115481780705
wam_wrench,0.2,0.8965646632842126,1.0460790910802897,1.3235360038664055,0.23566494825583023,1.5040960492700157,1.7498864884153877
wam_wrench,0.4,0.8322082058524347,0.8791694406170756,1.195461982703475,0.23864279449816375,1.502409838228049,1.7535992793912956
wam_wrench,0.6,0.7654631468439012,0.8402045864935462,0.9248394739230122,0.24194755616579416,1.5029384583070933,1.749821042355695
wam_wrench,0.8,0.6868231196291714,0.8914940744539172,1.0109931218001031,0.23650310940024216,1.505502921282648,1.7565116948079573
wam_wrench,1.0,0.7772609474783164,0.9403160452284158,1.0564161417408988,0.23704750993436813,1.5144829359700682,1.7639089958904175
wam_wrench,1.2,0.7938499509683894,0.8528514869875925,0.9780282456114082,0.23467432177982483,1.5085345853698602,1.7545348014934028
wam_wrench,1.4000000000000001,0.8137501562716635,0.9669199092461216,1.1283713678530818,0.24043941121387447,1.5115759167011866,1.7469005626456633
wam_wrench,1.6,0.6403555502047173,0.7692824736811227,1.1343612549599564,0.23995748020754937,1.5024411435623615,1.7515174980294572
wam_wrench,1.8000000000000003,0.6900113972486033,0.7544534418152412,1.063131536916472,0.2523653989911784,1.5129137345317425,1.7580241208312006
wam_wrench,2.0,0.7347501324640877,0.8000786782059935,1.0207292232553302,0.2587518211547567,1.5198957890799591,1.7435600644126268
wam_wrench,2.1999999999999997,0.6280084377213122,0.7435008357671532,0.9472172123940139,0.27123903482556155,1.4949756224089386,1.7587353046665553
wam_wrench,2.4,0.6787452008826678,0.9598857184870192,1.277049782301659,0.2936067869848001,1.5120643911214344,1.7435549425045507
wam_wrench,2.6,0.7177894516867488,0.8931713507126209,1.013219782069123,0.32392992130130316,1.5274466175632717,1.7524785107027592
wam_wrench,2.8000000000000003,0.7322766896913468,0.9606337392771211,1.1745435836966036,0.38211781540505246,1.529838707471712,1.7472747037772425
wam_wrench,3.0,0.8672972062764326,1.2438049770058175,1.2845708056531566,0.364918119594212,1.5252284480656895,1.7498275017233929
wam_wrench,3.2,0.6513970527372754,0.9130720912737532,1.1473893505110524,0.384522754762962,1.5048267656981553,1.7400239588791746
wam_wrench,3.4000000000000004,0.662750506427246,1.0217447281187129,1.2731903590911915,0.3687616445035355,1.5181481578372988,1.727963655931639
wam_wrench,3.6000000000000005,0.7938092414477662,1.0434049437305402,1.199222250117555,0.37865573163287664,1.531616761737634,1.7298279461528416
wam_wrench,3.8,0.8979052519830967,1.1005849334453996,1.4208956050568071,0.3970270444999643,1.5199162494935596,1.753662445112974
wam_wrench,4.0,0.8345431202187736,1.0764109389160752,1.1885226642693483,0.3993532453826443,1.544911557905315,1.7319075143404081
wam_wrench,4.2,0.7917455983664075,0.9778050827449201,1.0579980990101536,0.3984447114682802,1.5060064116327656,1.7369215032611722
wam_wrench,4.3999999999999995,0.795279736305033,1.0304238109682173,1.2680390068495058,0.37662235417754625,1.4913226273313411,1.7445699916107975
wam_wrench,4.6,1.0114656715211303,1.07306022160954,1.1867352592009515,0.3912963174297728,1.4998407447704318,1.7324049931814944
wam_wrench,4.8,0.7278597055934954,0.8456994581091227,1.1210131768302958,0.38190780739722396,1.5078640622997972,1.72163337475556
wam_wrench,5.0,0.6611896957797608,0.7567071164572767,1.1757680414120084,0.3917555931867033,1.4810495796019396,1.7304461811873817
wam_wrench,5.2,0.8522743801075562,0.929302196078959,1.0423636550687292,0.39917482738321225,1.4695270942326581,1.7404780404363165
wam_wrench,5.4,0.7157701405976943,0.9122289524660154,1.0357109933271305,0.35962478629695965,1.4504044455153253,1.7116865839134578
wam_wrench,5.6000000000000005,0.7747672777558012,1.0157617248793538,1.161738461085516,0.3548897299965181,1.4752588451620103,1.71383561015512
wam_wrench,5.800000000000001,0.7355463319236167,0.9284186647192955,1.1888715520270898,0.39489889331298816,1.4450628437723112,1.7189434717704997
wam_wrench,6.0,0.8378110700156823,1.0330776721470436,1.3425992534985722,0.3941122132551613,1.4701959243050235,1.7412646544311945
wam_wrench,6.2,0.568219872608722,0.7766722206385517,0.860953006317783,0.338899582429977,1.416167796583006,1.752261089670925
wam_wrench,6.4,0.7219842828754499,1.1334054666112086,1.5272631783576047,0.36894179964487483,1.4196171758582332,1.7227690836173621
wam_wrench,6.6000000000000005,0.6811294869911294,0.8670671850407153,1.140725640110564,0.38482673770392184,1.3880033563727525,1.7145849822787256
wam_wrench,6.800000000000001,0.8558770909645205,1.0160117790600744,1.2351448830787088,0.37367048292846117,1.4016720102958513,1.7405092536794782
wam_wrench,7.000000000000001,0.6533874436103976,0.9021047312154515,1.3143655963794953,0.34843841726562874,1.4276823307334388,1.7310189532194982
wam_wrench,7.200000000000001,0.7069453058597557,0.7859523914534122,0.8788465308966307,0.39623270024796575,1.357784147737413,1.7118640431990504
wam_wrench,7.3999999999999995,0.8224624724633619,1.094380715092993,1.2415076125789337,0.41551012372919766,1.3478504290165645,1.7300577681983924
wam_wrench,7.6,0.5975448506322494,0.8653697799072289,1.2217846786852053,0.4107316441424284,1.3696691344162308,1.7460991677110613
wam_wrench,7.8,0.9867710711321656,1.1816207691807699,1.355703162414315,0.42467282894475245,1.4115254973402365,1.7542880780695982
wam_wrench,8.0,0.6516821078550539,0.7633927661906781,1.292903558151051,0.4450304395959163,1.3847792239773287,1.7426119077707873
wam_wrench,8.200000000000001,0.95586858411595,1.1454052408614492,1.2461171325955316,0.44342978864477106,1.3901976824154378,1.7038890747076967
wam_wrench,8.4,0.8843005164032665,1.1979300777331203,1.3751724943037862,0.45228391629418846,1.3943060560276712,1.7310229442359335
wam_wrench,8.600000000000001,0.7364486170888188,0.9530943358467368,1.4798913345009956,0.45168854660916774,1.3917877190361911,1.7036415847154163
wam_wrench,8.799999999999999,0.9454001878553671,1.1772271315277592,1.5897159850295803,0.5134428842244088,1.3800534014642667,1.7158406256828889
wam_wrench,9.0,0.8529256798930389,1.1341840368270057,1.4922981023680293,0.5241171722855891,1.3707199742833986,1.7071286469047422
wam_wrench,9.2,0.8683998573501012,1.1680265383114175,1.4577473104284815,0.48948503257712633,1.3710704737778885,1.6730873909728685
wam_wrench,9.4,0.7325617234418675,1.1448617535011258,1.2599610592426842,0.5325125683077876,1.4220428315284936,1.701624720224356
wam_wrench,9.6,0.92856136255826,1.0862104004970523,1.4855833995429153,0.514214261838709,1.401322852878425,1.6666149803505723
wam_wrench,9.8,0.940276894017753,1.227154856003446,2.0189301003456994,0.5091524424917381,1.38536317638667,1.7001722251319045
wam_wrench,10.0,0.9342921187261302,1.0806996024809226,1.561179467957307,0.5408808478980639,1.408108346856668,1.7158446085544934
wam_wrench,10.200000000000001,0.7913961013233988,0.9701265121575426,1.3285818322676786,0.5542388431097508,1.4180697860132645,1.7280796947658805
wam_wrench,10.4,1.066778160382495,1.1927060102101277,1.3891770651754565,0.5166274518866378,1.397403160858871,1.7478349530396822
wam_wrench,10.6,1.0798604668757907,1.4295304910195838,1.509317261401458,0.5404475341295869,1.372353241920838,1.7441231342210788
wam_wrench,10.8,1.1014654019217784,1.1883809978456572,1.51437063273285,0.5726866555051878,1.396951979449642,1.723692316423274
wam_wrench,11.0,1.1718171404373035,1.2795536476940075,1.528181754159557,0.5970225661073227,1.3854863051973334,1.7498483370127016
wam_wrench,11.200000000000001,0.9945192465492516,1.1172146876988527,1.5826262685445205,0.5969956353594196,1.3803100482117845,1.7293721448170212
wam_wrench,11.4,0.8920686429117007,1.1777974429452254,1.601181619493133,0.5691037768363959,1.3514531632070756,1.7164745556715042
wam_wrench,11.600000000000001,0.9914021943545425,1.152004025309347,1.6368473548208173,0.6275592366402744,1.346736689171676,1.731650250881865
wam_wrench,11.8,0.8832361123649054,1.1159263102942623,1.6147229671355536,0.6481483631520981,1.3677204997082093,1.709897963606384
wam_wrench,12.0,1.0358942788216507,1.353825226840765,1.9073743137265196,0.599950389777732,1.350836781611695,1.694616471896923
wam_wrench,12.2,0.9480958145611287,1.6674171701832163,2.071830458749146,0.5944663676201325,1.341666465351219,1.7167699086476487
wam_wrench,12.4,0.9167651705005658,1.1955771445577272,1.6955986576734485,0.5986168318876987,1.333238725748724,1.7174237580103322
wam_wrench,12.6,1.244156555288007,1.3219010630147814,1.6701302977594732,0.551854101417201,1.3297845526258418,1.7205250688155975
wam_wrench,12.8,1.2000520823770566,1.4004381308295164,1.9996988375859688,0.5819620520681822,1.3345102728871747,1.687108175994418
wam_wrench,13.0,1.287140562780927,1.517952146427092,1.7154811393310148,0.6162097367395845,1.3827127675335797,1.6997661992468251
wam_wrench,13.200000000000001,1.2999454308397544,1.3896127693968023,2.3473307841215814,0.6255379215480332,1.4138573869620843,1.7142040652354835
wam_wrench,13.4,0.9690354792678536,1.2903125759052436,1.9581599990611216,0.6402507940151333,1.4072217219100176,1.6463602014769605
wam_wrench,13.600000000000001,1.207275964273922,1.4241848240508364,2.2645536635086794,0.5938372394975592,1.3473200255671884,1.6595095577797463
wam_wrench,13.8,0.9527912232239639,1.4427107638894974,1.830858352593859,0.6602594433955761,1.3554900292536223,1.6337807238781838
wam_wrench,14.000000000000002,1.014440733228208,1.481689602098165,1.9614437361768826,0.6443689194299592,1.3394635394346526,1.6811330916560792
wam_wrench,14.200000000000001,1.0662750052965595,1.3550401064537259,2.004931044257939,0.6260848249600528,1.3904198512912376,1.7055658833994223
wam_wrench,14.400000000000002,1.246713867319803,1.4344062778995295,2.4215384445125325,0.652979475485896,1.342119039526536,1.7221109888824766
wam_wrench,14.6,1.1829329535650515,1.6459339749915154,2.057161187032865,0.6348031325973013,1.3933373728555511,1.7097911046037813
wam_wrench,14.799999999999999,0.9775884627648155,1.2247444802485963,1.7691401685522,0.6175131979408995,1.3786861214122952,1.7196672343731458
wam_wrench,15.0,1.0230597157795043,1.2711839126079474,1.896093952937726,0.6224475795050655,1.3703963919721316,1.7301827649945083
wam_wrench,15.2,0.8765568838615057,1.2117088426128837,1.883596280182367,0.652924761424254,1.3748490657220473,1.7137258654073944
wam_wrench,15.4,0.8710522802126384,1.469851196758972,1.515878352360228,0.6569369612945081,1.3617571897729803,1.6750903621999544
wam_wrench,15.6,1.0044940770472115,1.3386546036149638,1.6933817230774766,0.656957032304521,1.3511454747284113,1.6878111088629064
wam_wrench,15.8,1.0547225256537978,1.333748460892041,1.585732419255325,0.6574057557240662,1.3025402235481909,1.7237274514104404
wam_wrench,16.0,1.0820815102338663,1.4557139358798863,1.9493162092632554,0.6360322375313329,1.3703184307000695,1.7384698594145265
wam_wrench,16.2,1.168959890380679,1.3264086288299688,1.778446852631641,0.6336935609655592,1.3678633450315671,1.745032823117468
wam_wrench,16.400000000000002,1.1973915478951702,1.457668240723871,1.9571532298410053,0.659072016254701,1.3643985609202856,1.7196793743996341
wam_wrench,16.6,1.2086770060124792,1.3491538592072136,2.047184174122293,0.6418370290500429,1.3424260332201412,1.7018115970925076
wam_wrench,16.8,1.0219371963905814,1.3142981251902324,1.8752097032163484,0.6445909523386102,1.3871535575552054,1.7103330161326145
wam_wrench,17.0,0.9256093173882067,1.2440784187525067,1.69894488210804,0.625090421765949,1.405452112908544,1.739781967855106
wam_wrench,17.200000000000003,1.1041146592125273,1.2974310889795344,1.6794764523496857,0.6634561581767664,1.3938634502972553,1.7531611668355067
wam_wrench,17.400000000000002,1.1197878886476702,1.441787468050927,1.718434353839051,0.6682341365764436,1.3483924153677964,1.7459140783023315
wam_wrench,17.599999999999998,1.2542757601543912,1.375213432895018,1.804273352038201,0.6551181887536228,1.3286829889551754,1.717512869755233
wam_wrench,17.8,1.2280433119912362,1.3913908437277396,1.9753016404838661,0.6470268483362158,1.3553951163581641,1.7603670810902332
wam_wrench,18.0,1.032131449370683,1.3619263157217536,2.099820028954528,0.6375781524122467,1.42594259973789,1.8167381316816726
wam_wrench,18.2,1.2713950919044827,1.698612235068941,2.1157208270276753,0.6625525506708756,1.3991215740885015,1.8141510605581157
wam_wrench,18.4,1.220160959126771,1.4809771631371782,1.8103134999554602,0.6606899672623714,1.4462943106326873,1.8367097388369718
wam_wrench,18.6,1.066081912584258,1.294731958298841,1.6430664421725916,0.6716483037324525,1.4238007425838457,1.887755795426342
wam_wrench,18.8,1.0484874763767789,1.4006675814398348,1.7217428168041784,0.6604828774370244,1.4262327479175911,1.89338867899816
wam_wrench,19.0,0.913614339162218,1.1507356608869954,1.4316252436808792,0.6314866049134887,1.4355005111705337,1.9040153998354858
wam_wrench,19.2,0.9941355533528355,1.3189707455439372,1.5688434553839206,0.6222744853592895,1.4235575255378696,1.8892482381078461
wam_wrench,19.400000000000002,1.0864641218353357,1.4144497340527682,1.6455778378645367,0.6339221859740484,1.4235629133121712,1.8939033372869871
wam_wrench,19.6,1.1571416341306713,1.2522674422513997,1.5840202159358847,0.6183874062801094,1.3955904295171124,1.8608647348521734
wam_wrench,19.8,1.0144827983885654,1.43581675969245,1.6266664122961139,0.6215047601604204,1.403027779579159,1.8932234806114172
wam_wrench,20.0,0.9784064244089848,1.3929852450439315,1.6666127376283844,0.6182203344846925,1.3678756011142588,1.9164344834769755
wam_wrench,20.200000000000003,1.0589753208650516,1.3376919222933616,1.7339183869686319,0.637790662659348,1.3991096543442332,1.8625980783288294
wam_wrench,20.400000000000002,1.124972424007484,1.2905003026972985,1.4722041456868777,0.6474602340143157,1.41081363646054,1.9306036819386594
wam_wrench,20.6,1.1349578067772823,1.2595527076067694,1.3814428330372384,0.6107032296649044,1.3904408197393723,1.9206204958788955
wam_wrench,20.8,1.0603561120153513,1.248736659434365,1.5376616983605955,0.6343437857449961,1.3888964159087966,1.9141182831490389
wam_wrench,21.0,0.9889072052767367,1.3599903304118806,1.5076655374550394,0.5952761699122868,1.3924888912555837,1.8935434851350912
wam_wrench,21.2,1.1430808794156477,1.3586426474248308,1.8698601452669803,0.6110101857229654,1.365337082062306,1.9243278675412636
wam_wrench,21.4,0.9322218218296052,1.2429160943068271,1.426402037016671,0.658138058637081,1.3705067718619002,1.9209445914767447
wam_wrench,21.6,1.016909118024694,1.1916321537052057,1.2790085089763565,0.6407517365464768,1.39107298701191,1.9168860922388735
wam_wrench,21.8,1.1506583588474957,1.1879819412356372,1.4714508911035522,0.627231503570545,1.374747127788658,1.9472102203332498
wam_wrench,22.0,1.0746007991803759,1.2466030732048154,1.438489264947937,0.6752260286829037,1.3917099117306158,1.9692525141125448
wam_wrench,22.2,0.932355352675913,1.124834978060309,1.3635260824292361,0.6364996103421021,1.3633011361893392,1.96074032102912
wam_wrench,22.400000000000002,1.0341461517230741,1.178756938532777,1.3494345871013955,0.6723224396504711,1.3684974280064706,2.035726856847531
wam_wrench,22.6,0.9124730719802958,1.117263980082678,1.3210119154105526,0.7352928826283786,1.4262610459101885,2.061084786902221
wam_wrench,22.8,0.799676615196572,1.1052417393858245,1.3980410492801396,0.6435406348171197,1.5078725303312428,2.0660238682885086
wam_wrench,23.0,0.9872454941263101,1.1598761423751331,1.3853776006501972,0.6559855741080775,1.470727309386684,2.062774304863051
wam_wrench,23.200000000000003,0.9500018955309542,1.2018910193236434,1.44507693041855,0.6465410760320534,1.560695538801753,2.073844128842726
wam_wrench,23.400000000000002,0.8938093841311127,1.1596758611640658,1.284135722902722,0.6178693329777784,1.5694370983011994,2.099416671537932
wam_wrench,23.6,0.7999084400327887,1.0105547844886509,1.372851983222077,0.6021638685775831,1.5740264448697174,2.081042709497912
wam_wrench,23.8,0.8288012341152129,1.2682915642137151,1.6935836644636624,0.6329320358700088,1.54580166523589,2.0733242888254084
wam_wrench,24.0,0.8721503485399321,1.2329401658793366,1.8325509080766005,0.6724678695745099,1.5494832130456309,2.076724822147338
wam_wrench,24.2,0.9003410784518248,1.0616543653774213,1.1991430488484986,0.6512889044145498,1.5800990077243218,2.0455279656652476
wam_wrench,24.4,0.9343262901689595,0.9986419939808711,1.3801217061717561,0.6123647820935713,1.5874229622637925,2.072536164599345
wam_wrench,24.6,0.9070381369464138,1.1240232728715824,1.3883456502060827,0.6389910049945907,1.5533788920248206,2.0685007497170935
wam_wrench,24.8,0.8282292688887499,1.0324997249934078,1.3108937108413585,0.6470710467830529,1.5347389225626968,2.1037931749090606
wam_wrench,25.0,0.7046837541881874,0.8909434920142816,1.4023985858960348,0.5810809846591584,1.5760565479758812,2.141436880646156
wam_wrench,25.2,0.7968614422862579,1.00524789116045,1.3410450873258306,0.5861991752116841,1.5510230291552436,2.1183827596840836
wam_wrench,25.4,0.7688509849982977,0.9766665400134392,1.2447823169951864,0.6145479180335207,1.6380608256430347,2.099408871720956
wam_wrench,25.6,0.8901007842115914,0.9614676264912196,1.0605331457433556,0.620639534154776,1.7045020088911162,2.168009568447208
wam_wrench,25.8,0.7831449891475197,0.908698880880666,1.2476713960911392,0.5844950509761074,1.7212773791655311,2.1572006216795683
wam_wrench,26.0,0.7604181169631116,1.0093702466011258,1.2058664022081,0.5763212356529068,1.693224547036387,2.175467245110155
wam_wrench,26.200000000000003,0.9814811476344445,1.0775829144150895,1.415454988088734,0.6356063892687879,1.689256548440298,2.161453862066711
wam_wrench,26.400000000000002,0.752794281916893,1.1168536987368296,1.318121239776099,0.7009586292104254,1.7173238885179778,2.2022142357986874
wam_wrench,26.6,0.7662406074811351,0.9907944028321845,1.4701576087654264,0.7041157549647151,1.7082442276127856,2.2030528085484566
wam_wrench,26.8,0.8389700553544701,0.9883956320410529,1.1652052374275623,0.6652944118556857,1.7809869117202617,2.1838154615794894
wam_wrench,27.0,0.9507362577904505,1.0188129634122536,1.2525640864652448,0.6681373782548977,1.7488744404560073,2.189916810817615
wam_wrench,27.200000000000003,0.7109518382886972,0.9910951888519187,1.3186267317350688,0.6404998580765184,1.7388738046482861,2.2312883190812096
wam_wrench,27.400000000000002,0.7370121253464617,1.0234469766341978,1.301328303408468,0.6478363676995186,1.7734887788723512,2.1879769488400234
wam_wrench,27.6,0.7185158827285167,0.8600189983332317,1.3490555003310571,0.6906723172349116,1.7861085110184183,2.202389329580385
wam_wrench,27.800000000000004,0.7716173183950343,0.8660657603090547,1.316252856174869,0.7128970529242133,1.8168927648249171,2.210751004526331
wam_wrench,28.000000000000004,0.8043817000304011,1.1047425443060606,1.7365417742576428,0.6230365302308624,1.7897678092971852,2.159232007367205
wam_wrench,28.200000000000003,0.84563489703733,0.9967948659353665,1.163680592381503,0.6707051549025018,1.7782889936774675,2.2042192852762432
wam_wrench,28.400000000000002,0.879904906335679,1.0197740440074257,1.1022408126779966,0.6631586663057459,1.7053693727379893,2.2208014323022134
wam_wrench,28.6,0.7914926930546645,0.9504532278912059,1.4231263108126144,0.6649134744490611,1.6772550656414174,2.1845070961450634
wam_wrench,28.800000000000004,0.7316749315268596,0.9917001488324149,1.3838334445782672,0.7102767454370238,1.715329383735301,2.1701241251598073
wam_wrench,28.999999999999996,0.9107449623822699,0.9490646380956842,1.410616979718033,0.6771624982643565,1.7021615573252755,2.199966898764393
wam_wrench,29.2,0.7408063121197741,0.8602599641106827,1.242476216427305,0.6667624828009198,1.6737578884452768,2.1978588650753323
wam_wrench,29.4,0.82469575005769,0.8988320676974001,1.273455725617027,0.6725169473354082,1.7296933312845906,2.2006967154603823
wam_wrench,29.599999999999998,0.8603390805836844,0.9107353696335054,1.2596606713650322,0.6876022868189128,1.726780307752969,2.202457787191022
wam_wrench,29.799999999999997,0.8771007515982328,0.9680920365031547,1.350754738486967,0.7225545107097867,1.7407482742366385,2.219109856709651
wam_wrench,30.0,0.7263402392183789,0.9649416559178378,1.2766824089185327,0.682295576716831,1.7709228496962612,2.2234869297264312
wam_wrench,30.2,0.805084094777372,0.9766543921398458,1.2340560606410087,0.6628753158508269,1.7742834930205083,2.2325935346293058
wam_wrench,30.4,0.6644571720383134,0.8458799090130447,1.2667585608943082,0.6961680047813669,1.7864533170388588,2.243299924664949
wam_wrench,30.599999999999998,0.8269296039505067,0.9249255589139713,1.336811057822041,0.6572354215608509,1.7730328787112055,2.2178588739624843
wam_wrench,30.8,0.6399012394665855,0.8005414138935001,1.0732005008891083,0.6268130460656053,1.7270255149141431,2.2347400845235197
wam_wrench,31.0,0.7797558502969819,1.0100866441029286,1.2625302865789274,0.683823149059967,1.7540136275602725,2.2129199621309428
wam_wrench,31.2,0.6359712767450295,0.9103875494891831,1.5538868851428238,0.6301228925409492,1.7837548822046796,2.2456624512929917
wam_wrench,31.4,0.5925347711654732,0.888928526310297,1.1549676049537676,0.6747572274445649,1.7304460581817702,2.1927683634173167
wam_wrench,31.6,0.7018068556333251,0.7927214227470648,1.0674865425882236,0.6360134931379678,1.737454557782544,2.2849384773367065
wam_wrench,31.8,0.8448153165641967,0.9290055178555088,1.0326052791172653,0.665203807506651,1.795110025605292,2.282141233370125
wam_wrench,32.0,0.8828346566272588,1.0068484866974952,1.3700880730922527,0.6743543636728558,1.7705803080622184,2.280448921938562
wam_wrench,32.2,0.8401009857655526,0.9532697032131773,1.3778747914234615,0.6295209067983536,1.786427013199385,2.264322330757083
wam_wrench,32.4,0.8021100702195361,0.9322391347519865,1.5922024058732134,0.6394037837053711,1.7959468637191975,2.2564922505597003
wam_wrench,32.6,0.7570572879621678,0.9539698998469854,1.6836626413748002,0.6361556924095955,1.7801976642931834,2.2699610921678386
wam_wrench,32.800000000000004,0.8117833973596187,1.1024672457635385,1.8679887846189773,0.6051868280922911,1.8553813245917568,2.2846482971015125
wam_wrench,33.0,0.8035258946769237,1.126580772501998,1.84433058772189,0.6107632111281923,1.8954292644638777,2.2979243592558767
wam_wrench,33.2,0.7506055013098614,1.1478522649149459,2.0551573647051047,0.5973416470167899,1.9029317728321475,2.281271953779322
wam_wrench,33.4,0.842820044543396,1.1782099535836064,3.3675703299388475,0.6199795672439861,1.904027984195874,2.31670729400413
wam_wrench,33.6,0.8522871469146354,1.2973817179822786,3.4825035107921805,0.6275380142371668,1.8509036871232865,2.3029776602872465
wam_wrench,33.800000000000004,0.9330737324493582,1.1487505235983755,2.172423659182462,0.6338002255562816,1.9489274392012383,2.3336304993982115
wam_wrench,34.0,0.6835063974067122,0.9590154142174694,2.0825178236198956,0.6725500977382525,1.9811677968773977,2.309191818148529
wam_wrench,34.2,0.8281234159693716,0.976234252046172,1.656683038785218,0.6454672802553619,1.9531659839206492,2.348482162215979
wam_wrench,34.400000000000006,1.0264597184621915,1.2331441940509382,1.281437878884965,0.6456046667335953,2.008030307700752,2.3489409754218573
wam_wrench,34.6,0.9039612372458466,1.1788768889457704,1.4592662320455703,0.6633396894650395,1.9243507998689513,2.3081334011725683
wam_wrench,34.800000000000004,0.7039981258798604,0.8230284484129815,1.1670726677882546,0.7130262344855843,1.905812479511373,2.3310119315437627
wam_wrench,35.0,0.8839053643984762,1.167525250103711,1.580880730904075,0.6725736087442301,1.968381572359786,2.326113187152803
wam_wrench,35.199999999999996,0.8792041007349571,1.2025936168823392,2.2790097909555707,0.666883983532892,1.957885296545216,2.3522395896117128
wam_wrench,35.4,0.7930420657045001,1.241688721205647,2.0186690199685713,0.7951048934831125,1.9780944539287213,2.3735623458630197
wam_wrench,35.6,0.7794212643652887,1.2133282394224816,2.0554215157387286,0.6832850268167996,2.018937853869208,2.3928193927040375
wam_wrench,35.8,0.7553003253552054,1.2036901398042248,2.4577377367140913,0.6805319442035771,1.987244145596209,2.384220827959365
wam_wrench,36.0,0.7635245494187892,1.6074836815007691,1.7518983752416994,0.7213234215410593,2.0101810250948287,2.3911179688999797
wam_wrench,36.199999999999996,0.8056326369409423,1.2891854978830586,1.7094295445962775,0.6724915716076093,1.947636738041151,2.3518040595678738
wam_wrench,36.4,0.8060263224552098,1.2264102045951357,1.644540302091317,0.6645234584616933,1.9289705882139172,2.379220101789614
wam_wrench,36.6,1.0462325308102751,1.4324534525290105,3.0536874759308104,0.659464099648954,1.953497318154372,2.402138299000185
wam_wrench,36.8,0.9883280999054024,1.4181576670263318,2.250004630527841,0.6629180367520928,1.8538772007672835,2.3739114607316525
wam_wrench,37.0,0.8908559568258141,1.5004289709407792,2.9008515774656467,0.6277443609277265,1.74143731588238,2.3548759259933787
wam_wrench,37.2,0.7779399425849366,1.4704178731150293,3.0593848985917425,0.6922691157929137,1.928820731337469,2.3564554639635524
wam_wrench,37.4,0.8805440423110794,1.0320403366108901,3.980294369224038,0.7040130746742199,1.8113466659965831,2.3652151370840473
wam_wrench,37.6,0.7356856124538174,1.1219018087014467,4.313080579309664,0.7076042820199546,1.8867633671705577,2.3750509506786996
wam_wrench,37.8,0.7340883599444492,1.2540306942843453,3.753846644968607,0.6705416727131848,1.9598596118990534,2.378809028527652
wam_wrench,38.0,0.7201309552136366,2.009335878216805,3.812299486549382,0.6892370207921878,1.9152227788732643,2.348685656189687
wam_wrench,38.2,0.8376446343622734,1.5757026302116213,7.525554913927056,0.7734933082363744,1.9413511502367016,2.3456712116057687
wam_wrench,38.4,0.8364806904888921,1.4433021461062634,8.726247009306256,0.8459208153013379,1.93333489166044,2.3718628355242686
wam_wrench,38.6,0.8428118806227443,1.1507118193423334,8.509501580011188,0.6810117865990105,1.8950429266409148,2.3668575053121623
wam_wrench,38.800000000000004,0.7930649735278492,1.0685919692081702,7.380083529335282,0.6893921803200314,1.8902618829472793,2.337634633978044
wam_wrench,39.0,0.8995938666570428,1.2627823408776586,7.218667356971527,0.6382645859484848,1.880774314786325,2.4030100463794586
wam_wrench,39.2,0.840330415647141,1.1794404006788028,7.390948410421121,0.6948983694742041,1.8495593105420476,2.3401835436430303
wam_wrench,39.4,0.8965314378506691,1.1060711390510791,6.485531579738268,0.6454948598760529,1.8663837540156798,2.3301798953681234
wam_wrench,39.6,0.9996607171652092,1.1771607833221645,6.202732670919072,0.7448300275494456,1.9527779986168843,2.372562649728801
wam_wrench,39.800000000000004,0.9647145505696113,1.6540698218319045,7.737153508803262,0.7232997829834622,1.9560361297577225,2.377756474180816
wam_wrench,40.0,0.9691830681479078,3.0064729034741884,12.738680239486676,0.694846547207106,1.9388705073884684,2.4237930622752275
wam_wrench,40.2,0.9241192962187378,4.479095547948882,12.607449678145521,0.7285523648513961,2.017334692792145,2.41454209098937
wam_wrench,40.400000000000006,0.7879140853821002,5.913386891772469,13.171340724638707,0.9238522667140963,2.0075762766722236,2.4359104208693245
wam_wrench,40.6,0.9095709502432912,6.594762448572732,13.875814781618526,0.9624171152957974,1.9999043781095631,2.511653951752467
wam_wrench,40.800000000000004,0.9842243061413849,6.680716284971641,11.895607483103905,0.8079666793687665,1.9260042077514032,2.5624602853544554
wam_wrench,41.0,1.1249230822662972,6.540629612758458,10.912922285727092,0.767715685449748,1.9157380554066383,2.664823094348491
wam_wrench,41.2,1.0400093706225126,6.842124298426739,11.450454400255342,0.9036316438358081,1.7441495004267789,2.588485178286963
wam_wrench,41.400000000000006,1.9941184846697013,7.374073731259588,12.338663411445062,0.8591830452706335,1.8328154992863936,2.9496355160517242
wam_wrench,41.6,1.7414775964402573,6.341626157383306,12.801794219012171,0.9570816013921883,1.9389578541721386,2.822211221755436
wam_wrench,41.8,1.7393938707292709,7.508434738522463,10.773162462091245,1.0758662784843653,1.959430369980228,3.0455127096999344
wam_wrench,42.0,2.0073374038864253,8.120332999697144,15.48125508066048,1.1403697087609381,1.9706669958889749,3.3255371479307962
wam_wrench,42.199999999999996,2.3119969957832316,5.141203483294212,14.331718535061373,1.2448809005243766,2.112450150224327,3.3638283120889843
wam_wrench,42.4,1.9532021808783846,4.289850401355171,13.738687617430667,1.252340905556924,2.0999383588295855,3.4513127922519
wam_wrench,42.6,1.4660172153025552,3.867945580656964,16.21703182269034,1.2441100340866764,2.1160172836684192,3.530375644604776
wam_wrench,42.8,1.3631830473544566,3.4987379620471657,12.806281418348593,1.1961943194541473,2.105058191887772,3.5470361294527355
wam_wrench,43.0,1.6323190611794276,3.5362746878967215,7.828091801359234,1.3238646440572932,2.1250617188438476,3.5560103233502516
wam_wrench,43.2,1.3476656284313548,3.36056233025753,15.21586170005826,1.3561308914854455,2.189984481446789,3.57957358289057
wam_wrench,43.4,1.5552366522126633,3.4711090358709225,13.64090113653481,1.3222415783428205,2.1606866392852657,3.6650167365224617
wam_wrench,43.6,1.1061039738483958,2.5603365891780916,11.77949004574122,1.3422304793721491,2.1822129201648703,3.6423547478345633
wam_wrench,43.8,1.490013853916028,2.619057841841241,18.06423364676577,1.328196867757144,2.1947188056843325,3.5407473224902675
wam_wrench,44.0,1.8303805950872474,2.6678145501117467,17.384706804823757,1.287756245818818,2.1829276755555327,3.5313978638168217
wam_wrench,44.2,1.8248996869630976,2.8190415850208583,15.95748829028826,1.2622069069485624,2.1622744939016,3.4398658247354774
wam_wrench,44.4,1.9469828186563807,2.5094263542736783,11.87131216159694,1.3256513293477274,2.205046647868244,3.622588915469945
wam_wrench,44.6,1.8431360193934576,2.5477389597853173,8.946169043634889,1.358698495594748,2.1913702799604593,3.7275581527893413
wam_wrench,44.800000000000004,1.6871706304327634,2.582307441177684,18.26925790094193,1.354772433509783,2.1919416091360775,3.8460998330733167
wam_wrench,45.0,1.7441146089556363,2.772883941207888,16.794251488705072,1.2948826243057192,2.204704953177589,3.7765282300377914
wam_wrench,45.2,2.0877004751392283,2.6965839622620833,16.49281508351887,1.3879238238455365,2.187127505900269,3.8710741182075794
wam_wrench,45.4,1.9127975525410834,2.771504731326133,16.873528723178538,1.4172390990001162,2.2910132834059542,3.6475197852615096
wam_wrench,45.6,1.9407971743390857,2.810020056462732,14.098322858203051,1.3620575127278356,2.2429235579438,4.028020362965041
wam_wrench,45.800000000000004,2.2297998484460826,3.3856523081873746,12.428160792343014,1.4208663922266076,2.2141899560817726,3.8242263613237797
wam_wrench,46.0,2.0574910179665964,3.68713470212428,9.754556349681835,1.3047564884478242,2.2095001161689773,3.991399766079482
wam_wrench,46.2,1.9169810176892854,3.6131842261957288,5.4109959074009115,1.3308152704509923,2.270924048758354,3.7383133530379764
wam_wrench,46.400000000000006,1.903241663257125,3.07672621062145,16.04777563299804,1.3902016487507318,2.268685662365611,3.8033587347611917
wam_wrench,46.6,1.9958072692278568,3.6163945105815873,16.552093822783522,1.3238045817659387,2.2669564913251787,4.043576936429912
wam_wrench,46.800000000000004,1.97056603729115,3.2906368793747114,16.73301279635775,1.3114492709937517,2.2930324768373818,3.9337056314483143
wam_wrench,47.0,1.6077015753038617,2.8139383214833793,15.641189570425697,1.3900797944431704,2.2678535710434553,4.080346310654092
wam_wrench,47.2,1.5892763827539407,2.9554232601122914,14.619866112480997,1.4271647054834917,2.1949234967777604,3.9207767888832237
wam_wrench,47.400000000000006,1.4441544493970493,2.7407256126594803,13.513015665059623,1.342890549222131,2.270206327344184,3.610394987487708
wam_wrench,47.6,1.59736388768855,2.6097086438197836,10.895518511979596,1.4690178474421984,2.2799901999406624,3.7244091978687446
wam_wrench,47.800000000000004,1.997877071267401,4.865177509679457,7.546380594602922,1.4226874860981558,2.3353948031575475,3.6920296564443964
wam_wrench,48.0,1.4689689177509835,5.325547807958129,10.23136965633015,1.3860900781695558,2.3012622250269517,3.5541886388257864
wam_wrench,48.199999999999996,1.4592965589778275,4.985032510049132,13.5972565421574,1.4728925305319303,2.304966238088618,3.9601160514476677
wam_wrench,48.4,2.4565394578168713,4.7336712752535375,17.8804367524652,1.47913050529493,2.2775724823554433,3.771903138872874
wam_wrench,48.6,2.729529736734419,5.4361862407123915,19.306929735316263,1.4373534448462797,2.2311970528688794,3.644910883617876
wam_wrench,48.8,2.9751030571368062,5.980188093073906,17.031712741689944,1.4675607546641825,2.3094099999484223,3.8370337676656234
wam_wrench,49.0,3.0706921903442828,4.798705861055241,16.155663326297635,1.4940667586682224,2.320916868357579,3.7107914811784717
wam_wrench,49.2,2.7269390079461764,4.813990577096192,13.726801383634612,1.43007561316883,2.3569240635927136,3.7365530886705924
wam_wrench,49.4,2.426958510625329,4.641539878926026,9.010327331401667,1.3918641287671478,2.3335113134175183,3.7801903367797585
wam_wrench,49.6,2.8214191496949264,3.9849432496665838,8.758062464359213,1.356696085391778,2.3113410262469567,3.759568115256448
wam_wrench,49.8,2.906595994327061,4.273969180917479,8.5092404458406,1.4025848370930263,2.2514508894416587,3.7156255778896976
wam_wrench,50.0,3.1474633379430523,4.841832580333012,10.138468100881802,1.4087455276488554,2.247246420238928,3.8547452112979106
wam_wrench,50.2,3.278088315359637,5.322123102615082,11.445866523700381,1.4045247176791837,2.2220505930665646,3.7736716043762377
wam_wrench,50.4,3.169543005112293,4.558142192380236,13.010337599707784,1.4316263932662405,2.213918224225085,3.763434671074114
wam_wrench,50.6,1.9005510688942955,3.7945585657560246,12.722666494137075,1.4569264494960872,2.275009209059195,3.741244802282616
wam_wrench,50.8,2.4392397839322384,4.3068040711862485,11.854092356330998,1.4733145028271515,2.2986608341339188,3.7897029834210985
wam_wrench,51.0,3.433822400185536,6.541938790552191,10.573557573273039,1.3852249696907941,2.286836174982467,3.7418010897863168
wam_wrench,51.2,3.488846356807482,7.495339567617388,11.953698032251907,1.3379503778156865,2.290552826854455,3.756153219552811
wam_wrench,51.4,3.500171729895877,9.053431823744598,16.74690007872539,1.2775262480269876,2.245969647866254,3.6381970516651077
wam_wrench,51.6,3.5677731185901957,10.034243845990146,18.508022281726397,1.3565110410862256,2.2548713669537563,3.6712086816811116
wam_wrench,51.800000000000004,2.081078452188307,10.409458835666817,18.213794039726757,1.2449404056624949,2.143069637378872,3.659577694665403
wam_wrench,52.0,1.8468445001708567,8.708523623873084,19.05506776450415,1.3194294836056644,2.1784572825652355,3.5843886135401055
wam_wrench,52.2,2.2192822900834996,8.632511892607326,20.184666101171082,1.2526897718328185,2.2627621983417034,3.676486574560652
wam_wrench,52.400000000000006,1.8987504808971307,9.349207371275464,19.689843731025007,1.363504034537904,2.3452079867924933,3.824108613368477
wam_wrench,52.6,1.9517860288832098,9.411398109144724,18.66896956143386,1.370008606332112,2.3963367460190885,3.927548846618609
wam_wrench,52.800000000000004,1.9888724922770402,6.705345774574136,18.34701190321652,1.4407411765557465,2.364695047330827,3.8824091123456186
wam_wrench,53.0,1.6286068875044695,9.368218225271857,21.6401307186448,1.440151432526381,2.4213084948424974,3.920801007776736
wam_wrench,53.2,1.473388072294639,9.072543452362478,21.88631640893491,1.4543671625765653,2.4114730403826368,3.9274569899929643
wam_wrench,53.400000000000006,1.6192860304609393,8.200716965424995,21.261882078674056,1.4376129910067041,2.444350942697699,3.980241386293007
wam_wrench,53.6,1.3583802418829114,8.392974675049112,23.16625034600224,1.4786253693654559,2.4861865973021438,3.9304054976162535
wam_wrench,53.800000000000004,1.6650819373226589,9.827713360034643,21.943328176565608,1.597025970402272,2.4434904317500723,3.9544308996651054
wam_wrench,54.0,2.463963800801755,12.493203147512158,19.466959901101497,1.6628098029659275,2.449968798959762,3.923568643496424
wam_wrench,54.2,2.5377742647500465,10.77520285464571,19.70189624139567,1.5784263828961984,2.522981690204803,3.8893253765348885
wam_wrench,54.400000000000006,2.5797197847610462,8.955087301041242,19.53206372701887,1.556770566435468,2.465137189162376,3.880719374901443
wam_wrench,54.6,1.648100942209562,5.747339048682845,20.883430849648725,1.5009336964324933,2.462860658100216,3.8192272621289645
wam_wrench,54.800000000000004,1.6080088123855028,6.854127097150668,22.642480621524,1.5253911937750029,2.444176815178101,3.78797639344612
wam_wrench,55.00000000000001,1.56314782380701,5.166934619639822,19.654632846509717,1.5612937854462916,2.397385573517345,3.725359222383218
wam_wrench,55.2,1.567799803964851,5.5201263997122325,17.993754417702892,1.5528485966160293,2.42053197699727,3.8320461163861035
wam_wrench,55.400000000000006,1.586624575607197,6.459910346559978,19.0680918467567,1.5879557881052535,2.3718849323762154,3.7698844964098575
wam_wrench,55.60000000000001,1.613418978494497,8.51253031323987,22.006643363231237,1.5915293644784108,2.4141948594285587,3.810667009977209
wam_wrench,55.800000000000004,1.684469780120594,10.410269262932736,20.6085883786482,1.5751870731305977,2.4077039240148808,3.7130383835012175
wam_wrench,56.00000000000001,1.7338278658185071,9.798313909429545,19.548772439252282,1.5733988998483495,2.4071108349048083,3.878695850068353
wam_wrench,56.2,2.0056169354006856,13.57197243166846,18.613552796322946,1.5682698326350668,2.48103833594452,3.8394388354626092
wam_wrench,56.400000000000006,1.9862986213127714,15.059952648268403,18.65662464187055,1.5699025812376288,2.469375082050116,3.8078053007079036
wam_wrench,56.60000000000001,2.2975049236249063,15.513689086367584,19.419687807674826,1.5758402775051805,2.458879270396836,3.697584818787692
wam_wrench,56.800000000000004,2.060752967154284,14.757218024031548,20.275064507951587,1.570187690291255,2.439775879813733,3.6338696744671357
wam_wrench,57.00000000000001,2.0310411692328714,16.414754490842185,19.655201075891693,1.5861287797770964,2.554575227326163,3.665058777044416
wam_wrench,57.2,1.9756083050688065,15.757071367729477,19.736254000014675,1.6442185396937217,2.4337157642341274,3.7101507725197016
wam_wrench,57.400000000000006,1.8711134687929756,11.261331491360743,18.913009864913477,1.7220650668196273,2.4494618234434515,3.578589433485764
wam_wrench,57.60000000000001,1.491051482196481,8.626231075054346,22.88512977922709,1.6759997945231166,2.5050578177407834,3.604508676498204
wam_wrench,57.8,1.4145866207866828,7.410869792668389,23.251681359752148,1.7205405946468342,2.517999014229959,3.6518091441123453
wam_wrench,57.99999999999999,1.3117483949134396,9.396691076764421,23.61391130597839,1.727018069237205,2.519367977674199,3.79794764049463
wam_wrench,58.199999999999996,1.362423927022638,11.535521294210437,23.788987053335575,1.7174289215327507,2.4202777721125104,3.7613340000387208
wam_wrench,58.4,1.0237857360180096,12.184579704456981,23.88120826975525,1.8190362140470908,2.434950978449821,3.693865227435297
wam_wrench,58.599999999999994,1.0374762894608165,10.752330955453589,22.91396960731177,1.8717870810872421,2.4768282910946957,3.724931008949071
wam_wrench,58.8,1.09705374260146,8.957551458895455,21.816674323486122,1.7871490235930991,2.409665106798866,3.494958397228966
wam_wrench,59.0,0.691980858203981,7.524271849786272,20.10492007449742,1.8091111941173592,2.378429981281127,3.5071718314769798
wam_wrench,59.199999999999996,1.0813523287567017,7.819795301724518,18.67161432695292,1.6828883188672468,2.3495479801870567,3.478753917937256
wam_wrench,59.4,1.6551145291357343,12.30805208459188,19.61971883551363,1.6228819896193911,2.3409778045960103,3.3749800277866946
wam_wrench,59.599999999999994,3.2677323250439065,17.203040020365293,23.806916157468756,1.6099835390085355,2.3558040649261156,3.304613071072287
wam_wrench,59.8,5.348889405316514,19.078720514615846,25.077126121258296,1.6583787318672238,2.3298788132806916,3.2874117158149705
wam_wrench,60.0,5.397422943361416,20.397738928818576,24.991217660443965,1.7604017864995687,2.390692258320281,3.211727991951209
wam_wrench,60.199999999999996,5.556658119637442,21.178034861828117,23.79198120920318,1.7680199669612344,2.376332388514475,3.4328982797366354
wam_wrench,60.4,5.523296944759835,20.37058574825727,24.09531223356483,1.700862751136077,2.3875527579407216,3.352228069162461
wam_wrench,60.6,4.413175087037168,22.910289310904922,23.785094344305413,1.7012367603408334,2.4191670787627024,3.579762650905911
wam_wrench,60.8,3.3351108550871613,23.273249305056865,24.105193149535456,1.7282277444332326,2.4308621715639993,3.407272760539019
wam_wrench,61.0,1.6415645170310706,22.705620492582945,23.707861049603586,1.6587132761252072,2.4052278529707514,3.3872345487887845
wam_wrench,61.199999999999996,8.398166746305105,21.891971753598597,23.25311695261949,1.63061688523553,2.3569332624393824,3.427642648587887
wam_wrench,61.4,8.019840856020766,20.747711172270446,22.9062557059693,1.5538713652375784,2.328887396171811,3.588136104907101
wam_wrench,61.6,6.73882581854301,18.095290110629442,20.896503676569203,1.640365139814335,2.37095884072787,3.389763654202819
wam_wrench,61.8,5.60786075429197,16.664284495760807,19.373542530769896,1.5898484981239447,2.364896346265791,3.3513735716830566
wam_wrench,62.0,4.739670613767083,16.203011320815317,21.207150367801894,1.5858297422575618,2.4027900399216766,3.321642850108901
wam_wrench,62.2,4.338866596191561,14.707169643361805,23.31720185312717,1.5620288127628645,2.4090912941385705,3.3417584217581076
wam_wrench,62.4,3.757772510090918,12.948371998133574,22.884692222281064,1.5606514940238634,2.3989888708091827,3.267938451877529
wam_wrench,62.6,3.8748722567549154,15.252282212713864,22.17921284509321,1.55202561140341,2.360520813146237,3.283280926602726
wam_wrench,62.8,5.473700723869953,18.983220254704136,24.075531143468766,1.509817434326908,2.3397626466739005,3.348308067717613
wam_wrench,63.0,4.414929456517058,23.142442104407124,25.16694705304239,1.5438385486191577,2.3026632563737635,3.1559922711735036
wam_wrench,63.2,4.128506766481912,23.915947120535055,24.784520944798643,1.5422236410493106,2.4085940973545514,3.0972766028323035
wam_wrench,63.4,3.808255179730276,22.71051512862077,24.378127734805336,1.584163085446822,2.3780538580417385,3.2966512251507396
wam_wrench,63.6,3.980049418808811,22.055250842142144,23.474073899341818,1.6221182282558708,2.3255447290478415,3.4295492273358024
wam_wrench,63.800000000000004,4.0212931116130335,19.94235563291239,21.689094587093148,1.605036493814945,2.358088192058413,3.661907595401901
wam_wrench,64.0,4.0837635454423005,17.290935819535854,19.102083022758073,1.6131754315523446,2.3562021587847553,3.5380375584281727
wam_wrench,64.2,3.7790950946697803,13.927058641243896,17.70551177181101,1.5886253959037597,2.358144569588705,3.6072044318513226
wam_wrench,64.4,3.303874699582911,14.787738085686737,19.792034621336434,1.555629550278246,2.3571691179579832,3.634555121033888
wam_wrench,64.60000000000001,3.1431137067011345,13.870331779613576,21.617313797470835,1.5965623196261531,2.356220490955502,3.6581240970016196
wam_wrench,64.8,3.9244423569537084,12.586854114102419,21.990745256233755,1.7064127841305796,2.3754837284103907,3.798653150716581
wam_wrench,65.0,4.665439975749966,18.480432161933926,23.15853316902012,1.6738437834782944,2.432469973648195,3.7023533229046715
wam_wrench,65.2,5.093338888004078,21.491245912470948,24.104813319342995,1.6710476952153788,2.415305763240569,3.7707422580432803
wam_wrench,65.4,6.133353340913169,23.37450221538588,25.438777945592296,1.6853776110395986,2.409309378482748,3.8251831020334057
wam_wrench,65.60000000000001,5.79915085875721,22.110462071041653,25.22101621917119,1.6488656021261683,2.3777659341267525,3.826214468455884
wam_wrench,65.8,5.273849190285656,21.477125102610767,23.943996014319964,1.6109041605860848,2.344467150371007,3.8855167558009667
wam_wrench,66.0,5.9209893165824194,20.36942482515358,22.826457451519598,1.5759758828235686,2.331448538467234,3.781056656375253
wam_wrench,66.2,5.701466098285297,19.10012746052316,22.361808373876126,1.6695119151855478,2.3929078235821066,3.8878239379064845
wam_wrench,66.4,4.815579228139429,18.007000363363986,22.246528166582294,1.7230553950085068,2.3226098103050887,3.9544691229331783
wam_wrench,66.60000000000001,4.466152782355488,16.394003892761972,21.258423677716834,1.6741243635110064,2.397017980367974,3.7478468480275433
wam_wrench,66.8,4.228785688541141,16.020130958388513,21.32652613819656,1.6815173926796134,2.4475490747713042,3.5977661837635946
wam_wrench,67.0,4.32102917200919,14.209593047109065,19.291801042277136,1.6838696963043547,2.444953861156837,3.8221542274010947
wam_wrench,67.2,3.905226370322617,12.29752885882349,17.185086486411656,1.739486927983825,2.418696013421461,3.908218631819893
wam_wrench,67.4,2.641667531857188,13.406561438874977,18.171406712543195,1.7469115670882218,2.389313006112362,4.04721963982715
wam_wrench,67.60000000000001,3.6710529245070163,15.188790086226874,23.541048450098927,1.7224664478387748,2.377637044575608,3.8826872433938675
wam_wrench,67.80000000000001,6.467288005212506,23.2917365403128,25.1244377165511,1.702236465224281,2.3753864836000678,3.7959510771736324
wam_wrench,68.0,6.97098923894999,24.45756558882161,25.432378146873006,1.7253685336562607,2.455637402365878,3.7439371929773064
wam_wrench,68.2,7.0496092479894905,23.38416173877821,25.308132823863456,1.7122602842365926,2.4037842238883127,3.660146154395641
wam_wrench,68.4,7.044891196059706,22.13348574741991,23.469632409395523,1.672852630617218,2.4172550554070544,3.6965345577759843
wam_wrench,68.60000000000001,6.364726354930372,21.196293128511634,22.072444057011715,1.6357804585445648,2.4802318675539388,3.6538094918071584
wam_wrench,68.80000000000001,5.14666764395322,19.962193921005714,21.613087404849587,1.68885410274254,2.393662542683357,3.6782923199774085
wam_wrench,69.0,5.397142705837123,17.811831026051316,20.50991191570734,1.6657641460815846,2.39267981965239,3.674427776830107
wam_wrench,69.2,5.146127461034421,17.320651617822236,20.58282648365616,1.647035192814637,2.3639391589659158,3.716441702945721
wam_wrench,69.4,4.531280528640513,17.066084564186596,22.789979468199014,1.7304155005968094,2.402566551493262,3.575932115073455
wam_wrench,69.60000000000001,4.419991647643441,15.619812046058879,24.13942116274089,1.7704679001152392,2.4807584905114113,3.6216038572838998
wam_wrench,69.80000000000001,4.652279418774986,15.797473270434626,22.040374662509375,1.9213000756201006,2.4830376195352746,3.6632863017326067
wam_wrench,70.0,4.693045640156981,16.661933997209243,24.21692032715276,1.7700256954450466,2.523513654714483,3.7458937341284013
wam_wrench,70.2,4.944102089628377,19.686195922457838,25.065589116704103,1.880704545871415,2.5301076785046157,3.61192478211835
wam_wrench,70.39999999999999,5.429002481097061,19.68628692189814,24.96052307875356,1.9556199180081404,2.4731167866552295,3.7050521849770623
wam_wrench,70.6,6.942753195746164,21.089341913235607,25.032880936241607,1.8998272729215262,2.4684003756748236,3.7794893853444336
wam_wrench,70.8,7.380691554640581,20.50220003739931,23.452517802950187,2.019167467583417,2.4995787933822764,3.797118869188466
wam_wrench,71.0,6.98456487807257,21.843885659481877,22.550108748686817,2.033400281894902,2.565837152910794,3.838285182627767
wam_wrench,71.2,6.266358825076562,21.98633599701135,24.013155261156008,2.064383932112868,2.471101434313865,3.951532093871395
wam_wrench,71.39999999999999,6.087397580204424,20.93532007589647,23.107735239948717,1.9591987339172137,2.547520196334885,3.9517708013096833
wam_wrench,71.6,6.290921281054539,21.797464044279735,21.929550545827183,1.960470500195746,2.579530756081751,4.111666759685696
wam_wrench,71.8,6.354813071828396,20.190717665701413,23.83986775857428,1.8679435427322608,2.5285919924133182,4.11657145525122
wam_wrench,72.0,6.1642946791747315,19.155223600069597,23.639696178830036,1.955815147078012,2.547166744674223,3.8375477043025734
wam_wrench,72.2,6.287605291768361,18.674981439050697,23.536217395421517,1.9161788512459723,2.5317275195761653,3.727882646960108
wam_wrench,72.39999999999999,6.885302986855724,17.434813937521348,24.696660367640092,1.852849195185415,2.509564974015997,3.785240883013759
wam_wrench,72.6,6.975288599060408,20.44630751385558,24.244156195001718,1.953244848149637,2.5850780352148024,3.768855955500622
wam_wrench,72.8,5.689363836360475,21.19766946362189,24.60284181383682,1.9414993669989373,2.573081190984293,3.776926087205553
wam_wrench,73.0,4.733393104105234,20.316625147665242,23.62422383275014,1.898762929256554,2.5629310871653765,3.7087608349520504
wam_wrench,73.2,5.272193233798908,21.240402940135667,24.085347476057667,1.880420833342203,2.5685517417833084,3.7074662798461526
wam_wrench,73.4,6.34367167325275,20.847309965801212,23.559500433166455,1.8918725443429254,2.5633258936640746,3.7046372090864175
wam_wrench,73.6,5.264716974535686,21.128561570434336,23.097048995783375,1.8503213969462067,2.578096894879078,3.666876380666444
wam_wrench,73.8,4.47118849248113,19.11744125554746,23.51824415543376,1.8133177365589386,2.587941994690354,3.6897896363347407
wam_wrench,74.0,4.597324995334316,19.053589010286238,24.198216046493872,1.7866958643366944,2.463540861732832,3.86045488269604
wam_wrench,74.2,4.977585989261255,19.849656868542443,25.03411974593027,1.7437353683991712,2.5833216803971646,3.833329319387737
wam_wrench,74.4,5.194147448271494,22.43990051731517,25.063721116126167,1.686499338200039,2.5721659978545133,3.707226888319908
wam_wrench,74.6,5.549321343971977,23.452605240081454,24.001761190061764,1.7155270006597014,2.5650661696183437,3.6305627674684535
wam_wrench,74.8,6.713109936384034,21.655815090428455,23.953315921951813,1.7108376714794402,2.596439359352713,3.7212775801040694
wam_wrench,75.0,6.8637233883382045,21.731989359940272,23.10918020625298,1.7408822615166224,2.630453916223701,3.6916709728799177
wam_wrench,75.2,8.041955098495112,21.63240751135808,25.950509525029464,1.7673553242913667,2.6359684692972944,3.725712376636197
wam_wrench,75.4,7.597418832524126,18.750440902029034,24.662090293357117,1.725756755507311,2.605191207450512,3.7607011911776635
wam_wrench,75.6,6.446468690291526,16.848326840555693,21.840495264204566,1.757486739995754,2.599735426829252,3.90818440438131
wam_wrench,75.8,5.877951323603398,15.93355235154334,21.806005873901896,1.6817866292511923,2.6494722417061993,4.169139294681288
wam_wrench,76.0,5.740482312563501,19.036830808727874,22.854452523648135,1.7480611861204054,2.656372360973058,4.080117240779235
wam_wrench,76.2,5.26652389748315,21.50505569562236,23.893339636798334,1.8437687656112245,2.753444391871819,4.234172428743583
wam_wrench,76.4,4.7075109221941736,21.130193952111366,24.3686330349978,1.9383083543387973,2.7299687989235473,4.434643106342467
wam_wrench,76.6,4.5056336640391255,21.588861115199222,26.318924692013614,1.8894405302473867,2.81863549957354,4.332911253869674
wam_wrench,76.8,4.526233748710809,20.292850739449904,26.497223779339233,2.0087101363677986,2.8030008838205362,4.3034182677723365
wam_wrench,77.0,4.582776199834569,18.359392795185023,26.689725350170676,2.012445972362773,2.881698758046817,4.358796263010433
wam_wrench,77.2,6.2897164698497985,21.023367277912207,26.211672652965106,2.087075455990885,3.0519684876234034,4.3550637724664085
wam_wrench,77.4,6.115908370995658,23.16659025918111,25.43286803522116,2.0813787821188448,3.122113256721488,4.490712339559305
wam_wrench,77.60000000000001,7.4827384874951335,22.88061865449921,23.661677707675995,2.1000755744816146,3.188028228641922,4.558000595349797
wam_wrench,77.8,6.5399750681189355,22.60915187999439,24.71821000561769,2.1211748981139134,3.225094901975789,4.678704845547038
wam_wrench,78.0,5.982581995501473,20.769661296422584,23.802662241187324,2.2333253836995084,3.1281266982242015,4.5267814193246005
wam_wrench,78.2,5.657229895604248,18.986459961884343,23.432051492543394,2.1358148909572576,3.1283580698123554,5.007671188535516
wam_wrench,78.4,4.9895181561470245,16.779626468717158,23.522536735190407,2.1187824345100044,3.144609068940728,5.035692332182839
wam_wrench,78.60000000000001,4.801565412676906,16.407839538979676,21.803640711652516,2.1340749868597393,3.2799607621271423,5.106534532226324
wam_wrench,78.8,4.5665043638192,18.142821936065424,20.08000244031843,2.1212795147131125,3.2415371450130195,5.082737285680449
wam_wrench,79.0,4.465812366541561,16.4403316087214,24.412366758261655,2.104358317736095,3.2915424094776373,5.158224344319175
wam_wrench,79.2,6.5742659531407455,18.960931858930685,25.41213552656113,2.1759063589425964,3.1691474867431078,5.015276611248286
wam_wrench,79.4,6.613668766975817,23.651003479711513,25.629148625329712,2.051443792729778,3.052806582226205,4.945169409523145
wam_wrench,79.60000000000001,6.204174480918374,22.744152569248236,26.33529956720699,2.042319596610316,3.0009600669740686,5.051824413275353
wam_wrench,79.80000000000001,5.863064258053244,22.24085083189574,26.793388789298504,2.0507651570025556,3.111613838443776,5.385595155935353
wam_wrench,80.0,6.359030225096253,22.294880469434396,25.870182498947646,2.0630153662455464,3.191636633551333,5.345403936010004
wam_wrench,80.2,6.507097557526274,21.063436289838485,25.34420667338183,1.9827670092318632,3.2733938682558317,5.71492829448825
wam_wrench,80.4,6.608443565006774,19.958502593919125,24.410986203576805,1.9268939184755998,3.2651376077725236,5.687667377698924
wam_wrench,80.60000000000001,6.46859721929809,18.93193811886266,23.297362101631954,2.0081420411884805,3.262821530542723,5.7212319566684435
wam_wrench,80.80000000000001,6.082959880595036,20.058095353825486,22.208929331699128,2.0543141524603366,3.2317081197947117,5.4296045073388175
wam_wrench,81.0,4.013001094292099,15.116080708338949,22.04729304328813,2.0633057311708267,3.274585218582031,5.867330853410678
wam_wrench,81.2,2.7702288001048587,13.944986139775668,20.449529346243068,2.048043681545973,3.3130864221504983,5.774920726085816
wam_wrench,81.4,2.6856429112718874,13.565976730653205,18.86049791094634,2.1109006531292476,3.276563562561769,6.118083851970166
wam_wrench,81.60000000000001,2.7102835577276876,14.359468522929951,19.833528844361,2.1333256860804344,3.293519621065112,6.096785566287036
wam_wrench,81.80000000000001,3.276140660972983,15.734003443072073,25.670865897417784,2.0839405140461373,3.357634985834021,6.04412398140353
wam_wrench,82.0,3.259413463052291,15.803383679008943,27.128507978162617,2.006770955789775,3.381566972282979,6.041715447789552
wam_wrench,82.2,3.190113106695116,16.517848206283354,27.69217974606383,1.924810719842614,3.409533264167272,6.030032046703873
wam_wrench,82.4,3.0643395503200064,18.407311398590945,27.691511610436493,1.8777146071786452,3.274477603951195,6.099443740614481
wam_wrench,82.60000000000001,3.095165712926215,20.107358736090696,26.562338921574053,1.8175128463918333,3.2948419121968,6.0485800646688315
wam_wrench,82.80000000000001,2.970051183418311,18.772933201278086,25.84526378486632,1.84566348567436,3.097739680579363,5.712848154058349
wam_wrench,83.0,7.816877005326186,20.289627525688402,24.848507434363587,1.8482051822562602,3.0117969179469,5.311793489251788
wam_wrench,83.2,9.71230338079937,21.281218819596674,23.016307556351336,1.91590752369486,3.043413818501085,5.316513309911821
wam_wrench,83.39999999999999,8.77468084663318,20.659307733839704,22.3186158357129,1.844197893182306,3.0351774691925213,5.686618111494481
wam_wrench,83.6,8.111880009749694,17.841803708033765,21.159784034108114,1.8074368679117248,2.9276611522210976,5.56772541972965
wam_wrench,83.8,7.9969704031861255,15.121294368208424,19.31797733740107,1.7592195209739916,2.849879860041771,5.220170803929993
wam_wrench,84.0,8.590085213110644,15.149588331308278,17.688676896462205,1.7726092854143543,2.7737696956606146,4.799124353833991
wam_wrench,84.2,8.931171140357785,15.51625034388606,20.720336165264573,1.698773299257653,2.714303438225852,4.799585663456982
wam_wrench,84.39999999999999,9.344656800266565,18.771724788430106,23.350185731616712,1.6511191715742963,2.585349882753637,4.430907259656681
wam_wrench,84.6,7.3866226670531425,20.47027164725771,26.77845077131998,1.6057579792717915,2.551221305814886,4.491288504261654
wam_wrench,84.8,6.397706548732688,20.882970347491295,27.83020933807671,1.6027849390243327,2.446339367782909,4.7861613750017975
wam_wrench,85.0,14.304490924775235,22.82211743575715,27.66569403963659,1.5118014508143214,2.5001818812784435,4.558670792581285
wam_wrench,85.2,16.064861624660814,20.923376396617993,26.97012611423583,1.4880403241836815,2.3725458824170356,4.471523953417238
wam_wrench,85.39999999999999,15.34672420710721,17.93614366177027,27.103902383636978,1.478254505530884,2.2908505353805797,4.377830127065951
wam_wrench,85.6,13.10683341306166,14.76318823055773,26.1754222438954,1.4532600042202952,2.1725639661908454,4.187032113903311
wam_wrench,85.8,10.74319608653661,18.076068309134925,24.775727327804397,1.2384787743693288,2.0196909184573713,3.906990424758971
wam_wrench,86.0,10.344559009957912,16.593117744848293,23.99477070507903,1.2831410253420719,1.9487029537602072,3.830786719806904
wam_wrench,86.2,10.113647875081563,14.30864107642209,23.472229636436385,1.1752495125301825,1.8466149328552393,3.4483087212903145
wam_wrench,86.4,9.795802788985249,14.28875074613616,22.344116353166452,1.1555581700729514,1.807213921275082,3.2222496497879622
wam_wrench,86.6,9.654047330004662,16.403064436049057,21.577986754471986,1.0248985093190992,1.81071873997056,3.2231071852924855
wam_wrench,86.8,9.635080254237263,18.39866731097562,20.006807176560475,0.962384766160978,1.813921244568669,2.9084771243333742
wam_wrench,87.0,17.985966897410904,21.45650863732243,23.805927451553117,0.6816176964421757,1.7565271067422796,2.8293702829210536
wam_wrench,87.2,17.27068533766124,24.818455578559227,26.2136985379936,0.8517005337937615,1.7614805970848897,2.669502427047461
wam_wrench,87.4,21.137426287061803,25.143900154389094,27.870449255923152,0.5806472451438229,1.7336911635903283,2.357676904410917
wam_wrench,87.6,21.970131208632814,25.319377979522194,27.689731259217258,0.521959617629862,1.7278492036679085,2.2540040667357766
wam_wrench,87.8,21.494895778635254,24.975949743137978,27.197966680384347,0.5664127754589431,1.7215946097258084,2.3248227201593297
wam_wrench,88.0,20.86355496953354,23.941862780559095,26.35160793914926,0.5180519398792734,1.7229888551131505,2.052595957170384
wam_wrench,88.2,20.341964298651494,23.377743524194017,26.639604864673586,0.581391194168828,1.7185609637615267,2.012884485077343
wam_wrench,88.4,20.487210879497905,22.0640606734728,25.804674250132507,0.5465926499863525,1.7348349548318878,2.0755647520620943
wam_wrench,88.6,16.78980840601121,20.80180461686859,24.407616252372303,0.5163906631097657,1.7375252604810354,2.0797476308205587
wam_wrench,88.8,14.971237140493237,21.779896287881176,25.518877996925568,0.5978575263512456,1.7314061662288434,2.0443490937270603
wam_wrench,89.0,19.68494480741184,24.619764703625904,26.313667841669506,0.6160865357016235,1.6734993101471194,1.9648915084132013
wam_wrench,89.2,20.013373990158165,24.122959690627304,26.617568485072866,0.5789668228059973,1.6718499034581458,1.9574964315797434
wam_wrench,89.4,20.420828169406104,23.22072713133783,25.79540983302209,0.5353987260328906,1.6569752965005822,1.9662403340917969
wam_wrench,89.60000000000001,20.133407374201997,22.834389189989345,26.451303752652045,0.4849696561263746,1.652203741421886,1.9174508459006654
wam_wrench,89.8,19.116155227104663,22.81361228644522,25.39030573216173,0.4566164066259907,1.6074607378258028,1.9303715748820145
wam_wrench,90.0,20.24388356077816,23.426790204122028,26.67955846425158,0.44814724030863773,1.5937432226798363,1.9461338848073122
wam_wrench,90.2,16.33542628932359,23.85344440190633,28.013415363045787,0.485184239380217,1.5772233617417946,1.9014477050296053
wam_wrench,90.4,14.635367960679847,23.07277376221237,27.696446672569927,0.45370117996115794,1.617643191034365,1.8847257702636293
wam_wrench,90.60000000000001,13.679783362448218,20.39855030432701,26.363204612873343,0.4732082955407435,1.5451785700802312,1.9039027429317195
wam_wrench,90.8,17.43544318060468,22.552262145384596,25.052403690477735,0.4872011664579784,1.5889682398686868,1.9058625381588705
wam_wrench,91.0,17.485405514131855,23.378799198082156,27.328160582533954,0.4589491979146233,1.5657276996423013,1.8950389172913407
wam_wrench,91.2,19.805929002987426,23.165694098337834,27.537699865281603,0.43823024657683896,1.5480300771688162,1.8651664713411213
wam_wrench,91.4,20.242505647679494,25.948948733820217,26.679621453413926,0.4227868009697688,1.58212137391124,1.883993924308562
wam_wrench,91.60000000000001,21.08481074595442,25.19413422641972,26.84936367147102,0.40267200777577977,1.5802619265405133,1.875454538031142
wam_wrench,91.8,22.657403352014388,25.368955906591765,26.171477918466795,0.4355094051647117,1.5660447774787711,1.8728733641998097
wam_wrench,92.0,21.064436837220164,24.950015943334776,25.250993647193418,0.45939639945235144,1.5387559016780008,1.857638120449628
wam_wrench,92.2,16.798443020186102,22.487607861361365,25.571152368495216,0.42891888141719664,1.4974439209694104,1.8599795763751108
wam_wrench,92.4,19.1653327832763,22.15703599668485,25.25950624574962,0.39009611652315657,1.4667521838918365,1.8548298038118234
wam_wrench,92.60000000000001,16.11727793855253,21.15737476588523,25.32716026901791,0.41698203328474925,1.447397118661684,1.8418891727868316
wam_wrench,92.80000000000001,23.365482355258266,24.75611564383645,26.658810609416633,0.4107364737136293,1.4218233151279935,1.8184019689205801
wam_wrench,93.0,23.48499606304374,25.123488610192286,26.185864741361375,0.38217667387515464,1.4396990233318787,1.8013841111942124
wam_wrench,93.2,22.908630190682107,24.207076853709523,25.443987592886362,0.3923640723215853,1.4184946624218024,1.803802305968532
wam_wrench,93.4,18.863531473265873,24.03434653006142,25.55740912530127,0.3866404174078402,1.4535253734204432,1.7947603647612373
wam_wrench,93.60000000000001,19.40249680082701,24.406631037417114,27.231720871234177,0.409457409260089,1.4632146643494095,1.774946808890418
wam_wrench,93.80000000000001,22.593592938864777,24.21679972852119,28.425909937054776,0.38062483129671454,1.444892119001619,1.769932482290811
wam_wrench,94.0,22.32118136895917,25.7419706922648,28.735307430677118,0.3537931429369952,1.4294022354750748,1.7705051356543207
wam_wrench,94.2,21.92252755245034,25.52998385337152,28.672169141128684,0.38119880640972637,1.4843868130714808,1.7550029624718628
wam_wrench,94.4,19.571312420931662,25.529906124529848,28.088005818772956,0.354658015155557,1.4404176555445314,1.7489438070502312
wam_wrench,94.60000000000001,16.81627399817052,23.75166900036896,27.326135999619478,0.3705189531529981,1.4747805527977325,1.7526987392305857
wam_wrench,94.80000000000001,19.438644682705945,24.09780210071686,26.177696530133204,0.3494242833452151,1.4606112752554716,1.751825231725302
wam_wrench,95.0,21.133833048367514,24.292815903425975,25.803249308377247,0.3413593629809455,1.4603402640183185,1.750326275793438
wam_wrench,95.2,21.08266871955276,24.73346754307854,25.208279572315423,0.3457532221060431,1.4468499718641847,1.7252877830918434
wam_wrench,95.4,23.464843030025566,24.67999635433729,25.07819270504934,0.35274861751960146,1.4857407272868473,1.7314770047765393
wam_wrench,95.60000000000001,22.470360698419217,24.927875336506673,28.023537990960605,0.3451243013011556,1.473421673303597,1.7516349003466154
wam_wrench,95.80000000000001,20.19123123012585,24.410178706724032,28.4883625110675,0.3258207860593163,1.4689328485850064,1.7486747671910425
wam_wrench,96.0,21.291958767454048,25.144066131370934,28.206867188053334,0.3322205601384537,1.4690844777617869,1.7538429560409998
wam_wrench,96.2,20.915204981015968,26.148755089275035,28.926687293303914,0.3384139019882628,1.4444064877997844,1.756741719413581
wam_wrench,96.39999999999999,19.14460268839178,26.730346937833822,29.348267257513648,0.32437154362931203,1.4653611805778186,1.7430579780553268
wam_wrench,96.6,18.456302733575598,25.793555285096417,28.888309511889766,0.3206054541208113,1.4804134151018007,1.7377546781000242
wam_wrench,96.8,24.191562761677897,25.612948655516888,28.691588864643037,0.3180124172571444,1.4691350359931765,1.7408856934032155
wam_wrench,97.0,23.776972486754076,26.056187195185753,27.654264937299843,0.31584932631062534,1.469737424439127,1.7583933670505811
wam_wrench,97.2,23.315368559778832,25.790975081605595,28.736250310002383,0.3157605891504273,1.4583066175494868,1.7706793897404787
wam_wrench,97.39999999999999,23.25573606577143,25.599678075303032,28.227021794622857,0.3111785085599595,1.4775607035490734,1.766192098661345
wam_wrench,97.6,22.91621908076803,24.34724631780717,27.72592164167664,0.3027497209816129,1.4849284715223237,1.7795744670555573
wam_wrench,97.8,21.73576433359944,24.17241161113509,26.315388967556697,0.31240446866950083,1.4908752575092332,1.7864736291080916
wam_wrench,98.0,19.32677967571223,20.982789682061718,24.485467842861002,0.3043783024574896,1.4647762625514673,1.7888930620653734
wam_wrench,98.2,16.694693772278494,18.673664367097857,19.77085267393374,0.3054148966422818,1.474769699934929,1.7814307689472333
wam_wrench,98.4,14.842040564849407,15.12320602765849,16.79752851250095,0.2965008068276494,1.4583820024731873,1.7863447426036112
wam_wrench,98.6,12.001435628494795,13.222738265323622,16.295244363592044,0.30041143370292234,1.4603858653352955,1.7875394983907673
wam_wrench,98.8,10.207097457078756,11.712590069016038,15.620784154301703,0.3096272181433269,1.4542804809063121,1.7846659715638151
wam_wrench,99.0,10.195757996178067,11.044495942992679,14.325470902318754,0.30814744508642794,1.443491444181559,1.7905145893293681
wam_wrench,99.2,9.730575576840872,10.983227420572376,14.953412517624548,0.2903328815955488,1.4620881296298716,1.7901352535190538
wam_wrench,99.4,9.482971281474153,11.81342545902761,15.44539019068578,0.29967223214662897,1.4432105051043864,1.7903169826754068
wam_wrench,99.6,10.084665263211626,12.338313431592727,15.534588791808044,0.29752369249430244,1.449741643414096,1.7771037037853255
wam_wrench,99.8,10.906774140507421,12.663207340761645,15.728631600035346,0.2958769540963162,1.4473231238613418,1.7756019475817582
wam_wrench,100.0,9.455990697854602,12.213053663554863,15.490574810222617,0.29320749021683784,1.438994757387594,1.7834878068510855
cw_wam,0.0,0.5305877216356998,0.6318393545741251,0.787890425186957,0.34657492562392,1.482443914185662,1.7436115481780705
cw_wam,0.2,1.011209634611664,1.1778984205358367,1.3983657822229052,0.23566494825583023,1.5040960492700157,1.7498864884153877
cw_wam,0.4,0.5353431244317172,0.6015321161508839,0.8953722728043473,0.23864279449816375,1.502409838228049,1.7535992793912956
cw_wam,0.6,0.6580691495337996,0.8180093657711202,1.0241900797281969,0.24194755616579416,1.5029384583070933,1.749821042355695
cw_wam,0.8,0.6981454876540051,0.8208895680834014,1.1132455493280131,0.23650310940024216,1.505502921282648,1.7565116948079573
cw_wam,1.0,0.5429083110027998,0.8928877733902073,1.0149750795313677,0.23704750993436813,1.5144829359700682,1.7639089958904175
cw_wam,1.2,0.7152842122584157,0.8059391088441866,0.8920079005613272,0.23467432177982483,1.5085345853698602,1.7545348014934028
cw_wam,1.4000000000000001,0.695562950371637,0.7830447123866691,1.008982100222191,0.24043941121387447,1.5115759167011866,1.7469005626456633
cw_wam,1.6,0.6800023621781232,0.7864904542990279,0.9830297947510822,0.23995748020754937,1.5024411435623615,1.7515174980294572
cw_wam,1.8000000000000003,0.7970276611333956,0.8740291992365965,1.0538372174164128,0.2523653989911784,1.5129137345317425,1.7580241208312006
cw_wam,2.0,0.7512586111494621,0.9410121304402002,0.9857279365298766,0.2587518211547567,1.5198957890799591,1.7435600644126268
cw_wam,2.1999999999999997,0.7209794582092716,0.9778193772968464,1.1154117497536749,0.27123903482556155,1.4949756224089386,1.7587353046665553
cw_wam,2.4,0.8191256739547405,0.8906810344142266,0.9652023369131433,0.2936067869848001,1.5120643911214344,1.7435549425045507
cw_wam,2.6,0.8503311347791168,0.9558959540436677,1.2183285686023373,0.32392992130130316,1.5274466175632717,1.7524785107027592
cw_wam,2.8000000000000003,0.8562687406530968,0.9005795328569902,1.0566665453670454,0.38211781540505246,1.529838707471712,1.7472747037772425
cw_wam,3.0,0.8717160354983085,0.9609394418391781,1.177172801051556,0.364918119594212,1.5252284480656895,1.7498275017233929
cw_wam,3.2,0.8888094533132436,1.168403567440631,1.2926186457733722,0.384522754762962,1.5048267656981553,1.7400239588791746
cw_wam,3.4000000000000004,0.9506082072511364,1.0553435490132983,1.287372020838857,0.3687616445035355,1.5181481578372988,1.727963655931639
cw_wam,3.6000000000000005,1.1007904672984516,1.322054707075651,1.485757187195245,0.37865573163287664,1.531616761737634,1.7298279461528416
cw_wam,3.8,1.169826099434847,1.3224264883839374,1.4811667732176934,0.3970270444999643,1.5199162494935596,1.753662445112974
cw_wam,4.0,1.0359295721488035,1.3035634292513258,1.3945059361106196,0.3993532453826443,1.544911557905315,1.7319075143404081
cw_wam,4.2,0.9789181833938561,1.175378179864815,1.2697861710629765,0.3984447114682802,1.5060064116327656,1.7369215032611722
cw_wam,4.3999999999999995,1.0321601478218607,1.1538176975915986,1.3118858722547655,0.37662235417754625,1.4913226273313411,1.7445699916107975
cw_wam,4.6,0.9781525885727747,1.1857859781770872,1.3906244941897947,0.3912963174297728,1.4998407447704318,1.7324049931814944
cw_wam,4.8,0.9780526503616656,1.1896241144243571,1.3468753160423117,0.38190780739722396,1.5078640622997972,1.72163337475556
cw_wam,5.0,1.038315717496913,1.1526263960670677,1.380960445448221,0.3917555931867033,1.4810495796019396,1.7304461811873817
cw_wam,5.2,1.0426093240352772,1.221656879575805,1.4541303003747992,0.39917482738321225,1.4695270942326581,1.7404780404363165
cw_wam,5.4,1.059464424929572,1.165083295508788,1.3367707695810616,0.35962478629695965,1.4504044455153253,1.7116865839134578
cw_wam,5.6000000000000005,1.0379213607649531,1.3135115577264347,1.6138544567136817,0.3548897299965181,1.4752588451620103,1.71383561015512
cw_wam,5.800000000000001,1.187819497034275,1.3019277658760458,1.594073068941091,0.39489889331298816,1.4450628437723112,1.7189434717704997
cw_wam,6.0,1.0164408891041057,1.4365471045614973,1.6824431513326645,0.3941122132551613,1.4701959243050235,1.7412646544311945
cw_wam,6.2,1.13387813769809,1.325326925716763,1.4762781570875236,0.338899582429977,1.416167796583006,1.752261089670925
cw_wam,6.4,1.1112647557008357,1.2575115869320133,1.7509466237519158,0.36894179964487483,1.4196171758582332,1.7227690836173621
cw_wam,6.6000000000000005,1.1166109748730095,1.311326700567966,1.4214535153352228,0.38482673770392184,1.3880033563727525,1.7145849822787256
cw_wam,6.800000000000001,1.2412584261523278,1.374198582783847,1.4869436577471218,0.37367048292846117,1.4016720102958513,1.7405092536794782
cw_wam,7.000000000000001,1.1541051569810987,1.3255700974870583,1.4214634233071661,0.34843841726562874,1.4276823307334388,1.7310189532194982
cw_wam,7.200000000000001,1.1866575674533615,1.2192014330422034,1.5826386119785258,0.39623270024796575,1.357784147737413,1.7118640431990504
cw_wam,7.3999999999999995,1.3284156301491514,1.4293752344491302,1.4934284104817448,0.41551012372919766,1.3478504290165645,1.7300577681983924
cw_wam,7.6,1.2098225380776397,1.428624477681738,1.6261194104690362,0.4107316441424284,1.3696691344162308,1.7460991677110613
cw_wam,7.8,1.1699654144356348,1.539026426362502,1.655564075863436,0.42467282894475245,1.4115254973402365,1.7542880780695982
cw_wam,8.0,1.3310757730683163,1.6217350884542847,1.869435059214834,0.4450304395959163,1.3847792239773287,1.7426119077707873
cw_wam,8.200000000000001,1.2684513547133565,1.5849975873039388,2.0511259379254843,0.44342978864477106,1.3901976824154378,1.7038890747076967
cw_wam,8.4,1.421070431346804,1.6271790206087746,1.8830167764570038,0.45228391629418846,1.3943060560276712,1.7310229442359335
cw_wam,8.600000000000001,1.266622882656622,1.5053653145613537,1.964303115998425,0.45168854660916774,1.3917877190361911,1.7036415847154163
cw_wam,8.799999999999999,1.2512630991237608,1.4634929930053922,1.6758860158157822,0.5134428842244088,1.3800534014642667,1.7158406256828889
cw_wam,9.0,1.3912170308725404,1.455660490417721,1.8123917327323675,0.5241171722855891,1.3707199742833986,1.7071286469047422
cw_wam,9.2,1.3170689582235657,1.5311738371025065,1.799651891042478,0.48948503257712633,1.3710704737778885,1.6730873909728685
cw_wam,9.4,1.4477918054117087,1.600659395923709,1.9702867070012224,0.5325125683077876,1.4220428315284936,1.701624720224356
cw_wam,9.6,1.5463275332484547,1.6208580201576244,1.9541961263567549,0.514214261838709,1.401322852878425,1.6666149803505723
cw_wam,9.8,1.4541116482748746,1.644727716977531,2.086252553047045,0.5091524424917381,1.38536317638667,1.7001722251319045
cw_wam,10.0,1.4699842976318116,1.7580419010388388,2.1034899691608095,0.5408808478980639,1.408108346856668,1.7158446085544934
cw_wam,10.200000000000001,1.508397231386159,1.7964545922240565,1.992514868783188,0.5542388431097508,1.4180697860132645,1.7280796947658805
cw_wam,10.4,1.4876302688758853,1.6438302967660932,1.917475966627092,0.5166274518866378,1.397403160858871,1.7478349530396822
cw_wam,10.6,1.4405459406930727,1.5980900074946183,1.9856250481205187,0.5404475341295869,1.372353241920838,1.7441231342210788
cw_wam,10.8,1.3995469660040647,1.7868568072240005,2.0208724396750433,0.5726866555051878,1.396951979449642,1.723692316423274
cw_wam,11.0,1.3780845511524757,1.7515818975935695,1.7957869194162632,0.5970225661073227,1.3854863051973334,1.7498483370127016
cw_wam,11.200000000000001,1.497281377454557,1.7383070117800843,1.78843501878263,0.5969956353594196,1.3803100482117845,1.7293721448170212
cw_wam,11.4,1.4755717463990239,1.7508414155110228,1.8825482877699382,0.5691037768363959,1.3514531632070756,1.7164745556715042
cw_wam,11.600000000000001,1.5476959732999294,1.7561006838033677,1.95713667472408,0.6275592366402744,1.346736689171676,1.731650250881865
cw_wam,11.8,1.4175579844617285,1.7588477304862702,1.8617615972059856,0.6481483631520981,1.3677204997082093,1.709897963606384
cw_wam,12.0,1.1201118539330213,1.5427926532973248,1.8860242297785474,0.599950389777732,1.350836781611695,1.694616471896923
cw_wam,12.2,1.1680637818728823,1.5885648315561787,1.9269783011318005,0.5944663676201325,1.341666465351219,1.7167699086476487
cw_wam,12.4,1.1990850394434953,1.5290274547568758,1.9165155034169736,0.5986168318876987,1.333238725748724,1.7174237580103322
cw_wam,12.6,1.2964368762819154,1.5055188374995816,1.8190873078253729,0.551854101417201,1.3297845526258418,1.7205250688155975
cw_wam,12.8,1.4103549196324758,1.5733826761065777,1.866041482410262,0.5819620520681822,1.3345102728871747,1.687108175994418
cw_wam,13.0,1.51967418863274,1.716461013554411,1.9550158507096511,0.6162097367395845,1.3827127675335797,1.6997661992468251
cw_wam,13.200000000000001,1.5616814686886356,1.7566450202425188,2.0160763409288887,0.6255379215480332,1.4138573869620843,1.7142040652354835
cw_wam,13.4,1.6146334309936874,1.7717277795426856,2.0139572854683156,0.6402507940151333,1.4072217219100176,1.6463602014769605
cw_wam,13.600000000000001,1.4543087751849726,1.9027392357884443,2.0797379705398433,0.5938372394975592,1.3473200255671884,1.6595095577797463
cw_wam,13.8,1.343024297462329,1.788957129669874,1.8719818379930917,0.6602594433955761,1.3554900292536223,1.6337807238781838
cw_wam,14.000000000000002,1.5044960487006893,1.6839874859312152,2.084796245620765,0.6443689194299592,1.3394635394346526,1.6811330916560792
cw_wam,14.200000000000001,1.4166079217041745,1.6214487110474065,1.964806773503385,0.6260848249600528,1.3904198512912376,1.7055658833994223
cw_wam,14.400000000000002,1.5725070906978262,1.8428322917933584,1.9504482775707168,0.652979475485896,1.342119039526536,1.7221109888824766
cw_wam,14.6,1.4870657697411889,1.7339681495193662,1.9560171309170975,0.6348031325973013,1.3933373728555511,1.7097911046037813
cw_wam,14.799999999999999,1.60365649221824,1.831418724294281,2.010714743629126,0.6175131979408995,1.3786861214122952,1.7196672343731458
cw_wam,15.0,1.6774771060259994,1.8178630356316012,1.9874925803142156,0.6224475795050655,1.3703963919721316,1.7301827649945083
cw_wam,15.2,1.4966924157768238,1.7323335855635955,1.9999299792086385,0.652924761424254,1.3748490657220473,1.7137258654073944
cw_wam,15.4,1.7459077585138045,1.8780013968869367,2.0435809798043616,0.6569369612945081,1.3617571897729803,1.6750903621999544
cw_wam,15.6,1.6509741328740974,1.8160105261791077,1.8861315866660788,0.656957032304521,1.3511454747284113,1.6878111088629064
cw_wam,15.8,1.5525615477487062,1.9209740422160462,1.9930315992293126,0.6574057557240662,1.3025402235481909,1.7237274514104404
cw_wam,16.0,1.4540618763133917,1.8574061941231876,1.9044668958114572,0.6360322375313329,1.3703184307000695,1.7384698594145265
cw_wam,16.2,1.396065274842301,1.9074377381341951,2.0114154963696156,0.6336935609655592,1.3678633450315671,1.745032823117468
cw_wam,16.400000000000002,1.5163849163041985,1.7940108654428841,2.065819774533926,0.659072016254701,1.3643985609202856,1.7196793743996341
cw_wam,16.6,1.406038458035239,1.5806842001127421,2.086652346003131,0.6418370290500429,1.3424260332201412,1.7018115970925076
cw_wam,16.8,1.321449010984245,1.5251034129257126,1.8507885817259548,0.6445909523386102,1.3871535575552054,1.7103330161326145
cw_wam,17.0,1.4575852223654489,1.6624624482150583,2.0044162243348578,0.625090421765949,1.405452112908544,1.739781967855106
cw_wam,17.200000000000003,1.2892934585055107,1.7183419412421022,2.153420614917587,0.6634561581767664,1.3938634502972553,1.7531611668355067
cw_wam,17.400000000000002,1.067494243734692,1.6300784549742897,2.0800290980664373,0.6682341365764436,1.3483924153677964,1.7459140783023315
cw_wam,17.599999999999998,1.2644247391857624,1.5984215263655934,2.089361958083464,0.6551181887536228,1.3286829889551754,1.717512869755233
cw_wam,17.8,1.116767987349193,1.4043152179839642,1.895331755620509,0.6470268483362158,1.3553951163581641,1.7603670810902332
cw_wam,18.0,1.22026447986608,1.3990200752068938,2.0295296603484876,0.6375781524122467,1.42594259973789,1.8167381316816726
cw_wam,18.2,1.1099168079679211,1.4181470716742377,2.1218306501442346,0.6625525506708756,1.3991215740885015,1.8141510605581157
cw_wam,18.4,1.0996090290350522,1.327797902531683,1.9422551621688526,0.6606899672623714,1.4462943106326873,1.8367097388369718
cw_wam,18.6,1.113171486667793,1.3503120050497701,2.300490915713234,0.6716483037324525,1.4238007425838457,1.887755795426342
cw_wam,18.8,0.9651587887828652,1.3860055605662451,3.1166164088929147,0.6604828774370244,1.4262327479175911,1.89338867899816
cw_wam,19.0,0.8736936858912957,1.4931844773646985,2.473748567054496,0.6314866049134887,1.4355005111705337,1.9040153998354858
cw_wam,19.2,0.8712307102125575,1.5523610352180615,2.1740208334384863,0.6222744853592895,1.4235575255378696,1.8892482381078461
cw_wam,19.400000000000002,0.8578233686296926,1.082762943344346,2.2879830135205577,0.6339221859740484,1.4235629133121712,1.8939033372869871
cw_wam,19.6,0.8424944836110603,1.2160884647867873,1.3962289058029815,0.6183874062801094,1.3955904295171124,1.8608647348521734
cw_wam,19.8,0.6757005937689873,1.0118254113819483,1.3437135660497561,0.6215047601604204,1.403027779579159,1.8932234806114172
cw_wam,20.0,0.7243477643231753,1.1069346435874603,1.4695528581099073,0.6182203344846925,1.3678756011142588,1.9164344834769755
cw_wam,20.200000000000003,0.5960542706408898,1.0046776199240204,1.3682397047651318,0.637790662659348,1.3991096543442332,1.8625980783288294
cw_wam,20.400000000000002,0.5818857749660098,1.0697864840300513,1.195593061621003,0.6474602340143157,1.41081363646054,1.9306036819386594
cw_wam,20.6,0.6248771775622803,0.884620191850721,1.1382625262348252,0.6107032296649044,1.3904408197393723,1.9206204958788955
cw_wam,20.8,0.8080469975313989,0.8778249276588401,1.2649691490262962,0.6343437857449961,1.3888964159087966,1.9141182831490389
cw_wam,21.0,0.6907322925012995,0.8318487728850587,1.0037603682230989,0.5952761699122868,1.3924888912555837,1.8935434851350912
cw_wam,21.2,0.657684953867023,0.8061687661225884,0.8639527870110145,0.6110101857229654,1.365337082062306,1.9243278675412636
cw_wam,21.4,0.5484391908423921,0.7688409943343912,1.0018469753305443,0.658138058637081,1.3705067718619002,1.9209445914767447
cw_wam,21.6,0.6322818307869433,0.7880915909198472,0.9125842340017872,0.6407517365464768,1.39107298701191,1.9168860922388735
cw_wam,21.8,0.5184022629198957,0.7076293384671282,0.7658300134444178,0.627231503570545,1.374747127788658,1.9472102203332498
cw_wam,22.0,0.4174049354582514,0.5839322828413747,0.6892956550863839,0.6752260286829037,1.3917099117306158,1.9692525141125448
cw_wam,22.2,0.46713679599393065,0.5986573470639687,0.81859031582905,0.6364996103421021,1.3633011361893392,1.96074032102912
cw_wam,22.400000000000002,0.45213825543058944,0.4781872050948417,0.8396230195913709,0.6723224396504711,1.3684974280064706,2.035726856847531
cw_wam,22.6,0.3965894454730575,0.6352735687116489,0.8234977256341126,0.7352928826283786,1.4262610459101885,2.061084786902221
cw_wam,22.8,0.4853926476071655,0.7134907587789232,0.9190376866741398,0.6435406348171197,1.5078725303312428,2.0660238682885086
cw_wam,23.0,0.4811906212287212,0.6678296813105032,0.8001160844367723,0.6559855741080775,1.470727309386684,2.062774304863051
cw_wam,23.200000000000003,0.3285416158092009,0.6659898344908447,0.7921946110971376,0.6465410760320534,1.560695538801753,2.073844128842726
cw_wam,23.400000000000002,0.41423014637263716,0.5797581396088562,0.8894688644133574,0.6178693329777784,1.5694370983011994,2.099416671537932
cw_wam,23.6,0.419881637252014,0.573368507744131,0.7888974764893374,0.6021638685775831,1.5740264448697174,2.081042709497912
cw_wam,23.8,0.2878770537820554,0.4777812968468894,0.8547094488802756,0.6329320358700088,1.54580166523589,2.0733242888254084
cw_wam,24.0,0.4674895817884137,0.5960611100408966,0.7047281107443464,0.6724678695745099,1.5494832130456309,2.076724822147338
cw_wam,24.2,0.34243765311851443,0.4788553916040257,0.6973026141159149,0.6512889044145498,1.5800990077243218,2.0455279656652476
cw_wam,24.4,0.37663992372390986,0.4212778898917571,0.5509547219811614,0.6123647820935713,1.5874229622637925,2.072536164599345
cw_wam,24.6,0.4679425417468565,0.4870661708607283,0.5985230843740318,0.6389910049945907,1.5533788920248206,2.0685007497170935
cw_wam,24.8,0.36543005643275794,0.5032738049631427,0.5941008742639456,0.6470710467830529,1.5347389225626968,2.1037931749090606
cw_wam,25.0,0.4295855858267995,0.5433750799040811,0.6547756863439104,0.5810809846591584,1.5760565479758812,2.141436880646156
cw_wam,25.2,0.36674000866288636,0.6800481069747738,0.741393689039261,0.5861991752116841,1.5510230291552436,2.1183827596840836
cw_wam,25.4,0.40516935008427357,0.669131491355391,0.7851902561234732,0.6145479180335207,1.6380608256430347,2.099408871720956
cw_wam,25.6,0.4479231712705665,0.6539357917032265,0.8650565825536946,0.620639534154776,1.7045020088911162,2.168009568447208
cw_wam,25.8,0.3657937252467105,0.4835813073419361,0.8122321027926366,0.5844950509761074,1.7212773791655311,2.1572006216795683
cw_wam,26.0,0.31925210970018636,0.5648053978912435,0.8036469996171554,0.5763212356529068,1.693224547036387,2.175467245110155
cw_wam,26.200000000000003,0.26368382230143317,0.5186810079569406,0.7439884246327532,0.6356063892687879,1.689256548440298,2.161453862066711
cw_wam,26.400000000000002,0.38336226617229496,0.6024258219669545,0.7279229164877955,0.7009586292104254,1.7173238885179778,2.2022142357986874
cw_wam,26.6,0.3909172060418077,0.6562654381355653,0.6828413536584541,0.7041157549647151,1.7082442276127856,2.2030528085484566
cw_wam,26.8,0.3382418792543953,0.49827746474973383,0.6683810199654174,0.6652944118556857,1.7809869117202617,2.1838154615794894
cw_wam,27.0,0.31017704009256075,0.5151121344933193,0.748865759600615,0.6681373782548977,1.7488744404560073,2.189916810817615
cw_wam,27.200000000000003,0.3900491987812761,0.6073828666443443,0.7345685979871243,0.6404998580765184,1.7388738046482861,2.2312883190812096
cw_wam,27.400000000000002,0.33518269856353256,0.4754888933215967,0.6347388154243185,0.6478363676995186,1.7734887788723512,2.1879769488400234
cw_wam,27.6,0.4477174532021869,0.5135696836889435,0.5450441991834724,0.6906723172349116,1.7861085110184183,2.202389329580385
cw_wam,27.800000000000004,0.459819908830875,0.5776215381089601,0.7632688442281879,0.7128970529242133,1.8168927648249171,2.210751004526331
cw_wam,28.000000000000004,0.3870158784773453,0.5215200228733667,0.6569042832912145,0.6230365302308624,1.7897678092971852,2.159232007367205
cw_wam,28.200000000000003,0.3615450920910223,0.47337669936402904,0.7122281662144342,0.6707051549025018,1.7782889936774675,2.2042192852762432
cw_wam,28.400000000000002,0.2525513347045515,0.3398436663351144,0.44139802707242637,0.6631586663057459,1.7053693727379893,2.2208014323022134
cw_wam,28.6,0.2808723562560625,0.3816110992671393,0.6062687641186919,0.6649134744490611,1.6772550656414174,2.1845070961450634
cw_wam,28.800000000000004,0.32284304168936123,0.49675727464853314,0.6488904462911078,0.7102767454370238,1.715329383735301,2.1701241251598073
cw_wam,28.999999999999996,0.4294773349614769,0.5905846257283567,0.7258985307294211,0.6771624982643565,1.7021615573252755,2.199966898764393
cw_wam,29.2,0.49462379967191816,0.5606316921877551,0.7222361312960557,0.6667624828009198,1.6737578884452768,2.1978588650753323
cw_wam,29.4,0.4309947440098122,0.546134608207886,0.8250858907224972,0.6725169473354082,1.7296933312845906,2.2006967154603823
cw_wam,29.599999999999998,0.5100005016433193,0.6884754649684143,0.8027752167685672,0.6876022868189128,1.726780307752969,2.202457787191022
cw_wam,29.799999999999997,0.3638702211494493,0.712112450320008,0.9146387508059706,0.7225545107097867,1.7407482742366385,2.219109856709651
cw_wam,30.0,0.39820442393105987,0.4712306078704471,0.8232686429003717,0.682295576716831,1.7709228496962612,2.2234869297264312
cw_wam,30.2,0.4485296135742913,0.5341938622315539,0.785165144026423,0.6628753158508269,1.7742834930205083,2.2325935346293058
cw_wam,30.4,0.35359179997957624,0.4228236757000109,0.6950644875504066,0.6961680047813669,1.7864533170388588,2.243299924664949
cw_wam,30.599999999999998,0.2939843495610023,0.47330892697169247,0.6247311385447136,0.6572354215608509,1.7730328787112055,2.2178588739624843
cw_wam,30.8,0.2307273131243329,0.5409603388493495,0.6105885319848097,0.6268130460656053,1.7270255149141431,2.2347400845235197
cw_wam,31.0,0.4812209110517571,0.6872758840964986,0.755403995924903,0.683823149059967,1.7540136275602725,2.2129199621309428
cw_wam,31.2,0.33950243586844686,0.4647987843436794,0.6603068765821739,0.6301228925409492,1.7837548822046796,2.2456624512929917
cw_wam,31.4,0.35893292225504203,0.4572893020786621,0.6676678619305004,0.6747572274445649,1.7304460581817702,2.1927683634173167
cw_wam,31.6,0.5410766502923027,0.6573144285495964,0.842143494478299,0.6360134931379678,1.737454557782544,2.2849384773367065
cw_wam,31.8,0.30645704851617234,0.6758555969788239,0.8201956402883599,0.665203807506651,1.795110025605292,2.282141233370125
cw_wam,32.0,0.4166689432699089,0.5930487525042553,0.9234858343345036,0.6743543636728558,1.7705803080622184,2.280448921938562
cw_wam,32.2,0.40421206838621665,0.7154849075342572,0.8772344821669626,0.6295209067983536,1.786427013199385,2.264322330757083
cw_wam,32.4,0.3368186141510013,0.5258332143078829,0.5923398952491623,0.6394037837053711,1.7959468637191975,2.2564922505597003
cw_wam,32.6,0.3134727900231496,0.3793515630011016,0.6137156222742273,0.6361556924095955,1.7801976642931834,2.2699610921678386
cw_wam,32.800000000000004,0.25607505334470215,0.40044129213527085,0.6652329193758019,0.6051868280922911,1.8553813245917568,2.2846482971015125
cw_wam,33.0,0.42649050981932546,0.5231119255443284,0.7780157504860296,0.6107632111281923,1.8954292644638777,2.2979243592558767
cw_wam,33.2,0.39331389568014485,0.45824397905127756,0.6744251673892908,0.5973416470167899,1.9029317728321475,2.281271953779322
cw_wam,33.4,0.6198344448877477,0.6601653168080261,0.787814757695872,0.6199795672439861,1.904027984195874,2.31670729400413
cw_wam,33.6,0.44258732475377827,0.7111740966292773,0.8941388624822977,0.6275380142371668,1.8509036871232865,2.3029776602872465
cw_wam,33.800000000000004,0.4585459882239261,0.7418645462087554,0.8585783395364134,0.6338002255562816,1.9489274392012383,2.3336304993982115
cw_wam,34.0,0.5091218556307232,0.5985403266134222,1.736744227046204,0.6725500977382525,1.9811677968773977,2.309191818148529
cw_wam,34.2,0.26858574648355504,0.6338519114814107,2.1200421167909114,0.6454672802553619,1.9531659839206492,2.348482162215979
cw_wam,34.400000000000006,0.1298841474884705,0.36195583945821397,0.6991065551602591,0.6456046667335953,2.008030307700752,2.3489409754218573
cw_wam,34.6,0.3822545499723504,0.6131717186654159,1.4647631033879491,0.6633396894650395,1.9243507998689513,2.3081334011725683
cw_wam,34.800000000000004,0.3406827949273526,0.5085163333518008,1.166062816247903,0.7130262344855843,1.905812479511373,2.3310119315437627
cw_wam,35.0,0.3991833193568411,0.7103034032212229,1.9551010900144559,0.6725736087442301,1.968381572359786,2.326113187152803
cw_wam,35.199999999999996,0.6436992250110872,0.8374249349755503,2.4013091666807904,0.666883983532892,1.957885296545216,2.3522395896117128
cw_wam,35.4,0.29161855753624655,0.6663094985158928,0.8811631588494421,0.7951048934831125,1.9780944539287213,2.3735623458630197
cw_wam,35.6,0.32401669751944584,0.5928443803077414,0.7275089532802075,0.6832850268167996,2.018937853869208,2.3928193927040375
cw_wam,35.8,0.42919193423671315,0.509815230553804,1.6751488818002653,0.6805319442035771,1.987244145596209,2.384220827959365
cw_wam,36.0,0.34678473014340133,0.6052268775147515,1.4805496742809974,0.7213234215410593,2.0101810250948287,2.3911179688999797
cw_wam,36.199999999999996,0.43275736138282606,0.7959468539596884,1.3683745584230322,0.6724915716076093,1.947636738041151,2.3518040595678738
cw_wam,36.4,0.8541739232565149,1.217766465154738,1.8760220520795459,0.6645234584616933,1.9289705882139172,2.379220101789614
cw_wam,36.6,0.9416296880718399,1.7114697637805036,2.4658329295291668,0.659464099648954,1.953497318154372,2.402138299000185
cw_wam,36.8,0.8459229618588172,1.5143486167239744,2.342297936503482,0.6629180367520928,1.8538772007672835,2.3739114607316525
cw_wam,37.0,0.9971238772357798,1.421267182185282,2.274845487371321,0.6277443609277265,1.74143731588238,2.3548759259933787
cw_wam,37.2,0.6961633243984116,1.2066553640295634,2.0745460631322308,0.6922691157929137,1.928820731337469,2.3564554639635524
cw_wam,37.4,0.6341660699147461,1.1366353171670782,2.7584989332704337,0.7040130746742199,1.8113466659965831,2.3652151370840473
cw_wam,37.6,0.5976512335527351,1.0505182218517863,3.446577797345661,0.7076042820199546,1.8867633671705577,2.3750509506786996
cw_wam,37.8,1.0491509126675864,1.5863271815862856,2.9517871272418565,0.6705416727131848,1.9598596118990534,2.378809028527652
cw_wam,38.0,0.5954166883073098,2.5683661674189446,3.280083636804639,0.6892370207921878,1.9152227788732643,2.348685656189687
cw_wam,38.2,0.5097275696050787,1.1419722432952388,4.053846728529844,0.7734933082363744,1.9413511502367016,2.3456712116057687
cw_wam,38.4,0.45584925087443284,1.1426300587697988,4.291886622123679,0.8459208153013379,1.93333489166044,2.3718628355242686
cw_wam,38.6,0.51002524422497,0.9231218331434616,4.3006778425366115,0.6810117865990105,1.8950429266409148,2.3668575053121623
cw_wam,38.800000000000004,0.3922813750812182,0.8697142753840029,4.844176461233872,0.6893921803200314,1.8902618829472793,2.337634633978044
cw_wam,39.0,0.5046694159137503,0.8493285078035921,5.15779269923531,0.6382645859484848,1.880774314786325,2.4030100463794586
cw_wam,39.2,0.5570334628291701,0.6448545461085986,5.597118732122081,0.6948983694742041,1.8495593105420476,2.3401835436430303
cw_wam,39.4,0.6300184727246128,0.8816116819052143,5.8990511116472835,0.6454948598760529,1.8663837540156798,2.3301798953681234
cw_wam,39.6,0.9937996871510265,1.5646487368449313,4.60296752955882,0.7448300275494456,1.9527779986168843,2.372562649728801
cw_wam,39.800000000000004,1.017541412448904,2.4328724422274632,6.123430206848717,0.7232997829834622,1.9560361297577225,2.377756474180816
cw_wam,40.0,1.195451967225193,2.8180164741850424,5.224875259441386,0.694846547207106,1.9388705073884684,2.4237930622752275
cw_wam,40.2,1.5020119628388315,2.7030409278436576,3.2046962707891495,0.7285523648513961,2.017334692792145,2.41454209098937
cw_wam,40.400000000000006,1.6933385761956163,2.3915144331168983,4.213409710281101,0.9238522667140963,2.0075762766722236,2.4359104208693245
cw_wam,40.6,1.4211816070958103,2.1380558864379626,3.450768759944332,0.9624171152957974,1.9999043781095631,2.511653951752467
cw_wam,40.800000000000004,1.7120770109984753,1.8660849783185638,3.2984871225458425,0.8079666793687665,1.9260042077514032,2.5624602853544554
cw_wam,41.0,1.5529917256974508,1.9449988087734724,4.167200524610675,0.767715685449748,1.9157380554066383,2.664823094348491
cw_wam,41.2,1.6794096644547414,2.6973978208473537,4.264883540159054,0.9036316438358081,1.7441495004267789,2.588485178286963
cw_wam,41.400000000000006,1.3578189231308884,2.0404439262692895,4.079096875632062,0.8591830452706335,1.8328154992863936,2.9496355160517242
cw_wam,41.6,1.1546894209405245,2.0246657919689257,3.6082295889106115,0.9570816013921883,1.9389578541721386,2.822211221755436
cw_wam,41.8,1.1890559301261865,1.9956625322691612,4.20282640380471,1.0758662784843653,1.959430369980228,3.0455127096999344
cw_wam,42.0,1.2388487056065882,1.6750977022915239,4.263188942837278,1.1403697087609381,1.9706669958889749,3.3255371479307962
cw_wam,42.199999999999996,1.086826162174259,1.7883892441878246,3.7152657707799097,1.2448809005243766,2.112450150224327,3.3638283120889843
cw_wam,42.4,1.0748933578388775,1.4358782334362534,2.7102278432969706,1.252340905556924,2.0999383588295855,3.4513127922519
cw_wam,42.6,0.7339342793589324,1.1509944289689267,2.6252921874301878,1.2441100340866764,2.1160172836684192,3.530375644604776
cw_wam,42.8,0.7483448322638498,1.509539956231727,3.6339877309032715,1.1961943194541473,2.105058191887772,3.5470361294527355
cw_wam,43.0,0.7219758189119139,1.5497313526861047,3.681265152876267,1.3238646440572932,2.1250617188438476,3.5560103233502516
cw_wam,43.2,1.3539089570320257,1.7583071538348782,3.4653242085020173,1.3561308914854455,2.189984481446789,3.57957358289057
cw_wam,43.4,1.5631830380217853,2.5245507012222745,3.5269108699026437,1.3222415783428205,2.1606866392852657,3.6650167365224617
cw_wam,43.6,1.4981295118818327,2.5948647149870006,4.5757608798034894,1.3422304793721491,2.1822129201648703,3.6423547478345633
cw_wam,43.8,1.4857708016593527,2.5693722644369013,7.797956022130175,1.328196867757144,2.1947188056843325,3.5407473224902675
cw_wam,44.0,1.680411602574058,2.783087721896368,6.150087032277074,1.287756245818818,2.1829276755555327,3.5313978638168217
cw_wam,44.2,1.6812914092619557,3.1491828851957138,5.769892394394238,1.2622069069485624,2.1622744939016,3.4398658247354774
cw_wam,44.4,1.3570600086523283,3.1158524981361033,5.277189879819542,1.3256513293477274,2.205046647868244,3.622588915469945
cw_wam,44.6,1.796005600503096,2.8848154487910254,3.679763613321702,1.358698495594748,2.1913702799604593,3.7275581527893413
cw_wam,44.800000000000004,1.99712780887081,2.522921147656414,3.8408222138797483,1.354772433509783,2.1919416091360775,3.8460998330733167
cw_wam,45.0,1.572094262081091,2.549708054428347,4.086183644654609,1.2948826243057192,2.204704953177589,3.7765282300377914
cw_wam,45.2,1.925398100676025,2.523726733572762,4.492525303196628,1.3879238238455365,2.187127505900269,3.8710741182075794
cw_wam,45.4,2.3213174923076676,2.9995191288366865,4.611325617453739,1.4172390990001162,2.2910132834059542,3.6475197852615096
cw_wam,45.6,2.3378685667668786,3.597028007301017,4.9931796408081395,1.3620575127278356,2.2429235579438,4.028020362965041
cw_wam,45.800000000000004,0.9744102569456816,3.501251433482966,3.869210004729926,1.4208663922266076,2.2141899560817726,3.8242263613237797
cw_wam,46.0,1.1568290479290868,3.1819314688495615,4.625577192192246,1.3047564884478242,2.2095001161689773,3.991399766079482
cw_wam,46.2,0.5887073708610279,2.1935712809731727,3.82789883337759,1.3308152704509923,2.270924048758354,3.7383133530379764
cw_wam,46.400000000000006,0.8224821923377028,2.093739215736932,3.516613300955344,1.3902016487507318,2.268685662365611,3.8033587347611917
cw_wam,46.6,1.2520359643523606,2.058627100962784,4.789374694432665,1.3238045817659387,2.2669564913251787,4.043576936429912
cw_wam,46.800000000000004,1.5202407371113518,1.879806813210791,4.2041415763064025,1.3114492709937517,2.2930324768373818,3.9337056314483143
cw_wam,47.0,1.6312152342574913,1.8647971833344845,7.3845875166540695,1.3900797944431704,2.2678535710434553,4.080346310654092
cw_wam,47.2,1.4129926786669178,1.9801601226061332,6.595913375125654,1.4271647054834917,2.1949234967777604,3.9207767888832237
cw_wam,47.400000000000006,1.5646762090555835,1.9476605197189518,3.0490667861001413,1.342890549222131,2.270206327344184,3.610394987487708
cw_wam,47.6,0.9349688712757919,2.2680847274649962,3.6810689204104086,1.4690178474421984,2.2799901999406624,3.7244091978687446
cw_wam,47.800000000000004,1.0164812530218919,2.1451279509163754,3.1065835022543964,1.4226874860981558,2.3353948031575475,3.6920296564443964
cw_wam,48.0,0.9898478701173582,1.8019176217929846,2.342994488495802,1.3860900781695558,2.3012622250269517,3.5541886388257864
cw_wam,48.199999999999996,0.9620531004741099,1.5456907147854562,2.7002374368485533,1.4728925305319303,2.304966238088618,3.9601160514476677
cw_wam,48.4,1.0422729035511171,1.7682439553677554,2.3544689571646304,1.47913050529493,2.2775724823554433,3.771903138872874
cw_wam,48.6,0.9011147888202656,1.7606252677677545,3.6678005738025674,1.4373534448462797,2.2311970528688794,3.644910883617876
cw_wam,48.8,1.0286603654680728,1.586141851498891,3.14419391448852,1.4675607546641825,2.3094099999484223,3.8370337676656234
cw_wam,49.0,0.7645518234062046,0.9768809415562447,2.3461861397921395,1.4940667586682224,2.320916868357579,3.7107914811784717
cw_wam,49.2,0.6575467520788573,0.9391678572664319,2.034896009753614,1.43007561316883,2.3569240635927136,3.7365530886705924
cw_wam,49.4,0.6460636877055292,1.0253405735314423,2.409264892719388,1.3918641287671478,2.3335113134175183,3.7801903367797585
cw_wam,49.6,0.7108725518486237,1.2166478829276717,2.6199422122287714,1.356696085391778,2.3113410262469567,3.759568115256448
cw_wam,49.8,0.8458286838358113,1.656421885980616,2.3697048909718847,1.4025848370930263,2.2514508894416587,3.7156255778896976
cw_wam,50.0,0.8740021075823233,1.42804807845623,2.4455221320485117,1.4087455276488554,2.247246420238928,3.8547452112979106
cw_wam,50.2,0.777183112549121,1.468918837873453,2.506806801377,1.4045247176791837,2.2220505930665646,3.7736716043762377
cw_wam,50.4,1.0716017734873364,1.393294136619396,2.1470757771051843,1.4316263932662405,2.213918224225085,3.763434671074114
cw_wam,50.6,1.1064173512027986,1.3888497018674548,1.5861637729788645,1.4569264494960872,2.275009209059195,3.741244802282616
cw_wam,50.8,1.0588688866312879,1.3546551739660804,2.6348363121816973,1.4733145028271515,2.2986608341339188,3.7897029834210985
cw_wam,51.0,0.9925379097077949,1.4681803327434906,2.501414768920156,1.3852249696907941,2.286836174982467,3.7418010897863168
cw_wam,51.2,1.0784859796018922,1.8742629034081733,2.258109828864841,1.3379503778156865,2.290552826854455,3.756153219552811
cw_wam,51.4,1.0954257869849182,1.7013493815826315,2.0622073443931015,1.2775262480269876,2.245969647866254,3.6381970516651077
cw_wam,51.6,1.0848629926410434,1.4731589485921313,1.7544353426951913,1.3565110410862256,2.2548713669537563,3.6712086816811116
cw_wam,51.800000000000004,0.6708494957195074,1.132017197940174,1.6487904878787616,1.2449404056624949,2.143069637378872,3.659577694665403
cw_wam,52.0,0.5978456675406316,1.0989667946560402,1.6682921314609158,1.3194294836056644,2.1784572825652355,3.5843886135401055
cw_wam,52.2,0.6400195521321983,1.1411020859726415,1.7995254889722851,1.2526897718328185,2.2627621983417034,3.676486574560652
cw_wam,52.400000000000006,0.6752531176494162,1.3032235023831669,2.6330651216029275,1.363504034537904,2.3452079867924933,3.824108613368477
cw_wam,52.6,0.8927763020269373,1.0997568669879687,1.8917781103741473,1.370008606332112,2.3963367460190885,3.927548846618609
cw_wam,52.800000000000004,0.9583542178499149,1.1110601009381071,1.4447782919036374,1.4407411765557465,2.364695047330827,3.8824091123456186
cw_wam,53.0,1.0536044988724234,1.3776651142138832,2.463762970751434,1.440151432526381,2.4213084948424974,3.920801007776736
cw_wam,53.2,0.7083091526570335,1.2162352892049892,2.242269364189978,1.4543671625765653,2.4114730403826368,3.9274569899929643
cw_wam,53.400000000000006,0.6442435929006889,1.3245647730841257,1.9897872969140598,1.4376129910067041,2.444350942697699,3.980241386293007
cw_wam,53.6,0.8790188294981091,1.2049389456617967,1.719500824370323,1.4786253693654559,2.4861865973021438,3.9304054976162535
cw_wam,53.800000000000004,0.8686026088011404,1.2329983509390803,1.6137310947791483,1.597025970402272,2.4434904317500723,3.9544308996651054
cw_wam,54.0,0.8198681659976689,1.2923847739213632,2.0931095903114443,1.6628098029659275,2.449968798959762,3.923568643496424
cw_wam,54.2,0.9278520609267423,1.1899800494187414,2.1008964970052615,1.5784263828961984,2.522981690204803,3.8893253765348885
cw_wam,54.400000000000006,0.7272445012445948,1.0896985878459908,1.954235115003942,1.556770566435468,2.465137189162376,3.880719374901443
cw_wam,54.6,0.5682804985244241,0.8167110182288817,1.4117048601735067,1.5009336964324933,2.462860658100216,3.8192272621289645
cw_wam,54.800000000000004,0.48815997021273244,0.9886709139731648,1.491197560193809,1.5253911937750029,2.444176815178101,3.78797639344612
cw_wam,55.00000000000001,0.8337984500348291,1.2727597001054345,2.1268734881311255,1.5612937854462916,2.397385573517345,3.725359222383218
cw_wam,55.2,0.7763787333567522,1.1528425845944152,2.208341106069985,1.5528485966160293,2.42053197699727,3.8320461163861035
cw_wam,55.400000000000006,0.8589610941069896,1.3668459049187334,2.105022169015668,1.5879557881052535,2.3718849323762154,3.7698844964098575
cw_wam,55.60000000000001,1.0113001433963136,1.3274312246980007,1.8521931317896922,1.5915293644784108,2.4141948594285587,3.810667009977209
cw_wam,55.800000000000004,1.0246723822305683,1.523517877965268,2.513028477383493,1.5751870731305977,2.4077039240148808,3.7130383835012175
cw_wam,56.00000000000001,1.0150527871006532,1.6037460827932395,3.023640149692272,1.5733988998483495,2.4071108349048083,3.878695850068353
cw_wam,56.2,0.9370610172004971,1.734100901482024,2.762439575977298,1.5682698326350668,2.48103833594452,3.8394388354626092
cw_wam,56.400000000000006,0.9406278176881228,1.6320440183953133,2.703900446758796,1.5699025812376288,2.469375082050116,3.8078053007079036
cw_wam,56.60000000000001,1.0170255677198687,1.845739815072591,2.465871847659143,1.5758402775051805,2.458879270396836,3.697584818787692
cw_wam,56.800000000000004,1.3475651328613965,1.7443639763859,2.4171365344528652,1.570187690291255,2.439775879813733,3.6338696744671357
cw_wam,57.00000000000001,1.2117694971709045,1.5844929002762322,1.857809585695102,1.5861287797770964,2.554575227326163,3.665058777044416
cw_wam,57.2,1.3098586695853442,1.7141205620063853,2.0116074111051416,1.6442185396937217,2.4337157642341274,3.7101507725197016
cw_wam,57.400000000000006,0.7646527655061737,1.5827843707514784,2.0083882063240432,1.7220650668196273,2.4494618234434515,3.578589433485764
cw_wam,57.60000000000001,0.6224279355124448,0.9559340041622959,1.7322858411609292,1.6759997945231166,2.5050578177407834,3.604508676498204
cw_wam,57.8,0.7856163144139805,0.9912490878923351,2.4692616253088455,1.7205405946468342,2.517999014229959,3.6518091441123453
cw_wam,57.99999999999999,1.0193355664815493,1.5144440762150113,2.6488627901566066,1.727018069237205,2.519367977674199,3.79794764049463
cw_wam,58.199999999999996,0.7573233651418935,1.3806396143923865,2.5214873337666717,1.7174289215327507,2.4202777721125104,3.7613340000387208
cw_wam,58.4,1.0571967078130564,1.5070824891799595,1.8957366924156045,1.8190362140470908,2.434950978449821,3.693865227435297
cw_wam,58.599999999999994,0.6641808708669203,1.6238762738241148,2.185687720236861,1.8717870810872421,2.4768282910946957,3.724931008949071
cw_wam,58.8,1.5919829177333935,2.012122829076953,2.1643508146026704,1.7871490235930991,2.409665106798866,3.494958397228966
cw_wam,59.0,1.6661000632872385,2.064387393567018,2.7408367533381885,1.8091111941173592,2.378429981281127,3.5071718314769798
cw_wam,59.199999999999996,1.7074080995188998,1.9432073625778719,3.1055367353705643,1.6828883188672468,2.3495479801870567,3.478753917937256
cw_wam,59.4,1.2712962117700466,1.9341793566809817,3.5059065495481985,1.6228819896193911,2.3409778045960103,3.3749800277866946
cw_wam,59.599999999999994,1.278011790097578,1.8476243732046636,3.0510664088230097,1.6099835390085355,2.3558040649261156,3.304613071072287
cw_wam,59.8,1.5710068914625992,2.298876577286769,2.8936936100858266,1.6583787318672238,2.3298788132806916,3.2874117158149705
cw_wam,60.0,1.2020255133508309,1.872069034257806,2.62410094707442,1.7604017864995687,2.390692258320281,3.211727991951209
cw_wam,60.199999999999996,1.3457876675622287,2.620376459348335,2.8569600079160526,1.7680199669612344,2.376332388514475,3.4328982797366354
cw_wam,60.4,0.9953095219056411,2.6225838707650175,3.2368619628496074,1.700862751136077,2.3875527579407216,3.352228069162461
cw_wam,60.6,1.4283173258455213,2.68604534903819,3.194162948122425,1.7012367603408334,2.4191670787627024,3.579762650905911
cw_wam,60.8,1.7043390611743787,2.5461720152953697,3.2873158553035213,1.7282277444332326,2.4308621715639993,3.407272760539019
cw_wam,61.0,1.8958593418050158,2.824250285645913,3.348336317689332,1.6587132761252072,2.4052278529707514,3.3872345487887845
cw_wam,61.199999999999996,1.7297028114260304,2.475928361510942,3.0871462480028886,1.63061688523553,2.3569332624393824,3.427642648587887
cw_wam,61.4,1.5398561579207093,2.3116100200723597,2.983140777345334,1.5538713652375784,2.328887396171811,3.588136104907101
cw_wam,61.6,1.2005848934657073,2.120483559432009,2.95053172861553,1.640365139814335,2.37095884072787,3.389763654202819
cw_wam,61.8,1.1453467043452383,1.9029816432486228,2.6281330840113135,1.5898484981239447,2.364896346265791,3.3513735716830566
cw_wam,62.0,1.1809531145168692,1.54081733074291,2.217525378767724,1.5858297422575618,2.4027900399216766,3.321642850108901
cw_wam,62.2,1.067173585211986,1.801074628917522,2.256384879551577,1.5620288127628645,2.4090912941385705,3.3417584217581076
cw_wam,62.4,1.0345010021767196,1.4785592155783187,1.9218472024544229,1.5606514940238634,2.3989888708091827,3.267938451877529
cw_wam,62.6,0.7513653944436329,1.498323382589844,2.3355915086036556,1.55202561140341,2.360520813146237,3.283280926602726
cw_wam,62.8,0.7079597645606477,1.9460331506631288,2.0123887454280327,1.509817434326908,2.3397626466739005,3.348308067717613
cw_wam,63.0,0.9982277488392491,1.7627110100912722,2.1115848129685157,1.5438385486191577,2.3026632563737635,3.1559922711735036
cw_wam,63.2,0.5683972309685554,1.4731331311112659,2.4221510209704395,1.5422236410493106,2.4085940973545514,3.0972766028323035
cw_wam,63.4,0.9334980837108118,1.6464633911021074,2.380336518057572,1.584163085446822,2.3780538580417385,3.2966512251507396
cw_wam,63.6,1.0444087843753354,1.4682480778505076,2.2898411890314776,1.6221182282558708,2.3255447290478415,3.4295492273358024
cw_wam,63.800000000000004,1.320057860375709,1.5908509532733512,1.8716335174241632,1.605036493814945,2.358088192058413,3.661907595401901
cw_wam,64.0,1.381901350009423,1.5643235901238277,2.09424727364725,1.6131754315523446,2.3562021587847553,3.5380375584281727
cw_wam,64.2,1.0554163282105444,1.4297811600043133,2.61087761911159,1.5886253959037597,2.358144569588705,3.6072044318513226
cw_wam,64.4,0.9793586837242082,2.013235689475489,2.2688205645409902,1.555629550278246,2.3571691179579832,3.634555121033888
cw_wam,64.60000000000001,1.3388186184700337,1.9313766836530468,2.515883132028953,1.5965623196261531,2.356220490955502,3.6581240970016196
cw_wam,64.8,1.3468077754066943,1.9850350561665313,2.5007143106311345,1.7064127841305796,2.3754837284103907,3.798653150716581
cw_wam,65.0,0.7484960380970531,2.0180113567559097,3.0566322965003248,1.6738437834782944,2.432469973648195,3.7023533229046715
cw_wam,65.2,0.9377429254449554,1.75242068731168,3.4599387971252824,1.6710476952153788,2.415305763240569,3.7707422580432803
cw_wam,65.4,0.6572132980920808,1.9778061836618717,3.0526537267866063,1.6853776110395986,2.409309378482748,3.8251831020334057
cw_wam,65.60000000000001,0.7929581882584551,2.3542930421069075,3.061781435963628,1.6488656021261683,2.3777659341267525,3.826214468455884
cw_wam,65.8,1.7743890365153752,2.527460754475096,3.223551563814507,1.6109041605860848,2.344467150371007,3.8855167558009667
cw_wam,66.0,1.621450585577017,1.8818586112126328,3.4594207038850993,1.5759758828235686,2.331448538467234,3.781056656375253
cw_wam,66.2,1.7932697980224672,2.2624685856567837,3.7961934990208217,1.6695119151855478,2.3929078235821066,3.8878239379064845
cw_wam,66.4,2.0910416468216817,3.1719314384086763,3.5465358396837106,1.7230553950085068,2.3226098103050887,3.9544691229331783
cw_wam,66.60000000000001,2.3128148121875687,2.481304609666345,3.7350627403250756,1.6741243635110064,2.397017980367974,3.7478468480275433
cw_wam,66.8,1.9770762526608108,2.8287005244912646,3.7292949557319464,1.6815173926796134,2.4475490747713042,3.5977661837635946
cw_wam,67.0,2.1787583182307415,2.6511452561472812,4.031999291179966,1.6838696963043547,2.444953861156837,3.8221542274010947
cw_wam,67.2,2.261795883095801,3.1324602443954106,4.743325870166884,1.739486927983825,2.418696013421461,3.908218631819893
cw_wam,67.4,2.584661855513296,3.050995331529027,4.228201632127131,1.7469115670882218,2.389313006112362,4.04721963982715
cw_wam,67.60000000000001,2.0311418512727144,2.6802177886313343,3.6574936165138143,1.7224664478387748,2.377637044575608,3.8826872433938675
cw_wam,67.80000000000001,2.375373494201967,2.6125187048138248,3.6677224655751877,1.702236465224281,2.3753864836000678,3.7959510771736324
cw_wam,68.0,2.034706001076773,2.2924461035526544,2.9104476327117714,1.7253685336562607,2.455637402365878,3.7439371929773064
cw_wam,68.2,2.3234507834698386,2.675903996397851,3.529099828926926,1.7122602842365926,2.4037842238883127,3.660146154395641
cw_wam,68.4,2.2655595641143296,2.9794868911502235,4.534768125974911,1.672852630617218,2.4172550554070544,3.6965345577759843
cw_wam,68.60000000000001,2.2614430359584325,2.794909955960504,4.553780430730855,1.6357804585445648,2.4802318675539388,3.6538094918071584
cw_wam,68.80000000000001,1.7910900103414475,2.562898612032453,4.213030251280584,1.68885410274254,2.393662542683357,3.6782923199774085
cw_wam,69.0,1.5105018998927209,2.5280335582190934,4.335280667178387,1.6657641460815846,2.39267981965239,3.674427776830107
cw_wam,69.2,1.642284873540933,2.107998226791399,4.353413865198293,1.647035192814637,2.3639391589659158,3.716441702945721
cw_wam,69.4,1.5169750205238248,2.9933805231040305,3.882688383296384,1.7304155005968094,2.402566551493262,3.575932115073455
cw_wam,69.60000000000001,1.5658611732254242,2.71870093115879,3.332992753160882,1.7704679001152392,2.4807584905114113,3.6216038572838998
cw_wam,69.80000000000001,1.8473313299068006,2.6915150576192812,3.495395166976508,1.9213000756201006,2.4830376195352746,3.6632863017326067
cw_wam,70.0,2.2678761921573396,2.7300520474252883,3.6250018780057993,1.7700256954450466,2.523513654714483,3.7458937341284013
cw_wam,70.2,1.8737920729411224,2.990029659653756,4.262564201935872,1.880704545871415,2.5301076785046157,3.61192478211835
cw_wam,70.39999999999999,2.063239733254493,3.1425433169456496,4.624449547730649,1.9556199180081404,2.4731167866552295,3.7050521849770623
cw_wam,70.6,2.2145314561823777,2.775199548681062,5.117977247753066,1.8998272729215262,2.4684003756748236,3.7794893853444336
cw_wam,70.8,1.2360072738345198,2.5504712714556046,4.649682621747033,2.019167467583417,2.4995787933822764,3.797118869188466
cw_wam,71.0,1.2625129483974264,2.777350947883684,5.1680518060646,2.033400281894902,2.565837152910794,3.838285182627767
cw_wam,71.2,1.4253145008916395,3.3057260656075087,5.2165106522968765,2.064383932112868,2.471101434313865,3.951532093871395
cw_wam,71.39999999999999,1.1448929504912935,3.1613481828077834,4.895786985894789,1.9591987339172137,2.547520196334885,3.9517708013096833
cw_wam,71.6,0.8717029705223216,3.2026677782522874,4.287559747900177,1.960470500195746,2.579530756081751,4.111666759685696
cw_wam,71.8,0.9070243271470805,2.287396996293911,4.115274147047571,1.8679435427322608,2.5285919924133182,4.11657145525122
cw_wam,72.0,0.7498134848772575,2.2365849421886854,2.436141721841395,1.955815147078012,2.547166744674223,3.8375477043025734
cw_wam,72.2,1.1384012257211704,2.0001199966364376,2.6047646296392113,1.9161788512459723,2.5317275195761653,3.727882646960108
cw_wam,72.39999999999999,1.5738756120881854,2.080975832817195,3.6304583714897505,1.852849195185415,2.509564974015997,3.785240883013759
cw_wam,72.6,1.1842808632935744,2.5312694205437154,3.665211282113785,1.953244848149637,2.5850780352148024,3.768855955500622
cw_wam,72.8,1.2762303513360842,2.529628469297693,3.4228096196928086,1.9414993669989373,2.573081190984293,3.776926087205553
cw_wam,73.0,1.1642169294200402,2.2814425653066692,4.262379135624725,1.898762929256554,2.5629310871653765,3.7087608349520504
cw_wam,73.2,1.1166130930663405,2.164543975772625,4.165920390760937,1.880420833342203,2.5685517417833084,3.7074662798461526
cw_wam,73.4,1.637041725796366,3.5631936597638965,3.661261959367462,1.8918725443429254,2.5633258936640746,3.7046372090864175
cw_wam,73.6,1.7689253987749969,2.832584767992853,3.9087007535001255,1.8503213969462067,2.578096894879078,3.666876380666444
cw_wam,73.8,1.3173989250452984,2.363072836855107,3.9005136042974926,1.8133177365589386,2.587941994690354,3.6897896363347407
cw_wam,74.0,1.1865137274995128,2.612654862641558,4.317207492348755,1.7866958643366944,2.463540861732832,3.86045488269604
cw_wam,74.2,1.2795072126460598,2.368955886880524,3.2035822463056913,1.7437353683991712,2.5833216803971646,3.833329319387737
cw_wam,74.4,1.1008625411305537,2.5916048655766692,2.996113884362032,1.686499338200039,2.5721659978545133,3.707226888319908
cw_wam,74.6,1.5441217331099584,1.9715540566574696,3.4340827402706653,1.7155270006597014,2.5650661696183437,3.6305627674684535
cw_wam,74.8,1.5605320710065973,1.8234020761916443,2.9283176760654115,1.7108376714794402,2.596439359352713,3.7212775801040694
cw_wam,75.0,1.596164116324922,1.97730957432131,3.2012606064649183,1.7408822615166224,2.630453916223701,3.6916709728799177
cw_wam,75.2,1.379455312788541,1.963412646282752,3.2642026975931446,1.7673553242913667,2.6359684692972944,3.725712376636197
cw_wam,75.4,1.028945294380796,2.111857294980686,4.171139218133435,1.725756755507311,2.605191207450512,3.7607011911776635
cw_wam,75.6,1.0730435728791166,1.3652048875157738,3.873495166499532,1.757486739995754,2.599735426829252,3.90818440438131
cw_wam,75.8,1.016438396427479,1.549220505129523,2.6912139723370703,1.6817866292511923,2.6494722417061993,4.169139294681288
cw_wam,76.0,0.7729046442782652,1.9895107345351568,3.230533722695175,1.7480611861204054,2.656372360973058,4.080117240779235
cw_wam,76.2,1.0925033167102158,1.9080679975782,3.354971507790391,1.8437687656112245,2.753444391871819,4.234172428743583
cw_wam,76.4,1.2016078009933124,1.8270954601230995,3.323689123375845,1.9383083543387973,2.7299687989235473,4.434643106342467
cw_wam,76.6,1.1639801472417792,2.6259447331610537,3.8505699304250625,1.8894405302473867,2.81863549957354,4.332911253869674
cw_wam,76.8,0.8767699826034524,3.2043734645907707,4.795029928520146,2.0087101363677986,2.8030008838205362,4.3034182677723365
cw_wam,77.0,0.8672831663058603,2.838078195999895,4.830917360767905,2.012445972362773,2.881698758046817,4.358796263010433
cw_wam,77.2,1.2869616137643312,3.0419247629565036,6.03445597305585,2.087075455990885,3.0519684876234034,4.3550637724664085
cw_wam,77.4,1.3289153369228919,3.2391830311104486,5.786137671010837,2.0813787821188448,3.122113256721488,4.490712339559305
cw_wam,77.60000000000001,1.225192049785823,2.7558845614301166,4.906499266815958,2.1000755744816146,3.188028228641922,4.558000595349797
cw_wam,77.8,1.3092082927095132,2.667933246538521,4.934077046908032,2.1211748981139134,3.225094901975789,4.678704845547038
cw_wam,78.0,1.570759057730469,2.62910162610523,4.50136401068264,2.2333253836995084,3.1281266982242015,4.5267814193246005
cw_wam,78.2,1.9248734525881748,2.846478184343817,5.403444648916625,2.1358148909572576,3.1283580698123554,5.007671188535516
cw_wam,78.4,2.0628734626582523,4.369477523226456,6.066654022721098,2.1187824345100044,3.144609068940728,5.035692332182839
cw_wam,78.60000000000001,1.9075208951651164,2.339642664243361,6.221308831198494,2.1340749868597393,3.2799607621271423,5.106534532226324
cw_wam,78.8,1.7292797158690867,2.687406378526451,6.6375903362014155,2.1212795147131125,3.2415371450130195,5.082737285680449
cw_wam,79.0,1.478896684902424,2.474572513048613,4.9619760699387765,2.104358317736095,3.2915424094776373,5.158224344319175
cw_wam,79.2,0.7603522313894386,2.1927478671616893,3.9347247240897967,2.1759063589425964,3.1691474867431078,5.015276611248286
cw_wam,79.4,0.9393970492297378,1.9765879882752373,3.6756867779612703,2.051443792729778,3.052806582226205,4.945169409523145
cw_wam,79.60000000000001,0.9720014091066345,1.9610272269585847,4.452856962428437,2.042319596610316,3.0009600669740686,5.051824413275353
cw_wam,79.80000000000001,1.084158163606953,1.8035431827013468,3.9454938734998812,2.0507651570025556,3.111613838443776,5.385595155935353
cw_wam,80.0,0.9913335934544245,2.2818218873064513,3.481192625538119,2.0630153662455464,3.191636633551333,5.345403936010004
cw_wam,80.2,1.0784680066145722,2.1857097491973145,3.6286607650017357,1.9827670092318632,3.2733938682558317,5.71492829448825
cw_wam,80.4,0.7744346746830842,1.704419386953038,3.3372396316249833,1.9268939184755998,3.2651376077725236,5.687667377698924
cw_wam,80.60000000000001,0.7107521206968014,1.5727842776732741,3.0071332222733878,2.0081420411884805,3.262821530542723,5.7212319566684435
cw_wam,80.80000000000001,0.8417982553239842,1.5862161271372464,2.930820309939629,2.0543141524603366,3.2317081197947117,5.4296045073388175
cw_wam,81.0,1.2307630799979439,1.650326117020391,3.217404182803671,2.0633057311708267,3.274585218582031,5.867330853410678
cw_wam,81.2,1.3374640191531726,1.9521568235499165,3.974760622889734,2.048043681545973,3.3130864221504983,5.774920726085816
cw_wam,81.4,1.961996871503151,2.844123673660968,3.1244673173667445,2.1109006531292476,3.276563562561769,6.118083851970166
cw_wam,81.60000000000001,2.088428361290247,2.6728945456212743,4.402204684794968,2.1333256860804344,3.293519621065112,6.096785566287036
cw_wam,81.80000000000001,1.9748549495656582,2.9551725403685474,6.131623110602993,2.0839405140461373,3.357634985834021,6.04412398140353
cw_wam,82.0,2.437702556946068,2.661820893743677,5.508686676783345,2.006770955789775,3.381566972282979,6.041715447789552
cw_wam,82.2,2.400309633665816,4.379012575305033,5.747174080521998,1.924810719842614,3.409533264167272,6.030032046703873
cw_wam,82.4,2.2961573352992173,4.6789183139607164,7.603286279393087,1.8777146071786452,3.274477603951195,6.099443740614481
cw_wam,82.60000000000001,2.2533399629656055,4.937356242735626,8.09606300412746,1.8175128463918333,3.2948419121968,6.0485800646688315
cw_wam,82.80000000000001,2.0263785749290193,4.707704922277241,7.924115230460303,1.84566348567436,3.097739680579363,5.712848154058349
cw_wam,83.0,2.3985469534355013,4.512225869535269,7.903512589803631,1.8482051822562602,3.0117969179469,5.311793489251788
cw_wam,83.2,1.91072994569151,4.686314725463411,9.710002030788793,1.91590752369486,3.043413818501085,5.316513309911821
cw_wam,83.39999999999999,1.8513041764009945,4.896045697064458,9.922660305141628,1.844197893182306,3.0351774691925213,5.686618111494481
cw_wam,83.6,1.7692983575700814,4.761439533313183,7.08431856911127,1.8074368679117248,2.9276611522210976,5.56772541972965
cw_wam,83.8,1.6835012685765451,3.7174581324917284,4.809596961069931,1.7592195209739916,2.849879860041771,5.220170803929993
cw_wam,84.0,1.5228859706268214,2.943871677619584,6.068675281283256,1.7726092854143543,2.7737696956606146,4.799124353833991
cw_wam,84.2,1.4730019081655952,2.320394946878018,5.607678957686201,1.698773299257653,2.714303438225852,4.799585663456982
cw_wam,84.39999999999999,1.550858548089899,2.6180604727292778,7.712448393227338,1.6511191715742963,2.585349882753637,4.430907259656681
cw_wam,84.6,1.4999858309919865,2.7456159155029414,6.962489927222719,1.6057579792717915,2.551221305814886,4.491288504261654
cw_wam,84.8,0.9910956011338306,3.389670231916539,4.634721232164469,1.6027849390243327,2.446339367782909,4.7861613750017975
cw_wam,85.0,1.1697386575529682,2.3379749719019243,5.386994273052107,1.5118014508143214,2.5001818812784435,4.558670792581285
cw_wam,85.2,1.233073337829796,3.123503118680633,4.024310801621632,1.4880403241836815,2.3725458824170356,4.471523953417238
cw_wam,85.39999999999999,2.1393559172067507,3.446997212770424,4.770618543151081,1.478254505530884,2.2908505353805797,4.377830127065951
cw_wam,85.6,2.4268455461392864,3.5962340035495384,7.227103572840557,1.4532600042202952,2.1725639661908454,4.187032113903311
cw_wam,85.8,1.768292295743975,5.521626414726267,8.46676147944378,1.2384787743693288,2.0196909184573713,3.906990424758971
cw_wam,86.0,1.701927087919264,4.446498070829673,10.283466095371939,1.2831410253420719,1.9487029537602072,3.830786719806904
cw_wam,86.2,2.877156179465272,4.222471641964672,10.204339484251248,1.1752495125301825,1.8466149328552393,3.4483087212903145
cw_wam,86.4,2.8280556740654546,4.766716646538123,10.110319159177548,1.1555581700729514,1.807213921275082,3.2222496497879622
cw_wam,86.6,2.477296235353488,5.1834400967403695,11.554498660605306,1.0248985093190992,1.81071873997056,3.2231071852924855
cw_wam,86.8,3.023294118566058,5.883608883805592,13.272398178255356,0.962384766160978,1.813921244568669,2.9084771243333742
cw_wam,87.0,3.0702874757450807,6.087305207534745,13.997506148688796,0.6816176964421757,1.7565271067422796,2.8293702829210536
cw_wam,87.2,2.608814096082997,4.975489008773731,13.551121826898106,0.8517005337937615,1.7614805970848897,2.669502427047461
cw_wam,87.4,1.4903146895907413,4.628689607899898,12.818876393164945,0.5806472451438229,1.7336911635903283,2.357676904410917
cw_wam,87.6,1.218324640880627,4.167257295403943,15.903178288820257,0.521959617629862,1.7278492036679085,2.2540040667357766
cw_wam,87.8,1.1200856035162048,3.9103473439218708,13.030588619142685,0.5664127754589431,1.7215946097258084,2.3248227201593297
cw_wam,88.0,2.9679154248425577,4.550136923262529,10.770123178609788,0.5180519398792734,1.7229888551131505,2.052595957170384
cw_wam,88.2,0.875593370379621,4.591226044140465,6.4191619604074575,0.581391194168828,1.7185609637615267,2.012884485077343
cw_wam,88.4,1.2529755238698954,3.6539439064596366,7.743761984701715,0.5465926499863525,1.7348349548318878,2.0755647520620943
cw_wam,88.6,1.56236487759397,2.963495599818873,8.916734847321255,0.5163906631097657,1.7375252604810354,2.0797476308205587
cw_wam,88.8,1.0675300941285624,1.7664389622120176,6.188298420037879,0.5978575263512456,1.7314061662288434,2.0443490937270603
cw_wam,89.0,0.8620874083912127,3.0720225436727935,5.885466482329383,0.6160865357016235,1.6734993101471194,1.9648915084132013
cw_wam,89.2,0.8030573544078001,3.516541859453902,4.097892656548472,0.5789668228059973,1.6718499034581458,1.9574964315797434
cw_wam,89.4,0.7931672508254795,2.3947903803743293,4.901030143987935,0.5353987260328906,1.6569752965005822,1.9662403340917969
cw_wam,89.60000000000001,0.9408118428773015,2.4262390641945233,5.497953249800463,0.4849696561263746,1.652203741421886,1.9174508459006654
cw_wam,89.8,0.8039955290713748,2.2194670341602003,6.258937422236811,0.4566164066259907,1.6074607378258028,1.9303715748820145
cw_wam,90.0,0.8259995989378048,2.429613196542658,5.850030552934179,0.44814724030863773,1.5937432226798363,1.9461338848073122
cw_wam,90.2,0.6752783653746655,1.3754972117373006,6.305518268725532,0.485184239380217,1.5772233617417946,1.9014477050296053
cw_wam,90.4,0.7633783956433933,1.7641901817657573,7.922265512858545,0.45370117996115794,1.617643191034365,1.8847257702636293
cw_wam,90.60000000000001,0.8459492607783159,2.4971058740612584,7.616511622379802,0.4732082955407435,1.5451785700802312,1.9039027429317195
cw_wam,90.8,1.2814996229228235,3.582537990506438,8.432127812445247,0.4872011664579784,1.5889682398686868,1.9058625381588705
cw_wam,91.0,1.3281848088405264,3.9666732877559907,8.494956803928854,0.4589491979146233,1.5657276996423013,1.8950389172913407
cw_wam,91.2,1.2111073983795455,4.486515409786977,8.872697976583506,0.43823024657683896,1.5480300771688162,1.8651664713411213
cw_wam,91.4,0.8259337386053736,5.431286993681778,12.080866997834699,0.4227868009697688,1.58212137391124,1.883993924308562
cw_wam,91.60000000000001,0.7194987638205774,5.1470443328645565,7.305108756248983,0.40267200777577977,1.5802619265405133,1.875454538031142
cw_wam,91.8,1.894149784877746,2.9689768961732295,6.64295672828037,0.4355094051647117,1.5660447774787711,1.8728733641998097
cw_wam,92.0,1.879832245031633,3.0881485093932763,6.380787180744334,0.45939639945235144,1.5387559016780008,1.857638120449628
cw_wam,92.2,1.4902960194991504,2.710958071916878,5.97392718116221,0.42891888141719664,1.4974439209694104,1.8599795763751108
cw_wam,92.4,1.1769313679192088,3.181369480222562,7.021158709697446,0.39009611652315657,1.4667521838918365,1.8548298038118234
cw_wam,92.60000000000001,1.3889554848216776,2.8056482177411826,9.11173283506869,0.41698203328474925,1.447397118661684,1.8418891727868316
cw_wam,92.80000000000001,1.3083535371140207,2.1622829644725035,10.895783767125922,0.4107364737136293,1.4218233151279935,1.8184019689205801
cw_wam,93.0,0.7473726892214533,2.242316394382908,10.538325518679603,0.38217667387515464,1.4396990233318787,1.8013841111942124
cw_wam,93.2,0.9677965013267237,2.312460550501779,10.075500358862035,0.3923640723215853,1.4184946624218024,1.803802305968532
cw_wam,93.4,0.813350507433445,2.3093524515485058,6.284159994930571,0.3866404174078402,1.4535253734204432,1.7947603647612373
cw_wam,93.60000000000001,0.8974973018453352,2.317547541872745,3.994280538671921,0.409457409260089,1.4632146643494095,1.774946808890418
cw_wam,93.80000000000001,1.0356186463299777,2.818149823417952,4.553573597983664,0.38062483129671454,1.444892119001619,1.769932482290811
cw_wam,94.0,0.8412332908562498,2.891453808644024,5.605322052997589,0.3537931429369952,1.4294022354750748,1.7705051356543207
cw_wam,94.2,0.7706899758711078,2.9361469537482563,4.370745027374402,0.38119880640972637,1.4843868130714808,1.7550029624718628
cw_wam,94.4,0.7733391084429846,2.5124400847461055,4.351257374880184,0.354658015155557,1.4404176555445314,1.7489438070502312
cw_wam,94.60000000000001,0.8150769037023345,2.0788952852631604,7.1230543361776855,0.3705189531529981,1.4747805527977325,1.7526987392305857
cw_wam,94.80000000000001,1.0287841815594736,2.319499240458773,5.208270620571112,0.3494242833452151,1.4606112752554716,1.751825231725302
cw_wam,95.0,0.5231507702191658,0.9737263590552779,4.163361924116441,0.3413593629809455,1.4603402640183185,1.750326275793438
cw_wam,95.2,0.5682221718586972,0.7798553940700915,4.623677873705288,0.3457532221060431,1.4468499718641847,1.7252877830918434
cw_wam,95.4,0.6130850128015538,0.6709255766691883,3.266452470202364,0.35274861751960146,1.4857407272868473,1.7314770047765393
cw_wam,95.60000000000001,0.6816397608567653,0.8255521385925169,1.96116955368203,0.3451243013011556,1.473421673303597,1.7516349003466154
cw_wam,95.80000000000001,0.5814999588759135,0.6458126253883877,2.97870196965655,0.3258207860593163,1.4689328485850064,1.7486747671910425
cw_wam,96.0,0.4957275586654456,1.6406983321882072,3.493142305137845,0.3322205601384537,1.4690844777617869,1.7538429560409998
cw_wam,96.2,0.7886326717761329,2.410723334133457,4.683917763312788,0.3384139019882628,1.4444064877997844,1.756741719413581
cw_wam,96.39999999999999,0.9436961643406434,2.3737769029907403,6.469927029843683,0.32437154362931203,1.4653611805778186,1.7430579780553268
cw_wam,96.6,1.1388538533912893,2.430029833881115,8.923530070285299,0.3206054541208113,1.4804134151018007,1.7377546781000242
cw_wam,96.8,1.0303428008605091,1.6353987882618506,12.627855943205033,0.3180124172571444,1.4691350359931765,1.7408856934032155
cw_wam,97.0,0.7257280643373799,2.726489384509039,12.790248108282722,0.31584932631062534,1.469737424439127,1.7583933670505811
cw_wam,97.2,0.8318695796734984,3.229059259534295,12.718653297247192,0.3157605891504273,1.4583066175494868,1.7706793897404787
cw_wam,97.39999999999999,0.8438894149732084,4.813607409884018,13.408835266795956,0.3111785085599595,1.4775607035490734,1.766192098661345
cw_wam,97.6,0.7912429971279453,9.294359188416653,15.168942020928862,0.3027497209816129,1.4849284715223237,1.7795744670555573
cw_wam,97.8,1.6250064018788177,8.151231174987643,17.54869965865466,0.31240446866950083,1.4908752575092332,1.7864736291080916
cw_wam,98.0,1.1838082053599166,4.789578282318878,17.602163913447544,0.3043783024574896,1.4647762625514673,1.7888930620653734
cw_wam,98.2,1.178668870478794,2.332276763343444,16.62846413404271,0.3054148966422818,1.474769699934929,1.7814307689472333
cw_wam,98.4,0.7528100858057949,2.5939606971140687,12.507787223870631,0.2965008068276494,1.4583820024731873,1.7863447426036112
cw_wam,98.6,0.6525053581710579,2.3615456122344693,9.052974134154905,0.30041143370292234,1.4603858653352955,1.7875394983907673
cw_wam,98.8,0.9440259621758891,1.4347989789454654,6.057304025055149,0.3096272181433269,1.4542804809063121,1.7846659715638151
cw_wam,99.0,1.1104250004654173,2.1923177344142575,4.4304282767436245,0.30814744508642794,1.443491444181559,1.7905145893293681
cw_wam,99.2,0.8534381067417348,1.9223978063227662,3.3717121010529847,0.2903328815955488,1.4620881296298716,1.7901352535190538
cw_wam,99.4,0.779543710608675,1.5185728905470337,2.5484311486543794,0.29967223214662897,1.4432105051043864,1.7903169826754068
cw_wam,99.6,0.6305518114280396,0.9878180252894251,2.8578035217689575,0.29752369249430244,1.449741643414096,1.7771037037853255
cw_wam,99.8,0.5963966219867848,1.085854150450464,2.7971449035148166,0.2958769540963162,1.4473231238613418,1.7756019475817582
cw_wam,100.0,0.8092792162531223,1.0832813243518933,1.3514100279659982,0.29320749021683784,1.438994757387594,1.7834878068510855
cw_wam_admittance,0.0,0.5601806659317817,1.4178418268861468,1.7387857529132573,0.34657492562392,1.482443914185662,1.7436115481780705
cw_wam_admittance,0.2,0.8546181845128401,1.662348870659711,1.8245287207895104,0.23566494825583023,1.5040960492700157,1.7498864884153877
cw_wam_admittance,0.4,0.8684385275593776,1.272237145601033,1.6821993820255954,0.23864279449816375,1.502409838228049,1.7535992793912956
cw_wam_admittance,0.6,0.7550284496152451,1.255043668812829,1.851135061952863,0.24194755616579416,1.5029384583070933,1.749821042355695
cw_wam_admittance,0.8,0.6843658421795407,1.122727329296613,1.70864011169041,0.23650310940024216,1.505502921282648,1.7565116948079573
cw_wam_admittance,1.0,0.6766711619222909,1.1820940447241397,1.7793905879744805,0.23704750993436813,1.5144829359700682,1.7639089958904175
cw_wam_admittance,1.2,0.7520763395380055,1.0581728947673903,1.688496948141233,0.23467432177982483,1.5085345853698602,1.7545348014934028
cw_wam_admittance,1.4000000000000001,0.7406111130121076,0.9733568547449315,1.6744814659489253,0.24043941121387447,1.5115759167011866,1.7469005626456633
cw_wam_admittance,1.6,0.8233808550353214,1.4028982786016,1.7625217641785622,0.23995748020754937,1.5024411435623615,1.7515174980294572
cw_wam_admittance,1.8000000000000003,1.057109617183946,1.3867025443228207,1.6259100223833234,0.2523653989911784,1.5129137345317425,1.7580241208312006
cw_wam_admittance,2.0,0.8636325210042304,1.1935724796272007,1.510757501580981,0.2587518211547567,1.5198957890799591,1.7435600644126268
cw_wam_admittance,2.1999999999999997,0.8828949628684932,1.2718859943489251,1.5925961453366937,0.27123903482556155,1.4949756224089386,1.7587353046665553
cw_wam_admittance,2.4,0.9161959975416012,1.3518057580122185,1.4626903477936726,0.2936067869848001,1.5120643911214344,1.7435549425045507
cw_wam_admittance,2.6,0.8043878311453132,1.2532575404051332,1.579949499535311,0.32392992130130316,1.5274466175632717,1.7524785107027592
cw_wam_admittance,2.8000000000000003,0.8780298178852964,1.1766903316312476,1.4060215263550022,0.38211781540505246,1.529838707471712,1.7472747037772425
cw_wam_admittance,3.0,0.9771490526677972,1.2878019171089214,1.4474240809637482,0.364918119594212,1.5252284480656895,1.7498275017233929
cw_wam_admittance,3.2,0.9559068164879544,1.2133946950223702,1.53261993656438,0.384522754762962,1.5048267656981553,1.7400239588791746
cw_wam_admittance,3.4000000000000004,1.0206621649749115,1.1789750502516476,1.3993947826699196,0.3687616445035355,1.5181481578372988,1.727963655931639
cw_wam_admittance,3.6000000000000005,0.9383952243162341,1.231154372228555,1.3843088551839071,0.37865573163287664,1.531616761737634,1.7298279461528416
cw_wam_admittance,3.8,0.9957771186574439,1.2432622881909818,1.4010933930088956,0.3970270444999643,1.5199162494935596,1.753662445112974
cw_wam_admittance,4.0,1.104374291123584,1.2577532960361788,1.4040679763710964,0.3993532453826443,1.544911557905315,1.7319075143404081
cw_wam_admittance,4.2,1.124385970785728,1.307495100633653,1.442530083972359,0.3984447114682802,1.5060064116327656,1.7369215032611722
cw_wam_admittance,4.3999999999999995,1.2734782061474514,1.3696831518881067,1.4843999772357137,0.37662235417754625,1.4913226273313411,1.7445699916107975
cw_wam_admittance,4.6,1.1685714692613605,1.358704214533108,1.423061801744495,0.3912963174297728,1.4998407447704318,1.7324049931814944
cw_wam_admittance,4.8,1.0300431658089868,1.3457306135465887,1.4783538191739205,0.38190780739722396,1.5078640622997972,1.72163337475556
cw_wam_admittance,5.0,1.1056388642642891,1.2644430521225087,1.3906281906738343,0.3917555931867033,1.4810495796019396,1.7304461811873817
cw_wam_admittance,5.2,1.1189983568421848,1.278772737710649,1.4578164497397272,0.39917482738321225,1.4695270942326581,1.7404780404363165
cw_wam_admittance,5.4,1.1029116672940942,1.3026373617581501,1.4560674519350412,0.35962478629695965,1.4504044455153253,1.7116865839134578
cw_wam_admittance,5.6000000000000005,1.0794753500834957,1.3256756533279104,1.3817104986014457,0.3548897299965181,1.4752588451620103,1.71383561015512
cw_wam_admittance,5.800000000000001,1.1424704137338269,1.2394616963080793,1.4601831469720785,0.39489889331298816,1.4450628437723112,1.7189434717704997
cw_wam_admittance,6.0,1.0797527886283365,1.2088267808674356,1.336160780192766,0.3941122132551613,1.4701959243050235,1.7412646544311945
cw_wam_admittance,6.2,1.002667329628925,1.1832161993425143,1.3588253915434796,0.338899582429977,1.416167796583006,1.752261089670925
cw_wam_admittance,6.4,1.0674689420659265,1.2556960549426037,1.4096554488534385,0.36894179964487483,1.4196171758582332,1.7227690836173621
cw_wam_admittance,6.6000000000000005,1.1518310089315897,1.334317437020633,1.452618936812836,0.38482673770392184,1.3880033563727525,1.7145849822787256
cw_wam_admittance,6.800000000000001,1.1261037460363,1.2892471333407913,1.3660782094011703,0.37367048292846117,1.4016720102958513,1.7405092536794782
cw_wam_admittance,7.000000000000001,1.0669028048509244,1.1808581273717547,1.3980317356576903,0.34843841726562874,1.4276823307334388,1.7310189532194982
cw_wam_admittance,7.200000000000001,1.1370567692931526,1.2371482273990828,1.2801006088171216,0.39623270024796575,1.357784147737413,1.7118640431990504
cw_wam_admittance,7.3999999999999995,1.1170997465163768,1.1951487195649246,1.321708978801642,0.41551012372919766,1.3478504290165645,1.7300577681983924
cw_wam_admittance,7.6,1.0619285653671102,1.2051484387932736,1.3256487402717347,0.4107316441424284,1.3696691344162308,1.7460991677110613
cw_wam_admittance,7.8,0.9839520070464525,1.1490130818182807,1.3152575901630739,0.42467282894475245,1.4115254973402365,1.7542880780695982
cw_wam_admittance,8.0,0.9917278161408091,1.1762408028099247,1.3212471652220317,0.4450304395959163,1.3847792239773287,1.7426119077707873
cw_wam_admittance,8.200000000000001,0.9764030993271521,1.1879607082271813,1.2552293441167315,0.44342978864477106,1.3901976824154378,1.7038890747076967
cw_wam_admittance,8.4,1.1471582034249497,1.2445830461335237,1.2856662691243173,0.45228391629418846,1.3943060560276712,1.7310229442359335
cw_wam_admittance,8.600000000000001,1.17930414390222,1.1945910779169684,1.3638956816136187,0.45168854660916774,1.3917877190361911,1.7036415847154163
cw_wam_admittance,8.799999999999999,1.091594621710646,1.2471999089351762,1.3779013329217198,0.5134428842244088,1.3800534014642667,1.7158406256828889
cw_wam_admittance,9.0,1.1107678064022326,1.240192473697133,1.395186127115992,0.5241171722855891,1.3707199742833986,1.7071286469047422
cw_wam_admittance,9.2,1.2364798326637727,1.290705774133178,1.3867998250967557,0.48948503257712633,1.3710704737778885,1.6730873909728685
cw_wam_admittance,9.4,1.1533624797903412,1.2724742553683144,1.376327132422373,0.5325125683077876,1.4220428315284936,1.701624720224356
cw_wam_admittance,9.6,1.1486022203442885,1.2109295311442692,1.375455760227331,0.514214261838709,1.401322852878425,1.6666149803505723
cw_wam_admittance,9.8,1.1655019625455179,1.2959944413042552,1.3457336474904955,0.5091524424917381,1.38536317638667,1.7001722251319045
cw_wam_admittance,10.0,1.0372318069248436,1.2134548389841764,1.3250421475679175,0.5408808478980639,1.408108346856668,1.7158446085544934
cw_wam_admittance,10.200000000000001,1.1133828134353367,1.256217809494573,1.4055057475362744,0.5542388431097508,1.4180697860132645,1.7280796947658805
cw_wam_admittance,10.4,0.9911717232108468,1.2208472844749967,1.4085379197913537,0.5166274518866378,1.397403160858871,1.7478349530396822
cw_wam_admittance,10.6,1.1458328838612397,1.3001677131656586,1.463261960535913,0.5404475341295869,1.372353241920838,1.7441231342210788
cw_wam_admittance,10.8,0.9719534177268176,1.1334075932766887,1.2798827623484006,0.5726866555051878,1.396951979449642,1.723692316423274
cw_wam_admittance,11.0,1.0492474149033595,1.2880405895877378,1.4580647498950148,0.5970225661073227,1.3854863051973334,1.7498483370127016
cw_wam_admittance,11.200000000000001,1.0158296662816273,1.2659812751222013,1.4178514226448469,0.5969956353594196,1.3803100482117845,1.7293721448170212
cw_wam_admittance,11.4,1.093447309440296,1.3177759189210883,1.387304171522442,0.5691037768363959,1.3514531632070756,1.7164745556715042
cw_wam_admittance,11.600000000000001,1.25631480266181,1.4228092464855124,1.507815063872421,0.6275592366402744,1.346736689171676,1.731650250881865
cw_wam_admittance,11.8,1.0827125105876694,1.167124756221937,1.3653166172407325,0.6481483631520981,1.3677204997082093,1.709897963606384
cw_wam_admittance,12.0,1.077770024816617,1.2940073135198005,1.3811581155430175,0.599950389777732,1.350836781611695,1.694616471896923
cw_wam_admittance,12.2,1.013361232242217,1.2690116052285503,1.6250991263332006,0.5944663676201325,1.341666465351219,1.7167699086476487
cw_wam_admittance,12.4,0.9843232402857789,1.2809052909550025,1.5731133112008828,0.5986168318876987,1.333238725748724,1.7174237580103322
cw_wam_admittance,12.6,1.009119471906226,1.1775586006660235,1.4986934678142854,0.551854101417201,1.3297845526258418,1.7205250688155975
cw_wam_admittance,12.8,1.1904984790022828,1.478984220672718,1.7313216601228651,0.5819620520681822,1.3345102728871747,1.687108175994418
cw_wam_admittance,13.0,1.1690499408012847,1.3821990827926136,1.4818025739235994,0.6162097367395845,1.3827127675335797,1.6997661992468251
cw_wam_admittance,13.200000000000001,1.3031922313185802,1.4542628091830565,1.7438795895258044,0.6255379215480332,1.4138573869620843,1.7142040652354835
cw_wam_admittance,13.4,1.139196547760918,1.5184719722800208,1.835162944961136,0.6402507940151333,1.4072217219100176,1.6463602014769605
cw_wam_admittance,13.600000000000001,1.1715703096278833,1.4557341879026287,1.916906227182212,0.5938372394975592,1.3473200255671884,1.6595095577797463
cw_wam_admittance,13.8,1.2725625459526395,1.4603497768829428,1.7291251447756055,0.6602594433955761,1.3554900292536223,1.6337807238781838
cw_wam_admittance,14.000000000000002,1.1178219416228155,1.2793949941422333,1.7138900213194652,0.6443689194299592,1.3394635394346526,1.6811330916560792
cw_wam_admittance,14.200000000000001,0.9948483139018834,1.2819318047467254,1.6713304501015562,0.6260848249600528,1.3904198512912376,1.7055658833994223
cw_wam_admittance,14.400000000000002,1.0242835374229131,1.373861203220494,1.7931448281804354,0.652979475485896,1.342119039526536,1.7221109888824766
cw_wam_admittance,14.6,0.9823729941809183,1.3839865133474403,1.6733476534001268,0.6348031325973013,1.3933373728555511,1.7097911046037813
cw_wam_admittance,14.799999999999999,1.189433887460813,1.3197282435378133,1.781556079577138,0.6175131979408995,1.3786861214122952,1.7196672343731458
cw_wam_admittance,15.0,1.0378995326335265,1.291091481112046,1.736933782894417,0.6224475795050655,1.3703963919721316,1.7301827649945083
cw_wam_admittance,15.2,1.1325406639630442,1.3265857831960661,1.7861379555115207,0.652924761424254,1.3748490657220473,1.7137258654073944
cw_wam_admittance,15.4,1.0852839409953912,1.3043700179092004,1.8367548799823625,0.6569369612945081,1.3617571897729803,1.6750903621999544
cw_wam_admittance,15.6,1.1022953273067548,1.361723136930094,1.8531258532584187,0.656957032304521,1.3511454747284113,1.6878111088629064
cw_wam_admittance,15.8,1.068255506791091,1.3972758177288678,1.9325774595933267,0.6574057557240662,1.3025402235481909,1.7237274514104404
cw_wam_admittance,16.0,1.1466483702012944,1.470325295725127,1.7760642478363264,0.6360322375313329,1.3703184307000695,1.7384698594145265
cw_wam_admittance,16.2,1.2364156463980638,1.6097400603465173,1.864313521564097,0.6336935609655592,1.3678633450315671,1.745032823117468
cw_wam_admittance,16.400000000000002,1.3759476875550916,1.6898330844979292,1.9753342968486263,0.659072016254701,1.3643985609202856,1.7196793743996341
cw_wam_admittance,16.6,1.2727532640468393,1.7696595733254892,1.992701352667703,0.6418370290500429,1.3424260332201412,1.7018115970925076
cw_wam_admittance,16.8,1.3529099681137047,1.6521395306516706,2.101705713662649,0.6445909523386102,1.3871535575552054,1.7103330161326145
cw_wam_admittance,17.0,1.3814010652214777,1.6726222477476487,1.9145921262449768,0.625090421765949,1.405452112908544,1.739781967855106
cw_wam_admittance,17.200000000000003,1.4625305264114725,1.8112629586509692,2.063695891848119,0.6634561581767664,1.3938634502972553,1.7531611668355067
cw_wam_admittance,17.400000000000002,1.3839835181843119,1.7420135116881275,2.021951940130612,0.6682341365764436,1.3483924153677964,1.7459140783023315
cw_wam_admittance,17.599999999999998,1.10354304225813,1.7254796010174873,1.9382181028936465,0.6551181887536228,1.3286829889551754,1.717512869755233
cw_wam_admittance,17.8,1.2604848476924084,1.6819950376465918,2.0403819552502793,0.6470268483362158,1.3553951163581641,1.7603670810902332
cw_wam_admittance,18.0,1.297719590922715,1.4328288784863656,1.7944879193890335,0.6375781524122467,1.42594259973789,1.8167381316816726
cw_wam_admittance,18.2,1.1231383592383188,1.4890940941118014,2.0037933656965303,0.6625525506708756,1.3991215740885015,1.8141510605581157
cw_wam_admittance,18.4,1.1466713999412712,1.557155661506578,2.0373947708114697,0.6606899672623714,1.4462943106326873,1.8367097388369718
cw_wam_admittance,18.6,1.1392213643294695,1.486541129629128,1.9416391920192615,0.6716483037324525,1.4238007425838457,1.887755795426342
cw_wam_admittance,18.8,1.2524277296213204,1.398611017269607,1.8544446857888985,0.6604828774370244,1.4262327479175911,1.89338867899816
cw_wam_admittance,19.0,1.3639192711200703,1.590651471179778,1.9934904103035627,0.6314866049134887,1.4355005111705337,1.9040153998354858
cw_wam_admittance,19.2,1.3485580829443216,1.4117886684442265,1.8540373997902653,0.6222744853592895,1.4235575255378696,1.8892482381078461
cw_wam_admittance,19.400000000000002,1.0933583736343548,1.555198014005784,1.9479580620131063,0.6339221859740484,1.4235629133121712,1.8939033372869871
cw_wam_admittance,19.6,1.158649388902108,1.5780019238096141,1.9909356063860904,0.6183874062801094,1.3955904295171124,1.8608647348521734
cw_wam_admittance,19.8,1.097693801169066,1.4715944745304745,1.9426821439186555,0.6215047601604204,1.403027779579159,1.8932234806114172
cw_wam_admittance,20.0,0.977537568748335,1.4593332116412614,2.0345513430973305,0.6182203344846925,1.3678756011142588,1.9164344834769755
cw_wam_admittance,20.200000000000003,1.0115999836455327,1.4970430219488096,2.04736284147261,0.637790662659348,1.3991096543442332,1.8625980783288294
cw_wam_admittance,20.400000000000002,0.9800222316294129,1.436961069890032,2.085061405449059,0.6474602340143157,1.41081363646054,1.9306036819386594
cw_wam_admittance,20.6,1.061049397825883,1.513858094405264,1.9455964716588834,0.6107032296649044,1.3904408197393723,1.9206204958788955
cw_wam_admittance,20.8,0.983215995329751,1.508512752632532,1.8803369761459634,0.6343437857449961,1.3888964159087966,1.9141182831490389
cw_wam_admittance,21.0,0.9578386124894454,1.5981144061782593,1.884161492357737,0.5952761699122868,1.3924888912555837,1.8935434851350912
cw_wam_admittance,21.2,0.9469728672330229,1.622150631421278,1.9145838174824452,0.6110101857229654,1.365337082062306,1.9243278675412636
cw_wam_admittance,21.4,0.9407919834730749,1.4870787080869015,1.9401634935980159,0.658138058637081,1.3705067718619002,1.9209445914767447
cw_wam_admittance,21.6,1.308758563046163,1.615842127016712,1.9971276005214689,0.6407517365464768,1.39107298701191,1.9168860922388735
cw_wam_admittance,21.8,0.9367267951368745,1.6647836415666553,2.058794654559698,0.627231503570545,1.374747127788658,1.9472102203332498
cw_wam_admittance,22.0,1.1670750902719103,1.6401032365406385,1.9733273749092153,0.6752260286829037,1.3917099117306158,1.9692525141125448
cw_wam_admittance,22.2,1.3917185686431166,1.799398561804531,2.1452914002016508,0.6364996103421021,1.3633011361893392,1.96074032102912
cw_wam_admittance,22.400000000000002,1.5924620477868636,1.842571908590796,2.110894611723568,0.6723224396504711,1.3684974280064706,2.035726856847531
cw_wam_admittance,22.6,1.3518104271340854,1.7911245101907811,2.0300093378887594,0.7352928826283786,1.4262610459101885,2.061084786902221
cw_wam_admittance,22.8,1.3382519756461972,1.8505614015792249,2.089933430572147,0.6435406348171197,1.5078725303312428,2.0660238682885086
cw_wam_admittance,23.0,1.1461503494475833,1.6617236406162585,2.001895002599542,0.6559855741080775,1.470727309386684,2.062774304863051
cw_wam_admittance,23.200000000000003,1.3652953499723244,1.6481958781531922,2.0045296659800953,0.6465410760320534,1.560695538801753,2.073844128842726
cw_wam_admittance,23.400000000000002,1.5774521735779565,1.92034134424047,2.2331088207177325,0.6178693329777784,1.5694370983011994,2.099416671537932
cw_wam_admittance,23.6,1.282875694133947,1.6950314838377967,2.2473206599085236,0.6021638685775831,1.5740264448697174,2.081042709497912
cw_wam_admittance,23.8,1.2058152548463312,1.801763785631913,2.573102620251859,0.6329320358700088,1.54580166523589,2.0733242888254084
cw_wam_admittance,24.0,1.4988702410929615,1.8152271738457952,2.789189117520535,0.6724678695745099,1.5494832130456309,2.076724822147338
cw_wam_admittance,24.2,1.6072500810686525,1.8903207793128134,2.8069685226884933,0.6512889044145498,1.5800990077243218,2.0455279656652476
cw_wam_admittance,24.4,1.6260626799974773,2.0321497945631433,2.3491660505301923,0.6123647820935713,1.5874229622637925,2.072536164599345
cw_wam_admittance,24.6,1.5551567714100822,2.2580297465983374,2.8538055481080518,0.6389910049945907,1.5533788920248206,2.0685007497170935
cw_wam_admittance,24.8,1.6006956593400457,2.1769647603047058,4.154782638658622,0.6470710467830529,1.5347389225626968,2.1037931749090606
cw_wam_admittance,25.0,1.6392726996259217,2.406984458300894,4.61236301075762,0.5810809846591584,1.5760565479758812,2.141436880646156
cw_wam_admittance,25.2,1.9612033586332456,2.9395225357592594,4.01361918133722,0.5861991752116841,1.5510230291552436,2.1183827596840836
cw_wam_admittance,25.4,1.8027746881750695,2.829736983584044,3.811216593220664,0.6145479180335207,1.6380608256430347,2.099408871720956
cw_wam_admittance,25.6,1.4285644379807991,2.2217261786890794,3.6896129584177904,0.620639534154776,1.7045020088911162,2.168009568447208
cw_wam_admittance,25.8,1.0619775208670712,2.132914637157996,3.907367763462608,0.5844950509761074,1.7212773791655311,2.1572006216795683
cw_wam_admittance,26.0,1.1351351114640742,1.8688940468108453,3.002261030008424,0.5763212356529068,1.693224547036387,2.175467245110155
cw_wam_admittance,26.200000000000003,0.8438713980594457,2.146298343668079,3.4565899933070456,0.6356063892687879,1.689256548440298,2.161453862066711
cw_wam_admittance,26.400000000000002,1.2985859892719431,2.0301265862295876,4.817284301428359,0.7009586292104254,1.7173238885179778,2.2022142357986874
cw_wam_admittance,26.6,1.2200307788579945,1.93353415809764,5.215831660024694,0.7041157549647151,1.7082442276127856,2.2030528085484566
cw_wam_admittance,26.8,1.3248926010534672,2.0116362652580366,5.029721043099488,0.6652944118556857,1.7809869117202617,2.1838154615794894
cw_wam_admittance,27.0,1.5554122666140249,1.9916096966417651,5.806111495234048,0.6681373782548977,1.7488744404560073,2.189916810817615
cw_wam_admittance,27.200000000000003,1.7147503028491877,2.1912434310592586,5.504070161879389,0.6404998580765184,1.7388738046482861,2.2312883190812096
cw_wam_admittance,27.400000000000002,1.7103527216618286,2.236152517510199,5.7344400742916655,0.6478363676995186,1.7734887788723512,2.1879769488400234
cw_wam_admittance,27.6,1.415176202073691,2.289824304527805,5.738778818058297,0.6906723172349116,1.7861085110184183,2.202389329580385
cw_wam_admittance,27.800000000000004,1.3489224859677378,2.0635599765085715,7.6148038226535935,0.7128970529242133,1.8168927648249171,2.210751004526331
cw_wam_admittance,28.000000000000004,1.5902298794035326,2.184227551018324,6.785492841267418,0.6230365302308624,1.7897678092971852,2.159232007367205
cw_wam_admittance,28.200000000000003,1.205035236952487,2.2029999842665915,6.551656215170567,0.6707051549025018,1.7782889936774675,2.2042192852762432
cw_wam_admittance,28.400000000000002,1.5203033947668994,2.318298234107579,6.666310739919834,0.6631586663057459,1.7053693727379893,2.2208014323022134
cw_wam_admittance,28.6,1.1484308254030076,2.1370304760483423,6.66875368252113,0.6649134744490611,1.6772550656414174,2.1845070961450634
cw_wam_admittance,28.800000000000004,1.123912398886652,1.7592195741175396,6.589685863691015,0.7102767454370238,1.715329383735301,2.1701241251598073
cw_wam_admittance,28.999999999999996,1.2594141671009336,2.0674794760601687,4.79316384310005,0.6771624982643565,1.7021615573252755,2.199966898764393
cw_wam_admittance,29.2,1.0667477183186596,1.847968334608755,3.903219436378806,0.6667624828009198,1.6737578884452768,2.1978588650753323
cw_wam_admittance,29.4,1.0986140928430161,1.591277245828737,3.7460552738464825,0.6725169473354082,1.7296933312845906,2.2006967154603823
cw_wam_admittance,29.599999999999998,1.3900561436563765,1.587437452502052,4.161373861619032,0.6876022868189128,1.726780307752969,2.202457787191022
cw_wam_admittance,29.799999999999997,1.0810850525161608,1.902585345204439,4.0962385147386,0.7225545107097867,1.7407482742366385,2.219109856709651
cw_wam_admittance,30.0,1.0034600712855537,1.5284803990935598,3.6681573808095713,0.682295576716831,1.7709228496962612,2.2234869297264312
cw_wam_admittance,30.2,1.0801840413154449,1.6796972271264772,3.063692750674415,0.6628753158508269,1.7742834930205083,2.2325935346293058
cw_wam_admittance,30.4,0.7811216482693718,1.7631076248638773,3.0528417349063615,0.6961680047813669,1.7864533170388588,2.243299924664949
cw_wam_admittance,30.599999999999998,0.8471702071543772,1.648615500596076,2.810351648629649,0.6572354215608509,1.7730328787112055,2.2178588739624843
cw_wam_admittance,30.8,0.7464309950952266,1.6576292766343208,2.6295671996318526,0.6268130460656053,1.7270255149141431,2.2347400845235197
cw_wam_admittance,31.0,0.6483335864545506,1.6754342439348875,4.029476614702521,0.683823149059967,1.7540136275602725,2.2129199621309428
cw_wam_admittance,31.2,0.7579784445892244,1.6817610563522294,4.330124238912048,0.6301228925409492,1.7837548822046796,2.2456624512929917
cw_wam_admittance,31.4,0.5217133667328977,1.5971113059214397,3.5666950281426315,0.6747572274445649,1.7304460581817702,2.1927683634173167
cw_wam_admittance,31.6,0.7986235497455935,1.8061129179588327,3.652516087103205,0.6360134931379678,1.737454557782544,2.2849384773367065
cw_wam_admittance,31.8,0.6188963615545949,1.7519485939733288,4.803428789127234,0.665203807506651,1.795110025605292,2.282141233370125
cw_wam_admittance,32.0,1.216385541843939,1.8301939532054874,4.525662628003941,0.6743543636728558,1.7705803080622184,2.280448921938562
cw_wam_admittance,32.2,0.8126619011807972,1.8074670371714967,2.8316476474922148,0.6295209067983536,1.786427013199385,2.264322330757083
cw_wam_admittance,32.4,0.8985394319607332,1.9022055914220466,3.0574449475876526,0.6394037837053711,1.7959468637191975,2.2564922505597003
cw_wam_admittance,32.6,1.3167149650365988,1.7718762982713065,2.4732395845123087,0.6361556924095955,1.7801976642931834,2.2699610921678386
cw_wam_admittance,32.800000000000004,1.244580349624778,2.149009276141161,3.4718875646564302,0.6051868280922911,1.8553813245917568,2.2846482971015125
cw_wam_admittance,33.0,1.294543846356639,2.747336146490971,3.7502882311853365,0.6107632111281923,1.8954292644638777,2.2979243592558767
cw_wam_admittance,33.2,1.0610074745458267,2.206589721546016,3.143405272978465,0.5973416470167899,1.9029317728321475,2.281271953779322
cw_wam_admittance,33.4,0.9451872073265976,1.8314340251846923,3.3999825795400627,0.6199795672439861,1.904027984195874,2.31670729400413
cw_wam_admittance,33.6,0.8106629692104839,2.08958879025101,3.1742152666253283,0.6275380142371668,1.8509036871232865,2.3029776602872465
cw_wam_admittance,33.800000000000004,1.1421970904732575,1.9697760977390808,2.6830819381299196,0.6338002255562816,1.9489274392012383,2.3336304993982115
cw_wam_admittance,34.0,0.8669103741115594,1.7221706928333158,2.8535104842939445,0.6725500977382525,1.9811677968773977,2.309191818148529
cw_wam_admittance,34.2,0.6597410973254769,1.6445051299450686,3.2802062355613777,0.6454672802553619,1.9531659839206492,2.348482162215979
cw_wam_admittance,34.400000000000006,0.5626684808001103,1.6588312549103135,3.539542378391034,0.6456046667335953,2.008030307700752,2.3489409754218573
cw_wam_admittance,34.6,0.525877032526978,1.5500425806203562,3.831966070371024,0.6633396894650395,1.9243507998689513,2.3081334011725683
cw_wam_admittance,34.800000000000004,0.6953025182778447,1.634759654964128,3.264778540861393,0.7130262344855843,1.905812479511373,2.3310119315437627
cw_wam_admittance,35.0,0.7291547395774418,1.6787866203702355,3.2630228254475244,0.6725736087442301,1.968381572359786,2.326113187152803
cw_wam_admittance,35.199999999999996,0.7077033143748284,1.9207934127349615,3.9998228467954795,0.666883983532892,1.957885296545216,2.3522395896117128
cw_wam_admittance,35.4,0.7567725870560802,1.9489610198594376,4.468450040437396,0.7951048934831125,1.9780944539287213,2.3735623458630197
cw_wam_admittance,35.6,0.7849414622648079,1.8030443658995243,4.429056998724842,0.6832850268167996,2.018937853869208,2.3928193927040375
cw_wam_admittance,35.8,0.8788320500163264,2.018823422500237,5.299185657065801,0.6805319442035771,1.987244145596209,2.384220827959365
cw_wam_admittance,36.0,1.1834076505936717,1.8451958722818262,4.028306698631317,0.7213234215410593,2.0101810250948287,2.3911179688999797
cw_wam_admittance,36.199999999999996,0.8526311775912395,2.1276820519619446,3.114511061038669,0.6724915716076093,1.947636738041151,2.3518040595678738
cw_wam_admittance,36.4,0.7335472896685977,1.5989654253090746,4.126213855378004,0.6645234584616933,1.9289705882139172,2.379220101789614
cw_wam_admittance,36.6,0.8218410103084235,1.7331463317522133,3.6593607804028268,0.659464099648954,1.953497318154372,2.402138299000185
cw_wam_admittance,36.8,0.8296941815983682,2.014390526272009,2.7073235358187295,0.6629180367520928,1.8538772007672835,2.3739114607316525
cw_wam_admittance,37.0,0.6390376089752747,1.9097379443451676,2.545423288237203,0.6277443609277265,1.74143731588238,2.3548759259933787
cw_wam_admittance,37.2,0.5807495104215545,1.8370909550086267,2.7153892894918217,0.6922691157929137,1.928820731337469,2.3564554639635524
cw_wam_admittance,37.4,0.8365747055055457,1.7441424244968586,2.922180443577743,0.7040130746742199,1.8113466659965831,2.3652151370840473
cw_wam_admittance,37.6,0.7139832326426785,1.6619093265761906,1.9106257908765363,0.7076042820199546,1.8867633671705577,2.3750509506786996
cw_wam_admittance,37.8,0.7253656990920923,1.2090441967964454,1.972514521904416,0.6705416727131848,1.9598596118990534,2.378809028527652
cw_wam_admittance,38.0,0.7970304002436419,1.1798757669537037,1.8380609556749374,0.6892370207921878,1.9152227788732643,2.348685656189687
cw_wam_admittance,38.2,0.814049708014918,1.731363096267116,2.8100457341303064,0.7734933082363744,1.9413511502367016,2.3456712116057687
cw_wam_admittance,38.4,0.6766275475231579,1.5866935832512679,3.709716725187718,0.8459208153013379,1.93333489166044,2.3718628355242686
cw_wam_admittance,38.6,0.8027128619127308,2.1606266796274873,3.893246509106156,0.6810117865990105,1.8950429266409148,2.3668575053121623
cw_wam_admittance,38.800000000000004,0.7192446023366349,2.009875997435072,4.932956533359523,0.6893921803200314,1.8902618829472793,2.337634633978044
cw_wam_admittance,39.0,0.5775693999406836,1.9028216062075016,4.146106803197171,0.6382645859484848,1.880774314786325,2.4030100463794586
cw_wam_admittance,39.2,0.5990929152931563,1.973287068915627,3.4254637199630884,0.6948983694742041,1.8495593105420476,2.3401835436430303
cw_wam_admittance,39.4,0.8521327725877029,1.9875361260679598,2.5960622730828793,0.6454948598760529,1.8663837540156798,2.3301798953681234
cw_wam_admittance,39.6,0.8054398213204292,2.0485594644726346,3.4082553342870243,0.7448300275494456,1.9527779986168843,2.372562649728801
cw_wam_admittance,39.800000000000004,0.763618816548857,2.120487196841303,3.8277897153066225,0.7232997829834622,1.9560361297577225,2.377756474180816
cw_wam_admittance,40.0,0.8922888479160639,2.104651588919249,4.484074574144292,0.694846547207106,1.9388705073884684,2.4237930622752275
cw_wam_admittance,40.2,1.2113492978731053,2.2946493474576615,4.17794214485502,0.7285523648513961,2.017334692792145,2.41454209098937
cw_wam_admittance,40.400000000000006,0.9837172565378638,2.0296108711742287,5.075178537507514,0.9238522667140963,2.0075762766722236,2.4359104208693245
cw_wam_admittance,40.6,0.9007286205138226,1.828707748218409,2.9709182389650617,0.9624171152957974,1.9999043781095631,2.511653951752467
cw_wam_admittance,40.800000000000004,0.6212221771718139,1.7556074836889288,3.167151963859406,0.8079666793687665,1.9260042077514032,2.5624602853544554
cw_wam_admittance,41.0,0.7862515267215267,1.7936495022351098,2.790055104524543,0.767715685449748,1.9157380554066383,2.664823094348491
cw_wam_admittance,41.2,0.7866841879919939,2.0238128356023086,2.794327380136269,0.9036316438358081,1.7441495004267789,2.588485178286963
cw_wam_admittance,41.400000000000006,0.9490123979862001,1.944445502686431,2.990211800828118,0.8591830452706335,1.8328154992863936,2.9496355160517242
cw_wam_admittance,41.6,0.6590569852785559,1.8351025430446857,3.0488358225973777,0.9570816013921883,1.9389578541721386,2.822211221755436
cw_wam_admittance,41.8,0.6419695905812434,1.7880351716854603,2.7027318779744878,1.0758662784843653,1.959430369980228,3.0455127096999344
cw_wam_admittance,42.0,0.6796105907070078,1.8440917649988866,2.8266120128907124,1.1403697087609381,1.9706669958889749,3.3255371479307962
cw_wam_admittance,42.199999999999996,0.6163719302223584,1.8273224375977297,2.469632153358881,1.2448809005243766,2.112450150224327,3.3638283120889843
cw_wam_admittance,42.4,0.7687553261706769,1.9591840156624947,2.858015143651404,1.252340905556924,2.0999383588295855,3.4513127922519
cw_wam_admittance,42.6,0.8018012998168816,1.8376828571582497,2.421148299500358,1.2441100340866764,2.1160172836684192,3.530375644604776
cw_wam_admittance,42.8,0.8645733038916157,1.6932524403849827,2.4584998250281473,1.1961943194541473,2.105058191887772,3.5470361294527355
cw_wam_admittance,43.0,0.7870698837914099,1.8023495182208056,2.84778981445875,1.3238646440572932,2.1250617188438476,3.5560103233502516
cw_wam_admittance,43.2,0.8132699819775492,1.6607605291362149,2.563783908066223,1.3561308914854455,2.189984481446789,3.57957358289057
cw_wam_admittance,43.4,0.6983966983662571,1.7981864613713379,2.5016172743335243,1.3222415783428205,2.1606866392852657,3.6650167365224617
cw_wam_admittance,43.6,0.7454961092938858,1.8237601019646883,3.423523981411108,1.3422304793721491,2.1822129201648703,3.6423547478345633
cw_wam_admittance,43.8,0.8768315717333237,1.880266650407733,3.6098175319863888,1.328196867757144,2.1947188056843325,3.5407473224902675
cw_wam_admittance,44.0,0.9751763425189519,1.9039283417074184,3.5033142442463934,1.287756245818818,2.1829276755555327,3.5313978638168217
cw_wam_admittance,44.2,0.7136403704974458,1.852503228705615,3.0857171489939237,1.2622069069485624,2.1622744939016,3.4398658247354774
cw_wam_admittance,44.4,0.9135527369145853,1.736861944038479,3.0445009696359926,1.3256513293477274,2.205046647868244,3.622588915469945
cw_wam_admittance,44.6,1.000946110310665,1.744108912809145,3.036301480784378,1.358698495594748,2.1913702799604593,3.7275581527893413
cw_wam_admittance,44.800000000000004,0.7951701626002199,1.7745272168592694,3.8940047728891214,1.354772433509783,2.1919416091360775,3.8460998330733167
cw_wam_admittance,45.0,0.805495616627742,1.9113652489992052,3.928264942013995,1.2948826243057192,2.204704953177589,3.7765282300377914
cw_wam_admittance,45.2,1.1789655200311286,1.926459219128097,4.781398319094398,1.3879238238455365,2.187127505900269,3.8710741182075794
cw_wam_admittance,45.4,1.348473412207767,2.7981408747974985,4.673439380903027,1.4172390990001162,2.2910132834059542,3.6475197852615096
cw_wam_admittance,45.6,0.8731411306167657,3.1073898560812028,4.900304597790648,1.3620575127278356,2.2429235579438,4.028020362965041
cw_wam_admittance,45.800000000000004,0.9248038324669372,2.631773594865758,5.443158469532516,1.4208663922266076,2.2141899560817726,3.8242263613237797
cw_wam_admittance,46.0,1.8075077316499475,3.144978955381691,5.588337553716003,1.3047564884478242,2.2095001161689773,3.991399766079482
cw_wam_admittance,46.2,1.9265302782177436,2.4290481102834134,6.38132559802178,1.3308152704509923,2.270924048758354,3.7383133530379764
cw_wam_admittance,46.400000000000006,1.2074132374656643,2.0869388213225024,4.788409830447505,1.3902016487507318,2.268685662365611,3.8033587347611917
cw_wam_admittance,46.6,1.3591956395519544,2.2826061036113745,4.805339392921851,1.3238045817659387,2.2669564913251787,4.043576936429912
cw_wam_admittance,46.800000000000004,1.176662167361647,2.499452813582732,4.516441573590279,1.3114492709937517,2.2930324768373818,3.9337056314483143
cw_wam_admittance,47.0,0.9599916285047558,2.4271850650978832,5.081437453888352,1.3900797944431704,2.2678535710434553,4.080346310654092
cw_wam_admittance,47.2,0.9421627574937063,1.9231257380283644,4.608537985975083,1.4271647054834917,2.1949234967777604,3.9207767888832237
cw_wam_admittance,47.400000000000006,1.3241667637429895,2.5997677417980953,3.918485768417738,1.342890549222131,2.270206327344184,3.610394987487708
cw_wam_admittance,47.6,1.7241332820028337,2.3662816953408274,4.374400375926151,1.4690178474421984,2.2799901999406624,3.7244091978687446
cw_wam_admittance,47.800000000000004,1.8498756869939572,2.177842761615094,4.067486312676255,1.4226874860981558,2.3353948031575475,3.6920296564443964
cw_wam_admittance,48.0,1.8788985534472387,2.5222210471919033,4.1846629388368335,1.3860900781695558,2.3012622250269517,3.5541886388257864
cw_wam_admittance,48.199999999999996,1.518628712509335,2.2569535052753835,3.669214560750332,1.4728925305319303,2.304966238088618,3.9601160514476677
cw_wam_admittance,48.4,1.4465673307400562,2.2303634178710707,3.89053002885717,1.47913050529493,2.2775724823554433,3.771903138872874
cw_wam_admittance,48.6,1.1265762948869513,1.963523859551497,3.434608299571857,1.4373534448462797,2.2311970528688794,3.644910883617876
cw_wam_admittance,48.8,1.3306713603867744,1.8238685651557116,3.676353345976491,1.4675607546641825,2.3094099999484223,3.8370337676656234
cw_wam_admittance,49.0,1.2698290528314504,1.7195551483874751,4.875890691088176,1.4940667586682224,2.320916868357579,3.7107914811784717
cw_wam_admittance,49.2,1.067633758748627,1.8087732112579065,4.78887100090565,1.43007561316883,2.3569240635927136,3.7365530886705924
cw_wam_admittance,49.4,1.1622698140872028,2.1500807017803467,3.493184734731506,1.3918641287671478,2.3335113134175183,3.7801903367797585
cw_wam_admittance,49.6,0.9083849786578151,2.3294475027849773,3.4756382911242727,1.356696085391778,2.3113410262469567,3.759568115256448
cw_wam_admittance,49.8,0.9841456561902524,1.8554089855750766,3.040974329400046,1.4025848370930263,2.2514508894416587,3.7156255778896976
cw_wam_admittance,50.0,1.3882161961744262,1.9464405527842277,3.1103325607020125,1.4087455276488554,2.247246420238928,3.8547452112979106
cw_wam_admittance,50.2,1.2765443499643319,1.7589734829500876,2.5820135995012405,1.4045247176791837,2.2220505930665646,3.7736716043762377
cw_wam_admittance,50.4,1.3325022056015512,1.7217534755275157,2.525057015220547,1.4316263932662405,2.213918224225085,3.763434671074114
cw_wam_admittance,50.6,1.2958876042049017,1.8245213242276246,2.5665470124271774,1.4569264494960872,2.275009209059195,3.741244802282616
cw_wam_admittance,50.8,1.197122493158033,1.8893809240721138,2.480189836223781,1.4733145028271515,2.2986608341339188,3.7897029834210985
cw_wam_admittance,51.0,1.1390060618471611,1.8803305894410702,2.549358754753488,1.3852249696907941,2.286836174982467,3.7418010897863168
cw_wam_admittance,51.2,1.0402259766795687,1.790669158182712,2.515366851226562,1.3379503778156865,2.290552826854455,3.756153219552811
cw_wam_admittance,51.4,1.4307560067238279,1.6968662211897396,2.948622012911176,1.2775262480269876,2.245969647866254,3.6381970516651077
cw_wam_admittance,51.6,1.4693962784923444,1.816373122885218,3.115955066825299,1.3565110410862256,2.2548713669537563,3.6712086816811116
cw_wam_admittance,51.800000000000004,1.3454618293996663,1.85802380672909,2.783376776722052,1.2449404056624949,2.143069637378872,3.659577694665403
cw_wam_admittance,52.0,1.060001534031462,1.8103514137839058,4.194871700864964,1.3194294836056644,2.1784572825652355,3.5843886135401055
cw_wam_admittance,52.2,1.1074834568078955,1.5569679770426759,2.659884233072697,1.2526897718328185,2.2627621983417034,3.676486574560652
cw_wam_admittance,52.400000000000006,1.291405057673827,1.5405424866420803,2.633325312918355,1.363504034537904,2.3452079867924933,3.824108613368477
cw_wam_admittance,52.6,1.4065898108548076,1.9830848692768543,2.512893645732059,1.370008606332112,2.3963367460190885,3.927548846618609
cw_wam_admittance,52.800000000000004,1.1870015472090283,1.8045715794818322,2.2150168091485716,1.4407411765557465,2.364695047330827,3.8824091123456186
cw_wam_admittance,53.0,1.1142146244428655,1.6962327232183547,2.2262098750164014,1.440151432526381,2.4213084948424974,3.920801007776736
cw_wam_admittance,53.2,0.9925716412827881,2.0215785922776224,3.0635234094045534,1.4543671625765653,2.4114730403826368,3.9274569899929643
cw_wam_admittance,53.400000000000006,1.485663666232092,2.000763975519307,2.460810440954572,1.4376129910067041,2.444350942697699,3.980241386293007
cw_wam_admittance,53.6,1.5995692095463778,1.8307150874435312,2.392531183949072,1.4786253693654559,2.4861865973021438,3.9304054976162535
cw_wam_admittance,53.800000000000004,1.618037416127061,1.7774806299862678,2.5695533031362796,1.597025970402272,2.4434904317500723,3.9544308996651054
cw_wam_admittance,54.0,1.4930524539917145,1.8282792301652506,2.422561061201378,1.6628098029659275,2.449968798959762,3.923568643496424
cw_wam_admittance,54.2,1.5335016516981435,1.765277621543584,2.2943259777420972,1.5784263828961984,2.522981690204803,3.8893253765348885
cw_wam_admittance,54.400000000000006,1.534304515712976,2.1304213885950403,2.396170410825356,1.556770566435468,2.465137189162376,3.880719374901443
cw_wam_admittance,54.6,1.2753983364755768,1.9916181048065262,2.346932382419261,1.5009336964324933,2.462860658100216,3.8192272621289645
cw_wam_admittance,54.800000000000004,1.1372632074586853,1.749822007511745,2.0941224202713578,1.5253911937750029,2.444176815178101,3.78797639344612
cw_wam_admittance,55.00000000000001,1.1517057304871576,1.6710605291213507,1.8732143084667672,1.5612937854462916,2.397385573517345,3.725359222383218
cw_wam_admittance,55.2,1.0921353471001691,1.540496191010594,1.799232822119032,1.5528485966160293,2.42053197699727,3.8320461163861035
cw_wam_admittance,55.400000000000006,0.881096438019431,1.406244510730089,1.8391518397601656,1.5879557881052535,2.3718849323762154,3.7698844964098575
cw_wam_admittance,55.60000000000001,0.7835398961118373,1.499245277421954,2.1245252698234482,1.5915293644784108,2.4141948594285587,3.810667009977209
cw_wam_admittance,55.800000000000004,0.7968437155871486,1.2699544776424463,1.9215601312558488,1.5751870731305977,2.4077039240148808,3.7130383835012175
cw_wam_admittance,56.00000000000001,0.7718764691289466,1.3991953571767057,1.867309790884269,1.5733988998483495,2.4071108349048083,3.878695850068353
cw_wam_admittance,56.2,0.7252036168051366,1.2841040496140472,1.9807541379827294,1.5682698326350668,2.48103833594452,3.8394388354626092
cw_wam_admittance,56.400000000000006,0.7071147390466298,1.101136590281041,1.7944783421104522,1.5699025812376288,2.469375082050116,3.8078053007079036
cw_wam_admittance,56.60000000000001,0.6860886860393903,1.083759036023763,2.0069020154349,1.5758402775051805,2.458879270396836,3.697584818787692
cw_wam_admittance,56.800000000000004,0.7118115022474705,1.2013938048200146,2.0337599170870058,1.570187690291255,2.439775879813733,3.6338696744671357
cw_wam_admittance,57.00000000000001,0.9052350175838456,1.6490299873286745,2.272179093490205,1.5861287797770964,2.554575227326163,3.665058777044416
cw_wam_admittance,57.2,1.0901979103573574,1.8410341448289151,2.0929021461366304,1.6442185396937217,2.4337157642341274,3.7101507725197016
cw_wam_admittance,57.400000000000006,1.2404762462716286,1.7727699723014163,2.0886131557910463,1.7220650668196273,2.4494618234434515,3.578589433485764
cw_wam_admittance,57.60000000000001,1.0150373393650687,1.6246264538153872,1.9774785174795149,1.6759997945231166,2.5050578177407834,3.604508676498204
cw_wam_admittance,57.8,1.17479743758976,1.518096685799204,2.0207511660118205,1.7205405946468342,2.517999014229959,3.6518091441123453
cw_wam_admittance,57.99999999999999,1.2355244983087135,1.5829321456728023,2.0824902917793873,1.727018069237205,2.519367977674199,3.79794764049463
cw_wam_admittance,58.199999999999996,1.309272809361057,1.5525231222802436,2.0211880181074386,1.7174289215327507,2.4202777721125104,3.7613340000387208
cw_wam_admittance,58.4,1.3025538593200252,1.5887992946459741,2.3270233159537668,1.8190362140470908,2.434950978449821,3.693865227435297
cw_wam_admittance,58.599999999999994,1.2147085903568255,1.811799215190905,2.2605429640029886,1.8717870810872421,2.4768282910946957,3.724931008949071
cw_wam_admittance,58.8,1.0098721968714197,1.6708955413332482,2.1351150989237655,1.7871490235930991,2.409665106798866,3.494958397228966
cw_wam_admittance,59.0,0.7246400622286024,1.447916514078404,2.2330688942628334,1.8091111941173592,2.378429981281127,3.5071718314769798
cw_wam_admittance,59.199999999999996,0.8898213412612446,1.820713102253737,2.6420853094938392,1.6828883188672468,2.3495479801870567,3.478753917937256
cw_wam_admittance,59.4,0.8936436476289762,1.6395947845291583,2.7562089343316702,1.6228819896193911,2.3409778045960103,3.3749800277866946
cw_wam_admittance,59.599999999999994,1.3767316375551153,1.8301415017061018,3.677700623665354,1.6099835390085355,2.3558040649261156,3.304613071072287
cw_wam_admittance,59.8,1.2786334980237883,1.8941551946056312,3.278072138228534,1.6583787318672238,2.3298788132806916,3.2874117158149705
cw_wam_admittance,60.0,1.0407282975134282,1.9612351624090616,2.5250256845042713,1.7604017864995687,2.390692258320281,3.211727991951209
cw_wam_admittance,60.199999999999996,0.7319009519533527,1.768438726469308,2.855648995625418,1.7680199669612344,2.376332388514475,3.4328982797366354
cw_wam_admittance,60.4,0.8237328218878572,1.713734712843272,2.0086567253788714,1.700862751136077,2.3875527579407216,3.352228069162461
cw_wam_admittance,60.6,0.8289654943849859,1.2599469921355486,2.4485143671418217,1.7012367603408334,2.4191670787627024,3.579762650905911
cw_wam_admittance,60.8,0.6704914110960235,1.4729595045546828,2.3181396539601584,1.7282277444332326,2.4308621715639993,3.407272760539019
cw_wam_admittance,61.0,0.8095136531918533,1.5902232943498182,2.2748254063532887,1.6587132761252072,2.4052278529707514,3.3872345487887845
cw_wam_admittance,61.199999999999996,0.9413851748620472,1.9513768057843088,2.178566960639757,1.63061688523553,2.3569332624393824,3.427642648587887
cw_wam_admittance,61.4,0.9704894781677589,1.7445989612713764,2.2862977845431045,1.5538713652375784,2.328887396171811,3.588136104907101
cw_wam_admittance,61.6,0.6495840705532658,1.509219371799757,2.0713018361397526,1.640365139814335,2.37095884072787,3.389763654202819
cw_wam_admittance,61.8,0.9121665300036028,1.7733260587279382,2.8618924159308667,1.5898484981239447,2.364896346265791,3.3513735716830566
cw_wam_admittance,62.0,1.241837209933565,1.5610645015101965,2.221217117215552,1.5858297422575618,2.4027900399216766,3.321642850108901
cw_wam_admittance,62.2,0.9310982832403809,1.410098138714663,2.11408881307392,1.5620288127628645,2.4090912941385705,3.3417584217581076
cw_wam_admittance,62.4,0.7955824396211979,1.4158529106507336,2.0873891408851284,1.5606514940238634,2.3989888708091827,3.267938451877529
cw_wam_admittance,62.6,1.0847855432616254,1.3603475057080678,1.9676582645687501,1.55202561140341,2.360520813146237,3.283280926602726
cw_wam_admittance,62.8,1.0738539538956788,1.6535494233458832,2.1604797547261527,1.509817434326908,2.3397626466739005,3.348308067717613
cw_wam_admittance,63.0,1.150133091141238,1.5308662204585084,2.0722932902206272,1.5438385486191577,2.3026632563737635,3.1559922711735036
cw_wam_admittance,63.2,1.341910162565802,1.670343454059351,2.1641792901789922,1.5422236410493106,2.4085940973545514,3.0972766028323035
cw_wam_admittance,63.4,1.3257268028882563,1.6412879341166193,1.906743179229819,1.584163085446822,2.3780538580417385,3.2966512251507396
cw_wam_admittance,63.6,1.4676827306662796,1.971872933387602,2.14613546838516,1.6221182282558708,2.3255447290478415,3.4295492273358024
cw_wam_admittance,63.800000000000004,1.4169618135670299,1.948614399422238,2.356292229126753,1.605036493814945,2.358088192058413,3.661907595401901
cw_wam_admittance,64.0,1.2547968825487918,1.7118698483717179,2.5836925821252263,1.6131754315523446,2.3562021587847553,3.5380375584281727
cw_wam_admittance,64.2,1.6234968019488218,2.127897832100697,2.5020716201453346,1.5886253959037597,2.358144569588705,3.6072044318513226
cw_wam_admittance,64.4,1.35705935054793,1.8639572351653355,2.463791158850536,1.555629550278246,2.3571691179579832,3.634555121033888
cw_wam_admittance,64.60000000000001,1.6413636351362482,2.078710411430591,2.4853447044626247,1.5965623196261531,2.356220490955502,3.6581240970016196
cw_wam_admittance,64.8,1.7533730048501164,2.2687590004886475,2.591257683774068,1.7064127841305796,2.3754837284103907,3.798653150716581
cw_wam_admittance,65.0,1.7911606785662473,2.2618877492455316,2.6313527370819245,1.6738437834782944,2.432469973648195,3.7023533229046715
cw_wam_admittance,65.2,1.0057550953515657,2.0258205505329876,2.5319209872837867,1.6710476952153788,2.415305763240569,3.7707422580432803
cw_wam_admittance,65.4,1.1131657801626815,2.044923167220529,2.3728039232836036,1.6853776110395986,2.409309378482748,3.8251831020334057
cw_wam_admittance,65.60000000000001,0.820749805578307,1.7024250722354284,2.550769790338257,1.6488656021261683,2.3777659341267525,3.826214468455884
cw_wam_admittance,65.8,1.5088192746356264,2.0764303683243233,2.6912026924211476,1.6109041605860848,2.344467150371007,3.8855167558009667
cw_wam_admittance,66.0,1.5139791833193685,2.2774083131045764,3.8334930063166532,1.5759758828235686,2.331448538467234,3.781056656375253
cw_wam_admittance,66.2,1.6680658815950493,2.1962732969665777,3.6228274767857482,1.6695119151855478,2.3929078235821066,3.8878239379064845
cw_wam_admittance,66.4,1.6386409152981827,2.0541999288413573,2.7796849761916542,1.7230553950085068,2.3226098103050887,3.9544691229331783
cw_wam_admittance,66.60000000000001,1.408922119758441,1.9163680527968592,2.1763101336280655,1.6741243635110064,2.397017980367974,3.7478468480275433
cw_wam_admittance,66.8,1.2723923097203742,1.908969192432811,2.6518928095455556,1.6815173926796134,2.4475490747713042,3.5977661837635946
cw_wam_admittance,67.0,1.1672719672647904,1.9900566456728639,2.687055975605233,1.6838696963043547,2.444953861156837,3.8221542274010947
cw_wam_admittance,67.2,1.4524746856462134,1.9002655089983462,2.508055021577597,1.739486927983825,2.418696013421461,3.908218631819893
cw_wam_admittance,67.4,1.3836165757008265,1.8406471660018384,2.51391940546041,1.7469115670882218,2.389313006112362,4.04721963982715
cw_wam_admittance,67.60000000000001,1.130279354826363,1.5253029924582622,2.3086880978323405,1.7224664478387748,2.377637044575608,3.8826872433938675
cw_wam_admittance,67.80000000000001,1.4019043451892008,1.7547816922150692,2.1882694340056923,1.702236465224281,2.3753864836000678,3.7959510771736324
cw_wam_admittance,68.0,1.3141597175112647,1.951721708186167,2.2977175469985465,1.7253685336562607,2.455637402365878,3.7439371929773064
cw_wam_admittance,68.2,1.1517470018919957,1.8405072208630835,2.0903538396210672,1.7122602842365926,2.4037842238883127,3.660146154395641
cw_wam_admittance,68.4,0.8164419873958864,1.773591404532968,2.1528842315746464,1.672852630617218,2.4172550554070544,3.6965345577759843
cw_wam_admittance,68.60000000000001,1.2920570717932218,1.7938733777397418,2.249757817907731,1.6357804585445648,2.4802318675539388,3.6538094918071584
cw_wam_admittance,68.80000000000001,0.9315878574650956,1.485705633776233,2.0134435651884677,1.68885410274254,2.393662542683357,3.6782923199774085
cw_wam_admittance,69.0,0.7776662796216613,1.6189757438482397,2.484725246875165,1.6657641460815846,2.39267981965239,3.674427776830107
cw_wam_admittance,69.2,1.151952414908529,1.7711374537024174,2.5086076140915488,1.647035192814637,2.3639391589659158,3.716441702945721
cw_wam_admittance,69.4,1.3682881269627765,2.0171350574228226,2.252732485128551,1.7304155005968094,2.402566551493262,3.575932115073455
cw_wam_admittance,69.60000000000001,1.1454785226585575,1.7248642499037459,2.888895831280374,1.7704679001152392,2.4807584905114113,3.6216038572838998
cw_wam_admittance,69.80000000000001,0.9525148871995928,1.6452170051886044,2.4663687963714858,1.9213000756201006,2.4830376195352746,3.6632863017326067
cw_wam_admittance,70.0,1.2309505248464103,1.6897380701601534,2.217913324528616,1.7700256954450466,2.523513654714483,3.7458937341284013
cw_wam_admittance,70.2,1.4489686876718304,1.8877315562661017,2.167501991650553,1.880704545871415,2.5301076785046157,3.61192478211835
cw_wam_admittance,70.39999999999999,1.4501448685174918,1.871506064405954,2.3320779518185426,1.9556199180081404,2.4731167866552295,3.7050521849770623
cw_wam_admittance,70.6,1.402568728999626,1.6905969711666295,2.274457373515658,1.8998272729215262,2.4684003756748236,3.7794893853444336
cw_wam_admittance,70.8,1.594706396371529,2.045481587485966,2.327209218989802,2.019167467583417,2.4995787933822764,3.797118869188466
cw_wam_admittance,71.0,1.248953803404627,1.5562720659276614,2.121298577247119,2.033400281894902,2.565837152910794,3.838285182627767
cw_wam_admittance,71.2,1.3230398824000513,1.951343183324113,2.4528182122752833,2.064383932112868,2.471101434313865,3.951532093871395
cw_wam_admittance,71.39999999999999,1.1897585290469623,1.768980037092521,2.2461536905288266,1.9591987339172137,2.547520196334885,3.9517708013096833
cw_wam_admittance,71.6,1.0185536055011974,1.708605510025555,2.6245330226588983,1.960470500195746,2.579530756081751,4.111666759685696
cw_wam_admittance,71.8,1.0284664728828004,1.852261723546916,2.7280733492136116,1.8679435427322608,2.5285919924133182,4.11657145525122
cw_wam_admittance,72.0,1.1383391963801928,2.0874264958625206,3.9099630618573755,1.955815147078012,2.547166744674223,3.8375477043025734
cw_wam_admittance,72.2,1.0765555068642982,1.7811230854441291,4.663730453474571,1.9161788512459723,2.5317275195761653,3.727882646960108
cw_wam_admittance,72.39999999999999,1.2304415272711702,1.9936324058352421,3.7269684601052755,1.852849195185415,2.509564974015997,3.785240883013759
cw_wam_admittance,72.6,1.230546673263034,2.2280360095071314,3.098427157864278,1.953244848149637,2.5850780352148024,3.768855955500622
cw_wam_admittance,72.8,1.1827432842348393,2.2064616753886677,3.860662146394917,1.9414993669989373,2.573081190984293,3.776926087205553
cw_wam_admittance,73.0,0.9477523979614138,1.753603355618425,2.8693661159495933,1.898762929256554,2.5629310871653765,3.7087608349520504
cw_wam_admittance,73.2,1.1046521196794643,1.6969046408584871,3.170618161355111,1.880420833342203,2.5685517417833084,3.7074662798461526
cw_wam_admittance,73.4,1.5214781487115747,1.7842555361196286,3.0962778414418826,1.8918725443429254,2.5633258936640746,3.7046372090864175
cw_wam_admittance,73.6,1.4861790080846864,1.846732752995592,2.6244656017866856,1.8503213969462067,2.578096894879078,3.666876380666444
cw_wam_admittance,73.8,1.1838856280729302,1.8679123953278967,3.110850668381791,1.8133177365589386,2.587941994690354,3.6897896363347407
cw_wam_admittance,74.0,1.3345564808350239,2.0152390723230966,2.7941658205027506,1.7866958643366944,2.463540861732832,3.86045488269604
cw_wam_admittance,74.2,1.6870685024505376,1.8944198875838447,3.0807352811151616,1.7437353683991712,2.5833216803971646,3.833329319387737
cw_wam_admittance,74.4,1.7681635407430472,1.8512108824398557,3.3923054904001755,1.686499338200039,2.5721659978545133,3.707226888319908
cw_wam_admittance,74.6,1.6706051967779536,1.7545181442532543,3.2368312851277414,1.7155270006597014,2.5650661696183437,3.6305627674684535
cw_wam_admittance,74.8,1.0689845817762333,1.958146064872782,3.267236610483032,1.7108376714794402,2.596439359352713,3.7212775801040694
cw_wam_admittance,75.0,1.3789260430813401,2.0271729837261363,2.6954263204138753,1.7408822615166224,2.630453916223701,3.6916709728799177
cw_wam_admittance,75.2,1.4267872818219485,1.8308612330470968,2.9370776278400337,1.7673553242913667,2.6359684692972944,3.725712376636197
cw_wam_admittance,75.4,1.4869868163768973,1.8453923436955724,2.96401366799555,1.725756755507311,2.605191207450512,3.7607011911776635
cw_wam_admittance,75.6,1.332451480295909,1.6360988866698793,2.7800126050690976,1.757486739995754,2.599735426829252,3.90818440438131
cw_wam_admittance,75.8,1.6390295019976553,1.791303296713258,2.3164628729549523,1.6817866292511923,2.6494722417061993,4.169139294681288
cw_wam_admittance,76.0,1.4529610030167261,1.7865423248968484,2.4219758043202675,1.7480611861204054,2.656372360973058,4.080117240779235
cw_wam_admittance,76.2,1.7024710274863104,1.9907898357677998,2.629696850186019,1.8437687656112245,2.753444391871819,4.234172428743583
cw_wam_admittance,76.4,1.553391773544201,1.8521839352951943,2.1941577830248864,1.9383083543387973,2.7299687989235473,4.434643106342467
cw_wam_admittance,76.6,1.458399910889859,2.0979346252887012,2.703637482285151,1.8894405302473867,2.81863549957354,4.332911253869674
cw_wam_admittance,76.8,1.2213794474244155,1.990075427802246,2.5410854821446733,2.0087101363677986,2.8030008838205362,4.3034182677723365
cw_wam_admittance,77.0,0.9545061894238083,2.0918446414357494,2.893436688598336,2.012445972362773,2.881698758046817,4.358796263010433
cw_wam_admittance,77.2,1.4860504500194347,2.55860300452336,3.149752097760209,2.087075455990885,3.0519684876234034,4.3550637724664085
cw_wam_admittance,77.4,1.250194137758267,1.7876550141060723,2.7730746797751946,2.0813787821188448,3.122113256721488,4.490712339559305
cw_wam_admittance,77.60000000000001,1.1879002569065236,2.0985485926042475,3.279277279563894,2.1000755744816146,3.188028228641922,4.558000595349797
cw_wam_admittance,77.8,1.0002450487716055,2.240350436408464,3.437783734044202,2.1211748981139134,3.225094901975789,4.678704845547038
cw_wam_admittance,78.0,0.8533149099622224,2.587475868930846,3.814485103537181,2.2333253836995084,3.1281266982242015,4.5267814193246005
cw_wam_admittance,78.2,1.3865569535050533,2.54206508267177,4.032386962280897,2.1358148909572576,3.1283580698123554,5.007671188535516
cw_wam_admittance,78.4,1.6835113025988813,2.4368831772785775,3.3514223328804693,2.1187824345100044,3.144609068940728,5.035692332182839
cw_wam_admittance,78.60000000000001,1.936789368606756,2.3000571303015764,3.4925088612530217,2.1340749868597393,3.2799607621271423,5.106534532226324
cw_wam_admittance,78.8,1.6733211058439075,2.183743392943219,2.6652578884949056,2.1212795147131125,3.2415371450130195,5.082737285680449
cw_wam_admittance,79.0,1.628724033899334,1.9030288995637576,2.626738391055042,2.104358317736095,3.2915424094776373,5.158224344319175
cw_wam_admittance,79.2,1.3250833741674621,2.017040408221047,2.630319996885067,2.1759063589425964,3.1691474867431078,5.015276611248286
cw_wam_admittance,79.4,1.4631839772440536,1.9691049860317076,3.059044687843267,2.051443792729778,3.052806582226205,4.945169409523145
cw_wam_admittance,79.60000000000001,1.269549919573352,2.1421671303599465,2.8121668281535657,2.042319596610316,3.0009600669740686,5.051824413275353
cw_wam_admittance,79.80000000000001,1.048664403121685,2.0941205381429926,2.8280562449072195,2.0507651570025556,3.111613838443776,5.385595155935353
cw_wam_admittance,80.0,1.4092304356441447,2.0949909179258066,2.8506202843560167,2.0630153662455464,3.191636633551333,5.345403936010004
cw_wam_admittance,80.2,1.243614466259416,1.836692039147893,2.886542719344318,1.9827670092318632,3.2733938682558317,5.71492829448825
cw_wam_admittance,80.4,1.3086666884075264,1.8421539050948814,2.503653373318997,1.9268939184755998,3.2651376077725236,5.687667377698924
cw_wam_admittance,80.60000000000001,1.3501490773095801,1.8068460122079666,2.2961685193796617,2.0081420411884805,3.262821530542723,5.7212319566684435
cw_wam_admittance,80.80000000000001,1.447791563165917,1.8542251388640298,2.0987549865368704,2.0543141524603366,3.2317081197947117,5.4296045073388175
cw_wam_admittance,81.0,1.3302246792307961,1.6797727129384348,2.2926761277520016,2.0633057311708267,3.274585218582031,5.867330853410678
cw_wam_admittance,81.2,1.652612193320229,1.7762948634263505,2.1906617269937874,2.048043681545973,3.3130864221504983,5.774920726085816
cw_wam_admittance,81.4,1.4566462362029027,1.7499171417762462,3.1364698021567055,2.1109006531292476,3.276563562561769,6.118083851970166
cw_wam_admittance,81.60000000000001,1.6044868026841188,1.808172268249933,3.033538536980044,2.1333256860804344,3.293519621065112,6.096785566287036
cw_wam_admittance,81.80000000000001,1.506104717880114,1.8957635031079094,2.663675997648463,2.0839405140461373,3.357634985834021,6.04412398140353
cw_wam_admittance,82.0,1.5666289220750589,1.8525631632216868,2.2928866366463847,2.006770955789775,3.381566972282979,6.041715447789552
cw_wam_admittance,82.2,1.4015335376816696,1.860188501029283,2.15490208764565,1.924810719842614,3.409533264167272,6.030032046703873
cw_wam_admittance,82.4,1.4731534762582215,1.8721539226227388,2.2784283859909107,1.8777146071786452,3.274477603951195,6.099443740614481
cw_wam_admittance,82.60000000000001,1.4535051224752753,1.8727786527989863,2.1785308504686003,1.8175128463918333,3.2948419121968,6.0485800646688315
cw_wam_admittance,82.80000000000001,1.4511909291502043,1.825928324928852,2.4084280860932115,1.84566348567436,3.097739680579363,5.712848154058349
cw_wam_admittance,83.0,1.5784992788060455,1.7815772358843782,2.213519635291525,1.8482051822562602,3.0117969179469,5.311793489251788
cw_wam_admittance,83.2,1.0865645198133085,1.7094009850923175,1.9813051279778309,1.91590752369486,3.043413818501085,5.316513309911821
cw_wam_admittance,83.39999999999999,1.3003387162749154,1.8449994041629594,2.3618779247977937,1.844197893182306,3.0351774691925213,5.686618111494481
cw_wam_admittance,83.6,1.31869060449441,1.7879665140714545,2.761066797749317,1.8074368679117248,2.9276611522210976,5.56772541972965
cw_wam_admittance,83.8,1.1847055332578715,1.736330500374696,2.5877773464213054,1.7592195209739916,2.849879860041771,5.220170803929993
cw_wam_admittance,84.0,1.313408690372901,1.7160370253935695,2.000682192199151,1.7726092854143543,2.7737696956606146,4.799124353833991
cw_wam_admittance,84.2,1.7739624337367066,2.259214636124977,3.039087759985858,1.698773299257653,2.714303438225852,4.799585663456982
cw_wam_admittance,84.39999999999999,1.664765826981187,2.076457990598823,3.3857281092422795,1.6511191715742963,2.585349882753637,4.430907259656681
cw_wam_admittance,84.6,1.7937680711576731,2.0274697555449097,3.152724963010047,1.6057579792717915,2.551221305814886,4.491288504261654
cw_wam_admittance,84.8,1.7769348294857437,2.216822316120888,3.1806217020658756,1.6027849390243327,2.446339367782909,4.7861613750017975
cw_wam_admittance,85.0,1.7934049159626342,1.9258745931094712,3.0515131977489407,1.5118014508143214,2.5001818812784435,4.558670792581285
cw_wam_admittance,85.2,1.515754634397631,1.8672062097044848,2.74193717455696,1.4880403241836815,2.3725458824170356,4.471523953417238
cw_wam_admittance,85.39999999999999,1.4785835259736613,1.8868143315886015,2.8682606744095707,1.478254505530884,2.2908505353805797,4.377830127065951
cw_wam_admittance,85.6,1.4352983573264577,1.7730295817811514,2.4356031645894447,1.4532600042202952,2.1725639661908454,4.187032113903311
cw_wam_admittance,85.8,1.5303745694916793,1.8562205949944617,2.4127005996726334,1.2384787743693288,2.0196909184573713,3.906990424758971
cw_wam_admittance,86.0,1.7026497007044443,2.165323901439193,2.7489216450721585,1.2831410253420719,1.9487029537602072,3.830786719806904
cw_wam_admittance,86.2,1.5618563421646185,2.192156536153197,3.2888426604451206,1.1752495125301825,1.8466149328552393,3.4483087212903145
cw_wam_admittance,86.4,1.3232666288626085,1.9195401206758058,2.8368607928864487,1.1555581700729514,1.807213921275082,3.2222496497879622
cw_wam_admittance,86.6,1.0352586387910443,2.0388975053264917,2.896537559292549,1.0248985093190992,1.81071873997056,3.2231071852924855
cw_wam_admittance,86.8,1.217686595164305,1.829060711210736,2.5994016815407512,0.962384766160978,1.813921244568669,2.9084771243333742
cw_wam_admittance,87.0,1.4317423939328842,1.9234603399327326,2.475658711536799,0.6816176964421757,1.7565271067422796,2.8293702829210536
cw_wam_admittance,87.2,0.960668431198852,1.867551065600809,2.105247533567036,0.8517005337937615,1.7614805970848897,2.669502427047461
cw_wam_admittance,87.4,1.4309472647014203,1.8698375226908543,2.4743076901151904,0.5806472451438229,1.7336911635903283,2.357676904410917
cw_wam_admittance,87.6,1.426541848349738,2.015791850838138,2.3297324896087863,0.521959617629862,1.7278492036679085,2.2540040667357766
cw_wam_admittance,87.8,1.2307941662823951,1.8706350923654433,2.2818724742510406,0.5664127754589431,1.7215946097258084,2.3248227201593297
cw_wam_admittance,88.0,1.1095780329105698,1.7271738693863692,2.218357041681128,0.5180519398792734,1.7229888551131505,2.052595957170384
cw_wam_admittance,88.2,1.4702318752911465,1.9538605942997411,2.3519210938914976,0.581391194168828,1.7185609637615267,2.012884485077343
cw_wam_admittance,88.4,1.4097433676394264,1.7440150562193613,2.3866841594669514,0.5465926499863525,1.7348349548318878,2.0755647520620943
cw_wam_admittance,88.6,1.502728331055791,1.9319972040401898,2.3915899076930556,0.5163906631097657,1.7375252604810354,2.0797476308205587
cw_wam_admittance,88.8,1.4480999954514968,1.847549650462778,2.0401866141496714,0.5978575263512456,1.7314061662288434,2.0443490937270603
cw_wam_admittance,89.0,1.2277357069652526,1.657362284973345,2.1148449745251057,0.6160865357016235,1.6734993101471194,1.9648915084132013
cw_wam_admittance,89.2,0.9975372655512463,1.5162573501728633,1.9580193640754078,0.5789668228059973,1.6718499034581458,1.9574964315797434
cw_wam_admittance,89.4,0.9571731422307002,1.4189748198227257,2.3470320143675902,0.5353987260328906,1.6569752965005822,1.9662403340917969
cw_wam_admittance,89.60000000000001,0.7556432143310526,1.396264863208864,1.9523770015627986,0.4849696561263746,1.652203741421886,1.9174508459006654
cw_wam_admittance,89.8,0.7227776208330223,1.6994171001439153,2.327330948634671,0.4566164066259907,1.6074607378258028,1.9303715748820145
cw_wam_admittance,90.0,1.0489357330206275,1.993979756472792,2.453227180626753,0.44814724030863773,1.5937432226798363,1.9461338848073122
cw_wam_admittance,90.2,1.1637793289477665,1.8478494347350742,2.114299121909951,0.485184239380217,1.5772233617417946,1.9014477050296053
cw_wam_admittance,90.4,1.1315236371656159,1.497203788339822,2.2894438019047003,0.45370117996115794,1.617643191034365,1.8847257702636293
cw_wam_admittance,90.60000000000001,1.1924457476134025,1.81845009743129,2.2703124991725643,0.4732082955407435,1.5451785700802312,1.9039027429317195
cw_wam_admittance,90.8,0.9658206176107305,1.8453321972756944,2.2682518035874377,0.4872011664579784,1.5889682398686868,1.9058625381588705
cw_wam_admittance,91.0,1.0113190017122933,1.8438727436407234,2.51995755470125,0.4589491979146233,1.5657276996423013,1.8950389172913407
cw_wam_admittance,91.2,1.0897241715527064,2.129111507574107,4.030371542286486,0.43823024657683896,1.5480300771688162,1.8651664713411213
cw_wam_admittance,91.4,1.2541358989633613,1.8338680627408352,3.4224112638564668,0.4227868009697688,1.58212137391124,1.883993924308562
cw_wam_admittance,91.60000000000001,0.8831065510397401,1.7190106018434395,3.0027869441546047,0.40267200777577977,1.5802619265405133,1.875454538031142
cw_wam_admittance,91.8,1.2276542748191468,1.637391198907251,3.757035569545719,0.4355094051647117,1.5660447774787711,1.8728733641998097
cw_wam_admittance,92.0,1.1907696613994891,1.7271428163699472,3.9953889667840365,0.45939639945235144,1.5387559016780008,1.857638120449628
cw_wam_admittance,92.2,0.9979375432988244,1.6890014529470347,2.1432768777661177,0.42891888141719664,1.4974439209694104,1.8599795763751108
cw_wam_admittance,92.4,0.8225305733427335,1.7816320870177873,2.3820132566774417,0.39009611652315657,1.4667521838918365,1.8548298038118234
cw_wam_admittance,92.60000000000001,0.9617749493003123,1.7661707180353692,2.1869405001860804,0.41698203328474925,1.447397118661684,1.8418891727868316
cw_wam_admittance,92.80000000000001,0.7628449117253402,1.678532852085054,2.2229260603993746,0.4107364737136293,1.4218233151279935,1.8184019689205801
cw_wam_admittance,93.0,0.7357590952255569,1.3985512926722596,1.7775172993521573,0.38217667387515464,1.4396990233318787,1.8013841111942124
cw_wam_admittance,93.2,0.812250918480675,1.58876883180824,1.8495304759238231,0.3923640723215853,1.4184946624218024,1.803802305968532
cw_wam_admittance,93.4,1.1346619156312172,1.4744733108054118,1.7539005047687084,0.3866404174078402,1.4535253734204432,1.7947603647612373
cw_wam_admittance,93.60000000000001,1.1641247463573037,1.5562163744116067,1.777386804246043,0.409457409260089,1.4632146643494095,1.774946808890418
cw_wam_admittance,93.80000000000001,1.2605459251811955,1.7266623650337505,2.5149576747525986,0.38062483129671454,1.444892119001619,1.769932482290811
cw_wam_admittance,94.0,1.7723833362376005,2.1171032494965916,3.301118294311985,0.3537931429369952,1.4294022354750748,1.7705051356543207
cw_wam_admittance,94.2,1.8875279994186007,2.391202755547744,5.732087102171854,0.38119880640972637,1.4843868130714808,1.7550029624718628
cw_wam_admittance,94.4,1.309576660457698,2.319420441022353,6.3310908196739435,0.354658015155557,1.4404176555445314,1.7489438070502312
cw_wam_admittance,94.60000000000001,1.6819685125247248,2.308523380299509,3.1822599628812007,0.3705189531529981,1.4747805527977325,1.7526987392305857
cw_wam_admittance,94.80000000000001,1.6331721816197262,2.045775026784904,3.238682205087767,0.3494242833452151,1.4606112752554716,1.751825231725302
cw_wam_admittance,95.0,1.6074631702529942,1.9818834487986443,3.696729662136292,0.3413593629809455,1.4603402640183185,1.750326275793438
cw_wam_admittance,95.2,1.3414625310755368,1.8428144626387164,2.670813170556491,0.3457532221060431,1.4468499718641847,1.7252877830918434
cw_wam_admittance,95.4,1.1541963305247274,1.9466491726026387,3.6492969851305292,0.35274861751960146,1.4857407272868473,1.7314770047765393
cw_wam_admittance,95.60000000000001,0.9156316983223397,1.9321702500839941,3.426478766878468,0.3451243013011556,1.473421673303597,1.7516349003466154
cw_wam_admittance,95.80000000000001,1.1960096375883194,1.748969335274452,2.75647391043057,0.3258207860593163,1.4689328485850064,1.7486747671910425
cw_wam_admittance,96.0,1.1748696226234527,1.7611031175512168,2.858652057936805,0.3322205601384537,1.4690844777617869,1.7538429560409998
cw_wam_admittance,96.2,1.0529026996130948,1.7486411295738984,3.0492774615782636,0.3384139019882628,1.4444064877997844,1.756741719413581
cw_wam_admittance,96.39999999999999,1.4348630221623253,1.7815254609528797,2.625385463049463,0.32437154362931203,1.4653611805778186,1.7430579780553268
cw_wam_admittance,96.6,1.416006509470615,1.9306075664116995,3.688079170548514,0.3206054541208113,1.4804134151018007,1.7377546781000242
cw_wam_admittance,96.8,0.942917736547516,1.837959466865796,4.032092055505221,0.3180124172571444,1.4691350359931765,1.7408856934032155
cw_wam_admittance,97.0,0.9334466984688723,2.00483872834456,4.099250815042884,0.31584932631062534,1.469737424439127,1.7583933670505811
cw_wam_admittance,97.2,1.3341333111007694,1.7681295719229726,3.5773302493997168,0.3157605891504273,1.4583066175494868,1.7706793897404787
cw_wam_admittance,97.39999999999999,0.8627258587447953,1.6241515169154759,4.1108583450954175,0.3111785085599595,1.4775607035490734,1.766192098661345
cw_wam_admittance,97.6,1.2466470533684615,1.621245478771196,3.9571553752854154,0.3027497209816129,1.4849284715223237,1.7795744670555573
cw_wam_admittance,97.8,1.0009254417318922,1.6294389751732923,3.743230210853015,0.31240446866950083,1.4908752575092332,1.7864736291080916
cw_wam_admittance,98.0,0.8717801062468677,1.5978542884487819,3.9363388912432167,0.3043783024574896,1.4647762625514673,1.7888930620653734
cw_wam_admittance,98.2,1.6455681660347166,1.864997689711082,4.1620128547404365,0.3054148966422818,1.474769699934929,1.7814307689472333
cw_wam_admittance,98.4,1.4125202591756556,2.1199634318259846,4.52631512371159,0.2965008068276494,1.4583820024731873,1.7863447426036112
cw_wam_admittance,98.6,1.5003418639800057,2.2052296525885504,6.299096622938108,0.30041143370292234,1.4603858653352955,1.7875394983907673
cw_wam_admittance,98.8,1.4766986059038882,2.5715871093230795,5.753394282090728,0.3096272181433269,1.4542804809063121,1.7846659715638151
cw_wam_admittance,99.0,1.48067252354529,2.8948519306550438,6.3314626018682505,0.30814744508642794,1.443491444181559,1.7905145893293681
cw_wam_admittance,99.2,1.2506805527139389,2.2362097173857554,6.1063074968229625,0.2903328815955488,1.4620881296298716,1.7901352535190538
cw_wam_admittance,99.4,1.002909001825615,2.322947974077176,3.6003515077200796,0.29967223214662897,1.4432105051043864,1.7903169826754068
cw_wam_admittance,99.6,1.0500364960672601,1.2711367215087193,3.5058881897930236,0.29752369249430244,1.449741643414096,1.7771037037853255
cw_wam_admittance,99.8,0.903892514465032,1.5041192344163967,3.1711565390424123,0.2958769540963162,1.4473231238613418,1.7756019475817582
cw_wam_admittance,100.0,1.253246138363977,1.514417146025052,4.009413778995735,0.29320749021683784,1.438994757387594,1.7834878068510855
