method,paper_progress_percent,method_q25_N,method_median_N,method_q75_N,demo_q25_N,demo_median_N,demo_q75_N
wam,0.0,0.6828845224053,0.7225205130743187,0.809033819226816,1.1009094850401135,1.2311821755487469,1.4817147825829542
wam,0.33333333333333337,0.7521011994707061,0.855920739432826,0.8847573799398529,1.2165266407811912,1.2641115548606079,1.3352805768015088
wam,0.6666666666666667,0.8489891837858407,0.8923825782151376,0.9503193062378464,1.2088622439712584,1.2643904904007581,1.3288517823071802
wam,1.0,0.7361576221957784,0.9000851291767391,0.9246280390255985,1.1901803986266288,1.2868594294962525,1.3337838088475333
wam,1.3333333333333335,0.7706808873982876,0.8013965827995333,0.8245025399788665,1.215131739765033,1.257533314867107,1.3400065910781276
wam,1.6666666666666667,0.8830440443485879,0.955648435922005,1.0389068392580114,1.2128587949109253,1.2661593048367374,1.351212394566871
wam,2.0,0.7992064253555585,0.8411113993203265,0.9440750982572038,1.2135390830781183,1.2784456221555993,1.337493117658455
wam,2.3333333333333335,0.9003011264713751,0.959833833594575,1.0678989918652482,1.2293538566562034,1.270735168806465,1.3283264893706324
wam,2.666666666666667,1.1091028579610913,1.306633344629939,1.3351072534178745,1.2193825309975708,1.302216942088399,1.3364377914939425
wam,3.0,0.9611970348458925,0.9702668781897053,1.132454392553076,1.2479331549296178,1.3016205275507744,1.3616032612410462
wam,3.3333333333333335,1.0291795146927312,1.055049836896671,1.2359887655829715,1.2524352806924535,1.3257630960590019,1.385623136873245
wam,3.6666666666666665,1.1583599877085187,1.2804312416717596,1.3131716311783537,1.2714134634549275,1.3334976853254696,1.4103514797601122
wam,4.0,1.069730394743216,1.0720926748951038,1.1735571235396445,1.2886423755651588,1.360300594656982,1.4311695091679617
wam,4.333333333333334,1.12871569138747,1.146983127054745,1.150027251560855,1.2979844009992805,1.3573248512210312,1.459230798997186
wam,4.666666666666667,1.1053813245385098,1.1693489647261874,1.298152564919586,1.2995996841383677,1.3970308311096835,1.5339579157553014
wam,5.0,1.1167758119660443,1.1269934601820737,1.1537944897905952,1.3020575417189166,1.4135902531198954,1.5004804708486552
wam,5.333333333333334,1.2176625707992792,1.2836502173225819,1.3477649996145955,1.3690137191862033,1.4554280453813253,1.5445683265324077
wam,5.666666666666667,1.2561312783839664,1.4360613102606457,1.4800942616954347,1.3796260865728338,1.4589521260786777,1.5448126271634144
wam,6.0,1.1688934703670038,1.1748625435591364,1.4496935019078774,1.3668120974934734,1.4661853633217825,1.5902954925033301
wam,6.333333333333334,1.2292283643780124,1.3152545252658676,1.5253513386218391,1.4231196374853692,1.483339437283791,1.6611740308618812
wam,6.666666666666667,1.3255511912808178,1.435416006704084,1.646818896231429,1.3918601987048758,1.5664313600149309,1.674460653249706
wam,6.999999999999999,1.3032616269550612,1.306315557640534,1.5874711433295114,1.4115133644692126,1.5682907791240734,1.7412644670921722
wam,7.333333333333333,1.6160405053010534,1.7577692881526659,1.780213692836688,1.3886621740033118,1.5672951913109698,1.7709657498425637
wam,7.666666666666668,1.612724141732742,1.668800315531929,1.7400503675589993,1.3919947136296331,1.6444799535148187,1.8013660712648045
wam,8.0,1.5660036399566222,1.6298957336428608,1.7351246401277838,1.4035348148134972,1.6786102667170901,1.8133704536172774
wam,8.333333333333332,1.6425453289265033,1.7304268648662793,1.8462813217091885,1.4116260954089284,1.6285490830384508,1.7978803021284433
wam,8.666666666666668,1.6599293494725678,1.8374659964388123,1.8853601451470734,1.4483771326664139,1.6787963736549192,1.8415480966739106
wam,9.000000000000002,1.6254353107854351,1.7260420382722865,1.778860990645928,1.4519978951090715,1.7235283448285048,1.8457834618251825
wam,9.333333333333334,1.6576410100803878,1.7288228929494724,1.7356948093403126,1.5089246331842527,1.7218978156292124,1.882490498808083
wam,9.666666666666666,1.7329817624170856,1.7885883401205689,1.904630584833095,1.5088564853335351,1.7294832098872208,1.9074867873573949
wam,10.0,1.585269703665381,1.7805542507710144,1.8151103896687122,1.5129466761208816,1.7115241062897741,1.9009639251531787
wam,10.333333333333334,1.8665252358459163,1.8976101616163916,1.9163828544013992,1.5635722183555039,1.7196505177186516,1.9119051382202965
wam,10.666666666666668,2.0039655881080316,2.0289583898327126,2.059745177680545,1.6184519426818018,1.7747055332982595,1.8663382343468093
wam,11.0,1.9486311841446244,2.136992429063844,2.145207566574074,1.6115059983947637,1.770768731017753,1.93768595603844
wam,11.333333333333334,2.2214419093679876,2.2980371065678042,2.3551482246241626,1.5969823465825246,1.748585287040139,1.8753851138114301
wam,11.666666666666668,2.3702052262937032,2.4345857140208436,2.4631203381930034,1.6130131655194968,1.7553457315814884,1.8929251317450237
wam,12.0,2.10193512002911,2.280073788071986,2.3775401479407243,1.6695420182594412,1.786860030504382,1.9396382107474273
wam,12.333333333333334,2.3054073304344724,2.376470571663385,2.409801918134264,1.69342093278595,1.8204709548604079,1.9601948639839077
wam,12.666666666666668,2.1531848857655005,2.2394795375312646,2.2700396211466853,1.6892337403345457,1.8420228397316325,1.989552768043148
wam,13.0,1.9552927456029028,1.981467511475507,2.121112255716182,1.665158915757709,1.8305890574702577,1.9804460837760467
wam,13.333333333333334,2.0417550932013513,2.2291987263413793,2.3016475309448183,1.7293995716673294,1.8138693103497363,1.9772019546443595
wam,13.666666666666668,1.8228840114774627,1.8539129271764574,2.1497400895345304,1.657768985447528,1.7879656565202842,2.0904872678158375
wam,13.999999999999998,2.1867839029179166,2.242108628723694,2.281485788521636,1.6689435066198417,1.8125307197689413,1.9970545110042424
wam,14.333333333333334,2.1575533783210563,2.213664617092204,2.393620226446529,1.6630365764356392,1.832252180452289,1.9642298477884559
wam,14.666666666666666,2.299085240218286,2.3577886192041344,2.480573898674518,1.675603853265581,1.8370208707750622,2.0960661840813914
wam,15.0,2.3029157744018685,2.315628183498278,2.4703393214896177,1.6910187802393306,1.8241590572896553,2.050146368350961
wam,15.333333333333336,2.4285562958793356,2.557407185120532,2.6374662149451678,1.6442199986057329,1.8247131568939305,2.072176313563085
wam,15.666666666666668,2.3818445775530224,2.502512035653852,2.623011554082701,1.6826670664985757,1.848342261839485,2.134065525379944
wam,16.0,2.175834184610382,2.1923604781011283,2.5734399174101696,1.6759915829526084,1.870655655623887,2.065706704645531
wam,16.333333333333332,2.338232076511292,2.5414331635621052,2.741746816757404,1.6859514938468303,1.8809332983573104,2.0893439383771684
wam,16.666666666666664,2.4472543423991704,2.469530143611436,2.713886459611216,1.7245517440170879,1.8940462755713523,2.138020939637641
wam,17.0,2.3234424319673286,2.4206690383623837,2.6069556110266108,1.6935512773188117,1.898093552335975,2.1793618040507012
wam,17.333333333333336,2.38690342143168,2.492645137802678,2.578878533644943,1.7125725942167862,1.8679358530414856,2.1753006465471914
wam,17.666666666666668,2.301441370469784,2.4219893400393775,2.5824967806373897,1.74816442457979,1.860212011670694,2.2062423338416566
wam,18.000000000000004,2.194378042903149,2.2646245189558765,2.5100744643076887,1.7487450067762926,1.866388768300752,2.212439413239297
wam,18.333333333333336,2.2974735931579504,2.5748640476543305,2.661647527955745,1.7381235163531994,1.8782656015625356,2.183692376590251
wam,18.666666666666668,2.304207328556343,2.416726687437332,2.609425977428775,1.7381644799619362,1.8898383423731402,2.116355022351546
wam,19.000000000000004,2.2167128197932753,2.2181863672418527,2.699639660135146,1.7748396971434264,1.8745262304406274,2.1094765434790017
wam,19.333333333333332,2.4523505889728354,2.7586688764000025,2.972375844354302,1.7540218537805325,1.867513943373841,2.1879561568605723
wam,19.666666666666664,2.5731536332964593,2.7943932804760383,2.90036427699597,1.7484509609553482,1.9052892267389185,2.173194806588092
wam,20.0,2.693582943956007,3.0279061574004738,3.331080655221026,1.7366594829479298,1.888129911009175,2.255108289354719
wam,20.333333333333332,2.8776125239472075,3.0609034832275195,3.3274277132297243,1.743594329976847,1.910123615473573,2.218077388449425
wam,20.666666666666668,2.9503498437790023,3.2234947267291303,3.327946064170404,1.7512284938337288,1.8911807094903992,2.2433068216616587
wam,21.0,2.6484152749293832,3.0972034423207973,3.2098612371175204,1.7184560973301386,1.873205751085321,2.2646620587308433
wam,21.333333333333336,2.86262838103319,3.0724528219890455,3.0970308801429667,1.757012388338232,1.8871161424990004,2.179129556684661
wam,21.666666666666668,2.6438099057171494,2.8327444228396845,2.8904230323570372,1.7526915563348406,1.8994879193460985,2.312840012305852
wam,22.0,1.9354037634462036,2.1234898114282243,2.47081897022139,1.7694969423844502,1.9430141557104728,2.409240106408769
wam,22.333333333333336,2.0062162880621495,2.4949740848949484,2.5577900762965315,1.7536402472318275,1.9137570156165133,2.418178444654768
wam,22.666666666666668,2.032069948506895,2.3115012267129136,2.4735500591935313,1.6844901473083629,1.9125792510770978,2.414203414231924
wam,23.0,2.2080981181206893,2.5806154078231534,2.7280862865308877,1.7028674089124576,1.9013251145688526,2.566447658148354
wam,23.333333333333336,2.1922390348689467,2.4537064675863975,2.8242396343240803,1.7156444231314176,1.9297398833388364,2.566428626163258
wam,23.666666666666668,2.1566219966343763,2.2875582752158037,2.661216208805555,1.7088479993298225,2.0135516248784335,2.632832656411973
wam,24.0,2.0238794638226945,2.090778631211914,2.6421397363549044,1.710162978927316,1.987339062829526,2.7176763215234176
wam,24.333333333333332,2.15379574282717,2.3858381935169533,2.8704899219402313,1.6746701866329259,1.9546442089672666,2.4378332620531853
wam,24.666666666666668,1.932594334352537,1.9409917261455603,2.679281822882536,1.6887498310739917,1.907754179332541,2.2047013733155794
wam,25.0,1.6947110815596602,1.7474784261607317,2.5513955070649246,1.6553157547505362,1.7879001043188703,2.128652484686326
wam,25.333333333333336,1.9484777436114658,2.147168866720767,2.714529667867585,1.6145033595832765,1.7758173062962004,2.0763817684265518
wam,25.666666666666664,1.7787414034784317,1.857204703589713,2.5105830177563435,1.6212692581768327,1.755389636801997,2.0298428563711592
wam,26.0,1.58618548915971,1.7423601471699288,2.385623397884901,1.6014529548252612,1.812999316395769,2.0168246392358222
wam,26.333333333333336,1.6089834007361987,1.953979627474125,2.482648054421726,1.6838669287831096,1.8188661963788677,2.0299399786732435
wam,26.666666666666668,1.6267564795603824,1.827189290706816,2.307367773634513,1.6771150393682004,1.8542000723149616,2.109627651488296
wam,27.0,1.4944717409751698,1.6092801033415132,2.169036297854955,1.691396960349547,1.8818917892767169,2.1163870218704517
wam,27.333333333333336,1.6129647993288259,1.7798081218218076,2.036436016293285,1.681517400750172,1.853380772536101,2.130933186404702
wam,27.666666666666668,1.5485253705230733,1.7493773772540595,2.062632318934453,1.70471118837268,1.8785127021788086,2.0689914187999734
wam,27.999999999999996,2.050169507089793,2.3894409833801737,2.451683859635797,1.6874824013042127,1.8743680882657974,2.10974311150985
wam,28.333333333333332,2.339211088342154,2.35479622798854,2.3567844227579213,1.7318913358198373,1.8563017484848285,2.1288066979044897
wam,28.666666666666668,2.1823872223552048,2.293635948423233,2.476633972487182,1.7187714671219467,1.8888735395523897,2.1701471763336913
wam,28.999999999999996,2.1764410537380376,2.325156375990798,2.38569003831347,1.7485166299883703,1.912578995531982,2.2320752340478642
wam,29.333333333333332,2.2158835284307132,2.2223713355435395,2.522827419408698,1.7537458471579912,1.9073688180343282,2.23365022864279
wam,29.666666666666668,2.333321423582529,2.3566235154367283,2.391593213871932,1.7402345516336841,1.879143571541774,2.162548347728671
wam,30.0,2.1526628769520952,2.235865051733594,2.3663986670513752,1.6964401499097812,1.8560016509739108,2.189260519758312
wam,30.333333333333336,2.0549864747689393,2.0823227065892103,2.25789518845017,1.7464027453721684,1.866386047079408,2.0641460692664815
wam,30.66666666666667,1.6922946062199862,2.0175168446065364,2.2275602629873683,1.6781053498141136,1.8916900347021877,2.0297016683375095
wam,31.0,1.665475761222984,1.8607860525216837,2.0015237527772904,1.7119834224509995,1.9473749382505157,2.245964975039899
wam,31.333333333333336,1.7753133455480108,1.8218862011140047,2.0433993702211115,1.742396432117162,1.9050804969485404,2.251341824227529
wam,31.66666666666667,2.064679310241548,2.116983587927039,2.3025362350802134,1.7866957501637388,1.9942607633808493,2.3496455263704386
wam,32.0,1.8264258350353322,1.892210321470246,2.1600228372728654,1.795181239734732,2.0525338313870094,2.700518439195109
wam,32.33333333333333,1.8364723156274751,1.9624190676846502,2.2747534601915294,1.9442698247531596,2.597711808647233,3.2963246778299196
wam,32.666666666666664,1.9742278390111538,2.1166902243388934,2.222550853483959,4.179854363455056,5.216851305975943,8.373103844204723
wam,33.0,1.9528549526726295,2.2474479570517856,2.8493879796251997,4.615877663040502,5.654614654563735,7.31220306288969
wam,33.33333333333333,6.084246065854366,7.458028332311537,8.14400674669854,6.345466646840784,8.931694141262263,9.854133980326429
wam,33.666666666666664,8.391588269279177,10.76678529399786,12.086163282236713,8.167554774065843,9.646504478550337,10.87880434826796
wam,34.0,9.916033908795596,12.465992630460711,13.672607195151754,8.297963326949471,9.931947168971984,11.0994274103907
wam,34.333333333333336,9.259829167666547,10.629728432225171,13.322178884801982,8.944328124199373,9.935180355657856,11.293379100979095
wam,34.66666666666667,10.165804068936026,10.909181365577362,14.099083492709589,9.45277905424769,10.563425697529254,11.209743381640106
wam,35.0,10.401419529529797,11.033641720942065,13.760894239885545,9.523184506838016,10.64669863907649,11.762432295488773
wam,35.333333333333336,10.681124208941357,11.191759533431426,13.821850862336543,9.740228132592048,10.823118968420143,11.87771845526941
wam,35.66666666666667,10.891624846803857,10.980723855820482,13.082970185136453,9.699637356742567,11.090335855612466,11.807409267706841
wam,36.00000000000001,11.294989960905525,11.49165750824311,12.786508971985754,9.944153034818777,10.98871928263143,12.39335064987923
wam,36.333333333333336,10.85352913560087,11.800001832091505,13.086541747957337,10.286768911875011,11.211527888899019,12.83361245940363
wam,36.66666666666667,10.676120327173255,11.794184555239742,13.521565383923601,10.261806690058727,11.511319464562913,12.975238733567506
wam,37.00000000000001,10.068576161420626,11.870399767847386,13.628917399331868,10.059648365994537,11.751883102833965,12.874657914561864
wam,37.333333333333336,9.542239539840006,12.18526298486589,13.758872938245089,10.162809712219353,11.224949314963087,13.306844305123274
wam,37.66666666666667,9.897103992007898,12.959727674779353,14.336101330849454,10.090655546525499,11.138409225786797,13.352806564932287
wam,38.00000000000001,10.313419263786702,13.08798152622098,14.261799733562707,9.992765123393957,11.47202834648277,13.55034406812976
wam,38.333333333333336,12.883801414419906,13.112468894825195,14.280326023170254,10.031678072940636,11.397434473695359,13.77067010052809
wam,38.666666666666664,13.843758780974483,15.111008832442385,15.465423969166581,10.095781948474869,11.27435878210428,13.571661434370522
wam,38.99999999999999,14.356517517716195,15.51677490037844,16.941061289412026,9.882246184198966,11.688932941943634,13.344522996644919
wam,39.33333333333333,14.573052009959152,15.401622337770716,16.396636869948168,10.076478124239582,11.151482077252933,13.506958398650767
wam,39.666666666666664,14.40135070326216,14.695531609632681,15.84694981150604,10.0051130147613,11.095694723973217,13.258226887390567
wam,40.0,14.665292922561186,15.35480344172064,16.327827897233234,10.07120174806526,11.333635159924244,13.02111198422667
wam,40.33333333333333,15.014410631442296,16.72618468263957,16.727483899314393,10.215868671758518,11.44154778952371,13.202588298083166
wam,40.666666666666664,15.503724714382292,16.213293896461494,16.806831461170887,9.957541264829793,11.455171669682631,13.179289085568136
wam,41.0,15.847994970500618,15.94195423252735,16.597827781486526,10.082329151490054,11.061550977905526,13.192514737509862
wam,41.333333333333336,15.925910267101893,16.41826369654531,16.7163659663818,10.03243869086699,11.068499228140784,13.15604154175923
wam,41.66666666666667,16.20580995000922,16.627703610664028,16.951836239197945,10.22524653343845,11.638264548907795,13.449222388773702
wam,42.0,16.015259637027686,16.123289098480797,16.50435031821657,10.199221417223594,12.077227850201815,13.661755350970104
wam,42.333333333333336,16.259710460695725,16.804257014598374,16.90253018671287,10.265668639529228,12.031276372370947,13.438879815070742
wam,42.66666666666667,16.27185835014237,16.94617322322405,16.968815797259303,10.430943212420866,11.499056744368751,13.364865905386965
wam,43.0,16.042323717087058,16.21588259286276,16.53785227052628,10.610917617103716,11.851222549143994,13.214140538768326
wam,43.333333333333336,15.465783031722335,16.17762436745047,16.426899535685955,10.449501710066928,11.758209302216683,13.158096066359922
wam,43.66666666666667,15.301729556707373,15.952188806019263,16.214183728252625,10.510515182417116,11.868959887656985,13.455414201231173
wam,44.0,15.699097867013998,15.788302553621541,16.61244268601153,10.35494370105256,11.528008220566836,13.562758422682908
wam,44.333333333333336,16.452775593029564,16.902909831061113,17.03820970389669,10.183768319911461,11.68995349945245,13.500061217833585
wam,44.66666666666667,16.09942952505345,16.689332366990058,16.713863859530516,10.046590331451371,11.434903798806012,13.64645984621253
wam,45.0,16.04845743740262,16.281964746999304,16.411972136866375,9.82251838772484,11.089089457046423,13.482118771291827
wam,45.333333333333336,17.489092854089012,17.510031685255193,17.53008192212348,9.74315302879096,10.886007097998892,13.311772461389527
wam,45.66666666666667,16.946132017398405,17.350992510200495,17.490918376085176,9.757021694701614,11.402375904637463,13.610506905726567
wam,46.0,16.695872214270494,17.293343362126876,17.551684698762145,9.71803947952721,11.472693332641576,13.640030109263133
wam,46.333333333333336,16.963110861418464,17.419927586778055,17.67619305281852,9.431522229865543,11.30084006950333,13.675004517328768
wam,46.66666666666667,17.072093662020084,17.509098771252063,17.550375350070528,9.57558441540549,11.295497722098368,13.518687617378099
wam,47.0,17.037997086861836,17.247769606223073,17.736306198385982,9.96648740301333,11.120878142905447,13.478695507852947
wam,47.333333333333336,17.290759557248776,17.778248753028087,17.829792013577116,10.084932187747619,11.172493729018878,13.544579859916341
wam,47.666666666666664,17.99141195317618,18.61257027039655,18.973618874304183,10.045353515133002,11.354619120838315,13.781273991670822
wam,48.0,16.549650838450912,17.129035568408465,17.8313286023752,9.813928784273596,11.457707066422222,13.485351878856916
wam,48.333333333333336,15.772846770978196,17.5284863676681,19.18975331374604,9.853075316640345,11.24360981804998,13.268881677418936
wam,48.666666666666664,16.21392710102427,17.6434304397094,18.21280882155179,10.022604978531941,11.414232301676687,13.241416173522339
wam,49.0,16.937944679258344,18.30589926573539,18.823306371306458,10.189865683827934,11.239497903458378,12.971630704539622
wam,49.333333333333336,16.811309537537017,17.310730588924635,17.73157332194326,9.727367382156386,11.259907169919897,13.155270654729195
wam,49.666666666666664,16.624745973057742,18.042005027148246,18.061997017821476,10.020676386058456,11.17179773592646,13.078448912510405
wam,50.0,15.186626424975106,17.12935613903308,18.163084874862143,9.857633258167754,11.469213516329654,13.08924077883736
wam,50.33333333333333,15.91038715752658,17.331371404430413,17.95624123157338,9.622119578724686,11.558523186445235,13.528311535124939
wam,50.66666666666667,16.583858134215955,17.92295295781475,18.26728128820568,9.428176760651224,11.627752228054204,13.531425907568842
wam,51.0,17.191046386828475,18.070305299343545,18.48314553227399,9.485373139086942,11.34782450461286,13.464874315085002
wam,51.33333333333333,16.580891036487277,16.79028991702111,17.807615849892485,9.628330353119921,11.521678995531847,13.655467031931027
wam,51.66666666666667,15.560642769146746,16.53999220022055,17.478805267645214,9.589444497099445,10.877485845004115,13.91892724056019
wam,52.0,15.25987228670762,15.91273674209026,17.3585016566333,9.143548964002012,11.242538743064237,13.810494249790715
wam,52.33333333333333,15.02026169772979,15.60022601773241,17.02909633892642,8.526195394733175,10.842792657985601,13.760866704657504
wam,52.66666666666667,14.90812314647913,15.302233974315193,17.442747815425008,8.58080039551816,10.773969180393461,13.384775080132027
wam,53.0,15.673772030376675,15.871541665809573,16.256706923419628,8.702824525467275,10.620999082910856,12.602730868321672
wam,53.333333333333336,14.581495953254318,15.91545577525621,15.917025613255955,8.864413901800283,10.619535937055982,12.261389277993821
wam,53.66666666666667,13.713186779100976,15.398032571973093,15.832822300991754,8.674873640857838,10.034843829124632,12.101690561383908
wam,54.0,14.774444012415163,15.808696135373182,16.279565318044348,8.246824877893975,10.224102153528861,12.037083590370665
wam,54.333333333333336,14.87717249625824,15.131794686874699,15.610710318480605,8.495475358594385,10.764191123951283,12.240534554957936
wam,54.66666666666667,15.279152170902705,15.369572692603471,15.756640817574652,8.980032275277631,10.464933945679281,12.232278843645448
wam,55.00000000000001,14.99484669276826,15.359990379958967,15.657578247031388,8.844313258483748,10.454622654614472,12.261963290476277
wam,55.333333333333336,14.93339596202689,15.640384717844713,15.914813706188074,9.289280328193573,10.354746217144385,12.668027952006607
wam,55.666666666666664,15.057185738628267,16.515243408864595,16.953998793535867,9.18607496111482,10.404743969427225,12.17199676141567
wam,55.99999999999999,15.398174124562413,15.895516535529412,17.0222478509405,8.937911436656616,10.280541816499662,12.03405497697203
wam,56.333333333333336,14.976978494723253,15.200257028276498,16.40401544714058,8.978076926847766,10.525802313571223,12.573396323136233
wam,56.666666666666664,14.77831352288736,14.998806067258766,17.243278669597593,8.879454246509637,10.351066518098488,12.642169177919197
wam,56.99999999999999,15.114093787708136,15.165190386986923,15.729805028426107,9.228465944974744,10.187587759145924,12.559138400384375
wam,57.333333333333336,13.580404669428887,14.46157314492463,15.17927473904247,9.204148176745086,10.251929609389574,12.346900287746315
wam,57.666666666666664,12.607766661016738,14.06711543804119,14.168528470015229,8.86212924504879,10.005346670167844,11.976650925054352
wam,57.99999999999999,11.890562480336298,13.753260991386822,14.368556352432925,8.6997911797633,10.045179954224139,11.950625228338696
wam,58.333333333333336,11.594707258819309,13.935140078218218,14.146233043103223,8.711601616718363,10.502852799709924,12.36617839808375
wam,58.666666666666664,11.183493448789882,14.39689421657699,14.916517820360623,8.797201152067828,10.492801176771962,12.749708335073935
wam,59.0,11.285452491588721,15.849133118218914,15.851824777839186,8.542919691243515,10.166020922145716,12.615470445496909
wam,59.333333333333336,10.379364844946718,15.008685959746959,15.584065799259422,8.56476642713653,10.084898923265431,12.316493379901386
wam,59.66666666666667,9.462275582297384,13.980429711077292,15.099675375014284,8.544658018004062,10.162706698057988,12.239704748100452
wam,60.0,7.865710665867288,11.58651060979774,14.040038427978391,8.27521269206948,9.847863898100048,12.002340954705618
wam,60.333333333333336,7.3210407151373715,11.490413254411983,13.971571734204419,8.49643131535956,10.013756252463171,12.229843413927604
wam,60.66666666666667,6.717172279799988,10.442789220876946,13.310864004312775,9.043980426487972,10.273971956401715,12.170614531670553
wam,61.0,6.235656713350306,9.842815061734349,12.938138251978943,8.868391611302261,10.255022240334268,11.967162729534978
wam,61.33333333333334,5.721453581927059,9.149449571843947,11.474872467411497,9.01723075176062,9.996136977395878,11.581930119388355
wam,61.66666666666667,5.330343222687629,8.278190608648742,11.668224906403974,8.788059122203455,10.074394171819016,11.469838727105802
wam,62.0,5.103015921164509,7.628063197932048,11.209515361204842,8.619138253420303,9.71075959420374,11.185025576288686
wam,62.33333333333334,4.874599529181573,7.5653853224442305,11.542511755169418,8.671297149470185,9.98265776138848,11.76515132866336
wam,62.66666666666667,4.31334453644396,7.412547996258369,11.992876752563667,8.562065871284393,10.010549328324576,11.499549800456483
wam,63.0,4.05234625798173,7.258021832600933,11.924183864495834,8.47274032384288,9.594637079150427,11.78653466964877
wam,63.33333333333334,4.209686755476515,7.108017263429532,11.922166959433055,8.457554617121955,9.18765183931806,11.4760059766448
wam,63.66666666666667,5.072756768833458,9.186888713560045,13.217998296885604,8.444390933944316,9.31909770027844,11.26393277197672
wam,64.0,4.754679078762771,8.653164272020497,12.238885553805417,7.889776660916638,9.591352592312196,11.49760497751606
wam,64.33333333333333,5.502238904827606,9.798033558661452,11.772449827137255,8.077592213404728,9.572668043017257,11.695066491134872
wam,64.66666666666666,5.863814247984745,10.128217350444823,11.771776564819666,8.030741915080833,9.410487720986872,11.510541706454568
wam,65.0,5.8335753049383285,9.760937810423927,10.850258331862978,7.863212861154157,9.511248130760595,11.985777094763238
wam,65.33333333333333,5.984093714710617,7.626482220391472,9.500855770237191,7.873174805624109,9.314572949520084,11.271785895546941
wam,65.66666666666666,7.041175456406421,7.079255481096656,8.414439097580729,7.912628647126321,9.275420874782466,11.275453768531221
wam,66.0,8.129091885855056,8.261743583499644,8.392770591171736,7.716017287653348,9.017811085343087,10.571553205711593
wam,66.33333333333333,5.925653643989788,6.355698021314349,6.798443086211015,7.530655887908462,8.568139774484068,10.064523492128345
wam,66.66666666666666,4.706289960986394,4.818188624338607,4.891390111622904,6.596060877904143,7.829184965677649,9.297069966855924
wam,67.0,3.7314783645741576,3.775506714484188,3.880626153178346,5.575320502458791,6.3550395557961945,7.884894573871183
wam,67.33333333333333,3.160650465315832,3.2314629874001373,3.3565983649377418,4.1838553722921015,4.714002777347961,5.415422352330493
wam,67.66666666666667,1.888954960259782,2.0038983659786918,2.287715418513002,2.473017084395673,3.293959141384918,3.911054812436374
wam,68.0,1.5106260205713358,1.5564962207898976,1.8761834050919304,1.8171486840210243,2.1499340959799245,2.832932903880536
wam,68.33333333333333,1.3160191804767072,1.3298662087503854,1.4469430545616628,1.6969162885355034,1.8686085432855646,2.191071876031469
wam,68.66666666666667,1.5191302948324683,1.5970891238176481,1.6840061576681697,1.6937929427229936,1.8334685304857439,2.024711948027073
wam,69.0,1.4630726515093564,1.4722430547527936,1.5789328027190583,1.6419573034326036,1.7787381165548306,2.0533798229724276
wam,69.33333333333334,1.2404655351729137,1.3673426472428025,1.5085041705915274,1.6938206711785153,1.8060138817834956,2.0596183932346865
wam,69.66666666666667,1.4738154574022764,1.499926335402047,1.5616825964617538,1.6814170930704122,1.8316126691515673,2.095544672145637
wam,70.0,1.354821371205695,1.4617521984768818,1.4804665929603376,1.72387381800538,1.8302033535277291,2.031532323765975
wam,70.33333333333333,1.5708094120668559,1.7694077528151666,1.7985521889562945,1.679173454437601,1.8267764446385493,1.9894444841794603
wam,70.66666666666667,1.4790264581242047,1.4897214726636738,1.6076236908156754,1.6805589806544403,1.830503018051747,2.05195700549063
wam,71.0,1.3317195468891048,1.3356905713535383,1.5510952959945232,1.6808642022144813,1.822481348559925,2.087656955875188
wam,71.33333333333334,1.2911739905863717,1.3853273893595681,1.5390695426466947,1.6799360244827852,1.8426244158703842,2.1416017652788537
wam,71.66666666666667,1.4540151377443444,1.5004309088767132,1.569773193819187,1.6807610670019242,1.8327125649413105,2.0150652241108964
wam,72.00000000000001,1.4427858672749414,1.516321046564677,1.5583561932683518,1.737465674235487,1.8225604947978988,2.0512151999663213
wam,72.33333333333333,1.342469914357598,1.427675437766598,1.4598841508293643,1.6643091955827471,1.7844067048636454,2.0171792391457313
wam,72.66666666666667,1.4001876650817953,1.655098421584152,1.7250695448719555,1.6600389578922887,1.7926376985131096,2.05879160801456
wam,73.0,1.2313769712819722,1.246448592675255,1.3486036505137782,1.6623292522971762,1.8183239210256574,2.067752824546454
wam,73.33333333333334,1.3924587781504878,1.4993040264989905,1.5012052066785544,1.686541601675779,1.8239860353467638,2.056040477029569
wam,73.66666666666667,1.3242283444323046,1.384036775738563,1.4004507075749903,1.6707658952640232,1.8016379477187239,2.0129072377772763
wam,74.00000000000001,1.2244385248854144,1.2544619652354976,1.4383726965529586,1.6652316022823683,1.8165863770237234,2.0679161394483647
wam,74.33333333333333,1.139171661048033,1.3175790523369264,1.3684909318454248,1.6378873169131503,1.8506337784213267,2.037823723264456
wam,74.66666666666667,1.2603860295582487,1.4154076141143928,1.6408040651821827,1.6986263324699806,1.827226325315836,2.068173449747181
wam,75.0,1.3501177092115384,1.4140965940454662,1.5847683207541805,1.7433523533779418,1.8830881516935256,2.1159112478088224
wam,75.33333333333334,1.3307095769876094,1.4693396059786696,1.6175635569899398,1.6989215505737816,1.8449518832555107,2.1635464318638498
wam,75.66666666666667,1.3280293569791208,1.420416222194699,1.6652378136195765,1.710477093925107,1.8787402774601314,2.098585560308543
wam,76.00000000000001,1.4061702682757955,1.565043733903994,1.6450585679374659,1.6929405729630131,1.9081284848947584,2.0996548444220156
wam,76.33333333333333,1.4272167810719614,1.4440134241333804,1.8304661726829607,1.698982453833762,1.8572346835920786,2.070964987815559
wam,76.66666666666667,1.4230183350253405,1.4852771836308487,1.6229465139073027,1.6960486175172538,1.9135367633626588,2.1490036607556267
wam,77.0,1.2370230390261168,1.40485171147781,1.714875879420552,1.722391747695299,1.8943215042525077,2.113863684425883
wam,77.33333333333333,1.5517339532294352,1.567419634452887,1.595123693134888,1.6947141358175164,1.9024165307778467,2.0940495517359725
wam,77.66666666666667,1.27588099116198,1.5036361306339,1.6470229838327035,1.7641364312983938,1.8859465698214986,2.0907767995484496
wam,77.99999999999999,1.3845808853547699,1.4523051998515664,1.5741747571823743,1.673586589565701,1.8639563489795328,2.1026268718531425
wam,78.33333333333333,1.1570216758741125,1.1839789556119236,1.451929067508985,1.694253109656878,1.8720260803583488,2.0803003007450975
wam,78.66666666666666,1.1953208298565974,1.2384149651505336,1.458603054150758,1.6517584052878487,1.8448482304834175,2.107856621121978
wam,79.0,1.3045343916590788,1.3597445223228843,1.4444407260569345,1.6720070492631132,1.8244704877866902,2.0693789774541607
wam,79.33333333333333,1.2661795019164013,1.45721129615819,1.489748512754391,1.7059956143562758,1.8359133119608262,2.055966584904948
wam,79.66666666666667,1.1487887906516423,1.164908959620714,1.274454250579419,1.7056782334644016,1.8124816361642977,2.055793151066092
wam,80.0,1.1656745832657358,1.2884987469974465,1.4229124231192753,1.6903629289952877,1.8026371299220694,2.0581539701821967
wam,80.33333333333333,1.3135981952108051,1.3703306362492789,1.3787278816725224,1.6564404404476825,1.783240236575485,2.103720627311012
wam,80.66666666666666,1.237979888089463,1.4418209712427297,1.4793723725045167,1.6711146851246719,1.8325393646798052,2.03071577462228
wam,81.0,1.257469084875604,1.358579419132103,1.382302476393343,1.6384213779815588,1.8247456739066485,2.0633038228516885
wam,81.33333333333333,1.081086757173042,1.1142798439948018,1.2084872130179785,1.7002003780250328,1.8051647435848945,2.0682144436366023
wam,81.66666666666667,1.245159062301222,1.2604876032403918,1.2800596825795432,1.6619809193399153,1.8157645986829287,2.051029261033605
wam,82.0,1.363283896835009,1.5814510742470127,1.614795582292512,1.6847765563222785,1.8137084401290289,2.017444876145739
wam,82.33333333333334,1.3342469030655617,1.3946175095599587,1.446275526556803,1.7363266637156676,1.8025624380661704,1.996990347789266
wam,82.66666666666667,1.2724248203121902,1.362471629396611,1.4235637452288215,1.7253421335474384,1.8366776415943544,1.9583958420037513
wam,83.0,1.4199265728807426,1.5157157067195393,1.612320065797482,1.6800199124346462,1.797127499971682,1.951043863200357
wam,83.33333333333334,1.2694750477362764,1.4978268881233383,1.5034874133863112,1.6308875761994752,1.7892134736233214,1.9554463053605668
wam,83.66666666666667,1.4260476682704866,1.4515522460295847,1.5743614019359884,1.6833502402500908,1.781163248983693,2.0337889886067124
wam,84.0,1.3459765422856522,1.362800161890653,1.4058723109395186,1.6668766667729633,1.8066911853497047,2.037530792916081
wam,84.33333333333334,1.209202509946366,1.3807881320931186,1.4214367472383207,1.6825297628680518,1.7914879362748621,2.0405369529778534
wam,84.66666666666667,1.1836352552125933,1.2849524184304544,1.3597026192847044,1.66704511440504,1.8122491396447702,2.021804680512916
wam,85.00000000000001,1.4075366022411329,1.5775323312138894,1.6142717227071333,1.6816969289588677,1.8230170995095891,2.043860062543037
wam,85.33333333333334,1.1909511609871035,1.3564667421092305,1.44992880670461,1.6804133473045872,1.8370636212973759,2.0214930134539246
wam,85.66666666666666,1.2913261491588532,1.3824167183333531,1.3847986943648238,1.6598627701309416,1.8207090768665863,2.0651761356814107
wam,86.0,1.4330884371623445,1.4591795969148889,1.5923449120045914,1.658502399239973,1.8211082939123362,2.0919035666749477
wam,86.33333333333333,1.270609729847839,1.3498940333667673,1.509146482802545,1.6746845944140134,1.8098689663180498,2.0474466733708634
wam,86.66666666666667,1.448974300287016,1.4703150534483906,1.505328094714447,1.6626640316071675,1.8173082422162863,2.023252793096316
wam,87.0,1.1935283927614293,1.212872272104413,1.2283269798517056,1.6793276526748389,1.8184074984069962,2.0670536754943525
wam,87.33333333333334,1.2216910438404183,1.261497047006765,1.3305871607600017,1.742623448550026,1.853065577316932,2.074354776407041
wam,87.66666666666666,1.2164575478499144,1.2205656584463924,1.4273536352051313,1.6740532051000279,1.8296636233543628,2.052927527804901
wam,88.0,1.3211543550129128,1.391347525453115,1.398335797617666,1.6654775869846135,1.8382225291438288,2.044667968145992
wam,88.33333333333333,1.2309742841861473,1.3239375686965293,1.4031643718822084,1.6689872565121968,1.7956400888762598,2.0044624682048733
wam,88.66666666666667,1.1381667300851275,1.1614944164750618,1.1882268377219298,1.7084631834099104,1.8283588422740498,2.0168901704260964
wam,89.0,1.3128343175112889,1.3323452403313738,1.3477569962393354,1.675490116743438,1.7712453839165598,1.961724257018817
wam,89.33333333333334,1.1052208598719524,1.131901232579034,1.3058437945548684,1.6752286892599553,1.8170162434581867,2.038533609839896
wam,89.66666666666666,1.480467091204643,1.556799316770117,1.5665509333964267,1.6957475863311817,1.8196590147628555,2.0088236567271953
wam,90.0,1.131947571208697,1.174870357756962,1.2329752665938778,1.733685337042043,1.8263749825450701,2.0621705795122223
wam,90.33333333333333,1.3482924820897193,1.3529338852244266,1.3976335139660083,1.7018576489644617,1.851047370819998,2.0783316248669172
wam,90.66666666666667,1.3948860243584025,1.4599404619254788,1.4751546965744753,1.734401529214463,1.8608902643596195,2.0891562853657586
wam,91.0,1.3355772879248455,1.4019170677339527,1.465152224943088,1.7285251187781516,1.8609490923384746,2.095056009731528
wam,91.33333333333334,1.4179166210074334,1.4588076001555577,1.5325646966703734,1.7102227885802619,1.8896879436470488,2.073283700744049
wam,91.66666666666666,1.2049591804828381,1.2653191282166263,1.2876853307579021,1.6968110566884262,1.8589341282324412,2.153119865036939
wam,92.0,1.368913642537776,1.4623837156905801,1.5899165466242184,1.7720159500820365,1.9439205623710318,2.131894599123798
wam,92.33333333333333,1.407004100811144,1.4072110167088088,1.479037938584352,1.779603108523819,1.8932029810484092,2.145226783716298
wam,92.66666666666667,1.5162124051535357,1.5944544978924329,1.6088538552556126,1.780117282785776,1.9184227337336544,2.118447563036251
wam,93.0,1.1460891225930352,1.1480847317875194,1.1767274395712695,1.7954938599827055,1.9580441816432592,2.166601386001198
wam,93.33333333333334,1.3736747468811499,1.4169677535642065,1.4842756959930408,1.7661118183085514,1.9171416097626068,2.147546720209916
wam,93.66666666666667,1.4431725525500325,1.5539739987569037,1.5622464405466865,1.727660796416644,1.8995213492105076,2.0949552273089482
wam,94.0,1.2386202898362355,1.4016841918040661,1.4652007797931612,1.766203742439743,1.8819998786372811,2.0540097105861803
wam,94.33333333333334,1.24632915146788,1.3397087675944204,1.3988015572994348,1.7194145249969466,1.8956223280255178,2.05496902646473
wam,94.66666666666667,1.1554909544859457,1.2212544392938383,1.2397193405066957,1.7054042548148591,1.8275429299445338,2.0680076347695033
wam,95.0,1.3242286043871576,1.5133460095158529,1.544872921231683,1.7071601132309417,1.8477096343893433,2.068679617316196
wam,95.33333333333333,1.0704614907842145,1.0902222704461737,1.2406125943862625,1.7185637644629694,1.8354668857054677,2.010127164868502
wam,95.66666666666667,1.3593557686654665,1.5415103644802186,1.63266927989339,1.7012933125417007,1.8384310029510331,2.000596021475064
wam,96.0,1.1095525281706227,1.203513971649032,1.3099891380450535,1.6932590460574728,1.828354541645353,1.9726533346084385
wam,96.33333333333334,1.1030723731511591,1.3725475392364124,1.4258965826137986,1.707203566367696,1.811899418975682,1.961396429054386
wam,96.66666666666667,1.2229608685134503,1.401734292981467,1.4734515558834063,1.6946470113345193,1.8115905852407215,1.9540362384030556
wam,97.00000000000001,1.0702630915689935,1.328964940903719,1.3410871594487341,1.6807831033012772,1.805633277881737,1.9413044328919313
wam,97.33333333333333,1.1894350571316807,1.2003130893778717,1.3787612226285408,1.6796553266201797,1.8146898257852557,1.933591356170803
wam,97.66666666666667,1.0329431602027643,1.1338125772207222,1.2502016733524215,1.6706396463191042,1.7925181381148247,1.9546312228896907
wam,98.0,1.3370798256237852,1.410575917212045,1.552490616067306,1.6743730545771693,1.7899885824427144,1.9292726097075994
wam,98.33333333333334,1.4022331096941356,1.4154523589283836,1.4270888934259585,1.6817660416580824,1.7888154266042826,1.930352386916336
wam,98.66666666666667,1.1890947456965644,1.2071746338351743,1.3875685062044383,1.6787610108801114,1.804252997397498,1.9483808872405781
wam,99.00000000000001,1.2853766351749187,1.2880174901074148,1.430903375900055,1.6818828337136025,1.7916610615457982,1.9363282586980577
wam,99.33333333333333,1.415528012924328,1.4400541471656958,1.5378512467502925,1.6712967387914759,1.7943315494254883,1.9216127683295523
wam,99.66666666666667,1.487141636456158,1.5076831705185896,1.6256778718973326,1.6757006136069765,1.779321790026251,1.9598204560285901
wam,100.0,1.2851786585489962,1.4105019019772511,1.4547646710765112,1.6752364978904253,1.780061224630443,1.9404176539235047
wam_wrench,0.0,0.9531450585590342,1.1208903731135387,1.2455140601859176,1.1009094850401135,1.2311821755487469,1.4817147825829542
wam_wrench,0.33333333333333337,1.0268761156088764,1.0769375694770345,1.1268329741081369,1.2165266407811912,1.2641115548606079,1.3352805768015088
wam_wrench,0.6666666666666667,1.0177455318200685,1.0589323340814905,1.0936097623683518,1.2088622439712584,1.2643904904007581,1.3288517823071802
wam_wrench,1.0,0.9791879012214877,1.0141174073932748,1.0329088222737206,1.1901803986266288,1.2868594294962525,1.3337838088475333
wam_wrench,1.3333333333333335,1.0585561316198824,1.0951811281054125,1.126359541260516,1.215131739765033,1.257533314867107,1.3400065910781276
wam_wrench,1.6666666666666667,1.0447679904016791,1.0596836896487738,1.0785656019805319,1.2128587949109253,1.2661593048367374,1.351212394566871
wam_wrench,2.0,0.9791753013895093,1.0121865282763882,1.0415883859663084,1.2135390830781183,1.2784456221555993,1.337493117658455
wam_wrench,2.3333333333333335,0.9352979934251819,0.9927984364263742,1.0555023191233852,1.2293538566562034,1.270735168806465,1.3283264893706324
wam_wrench,2.666666666666667,0.9588138238896717,1.040654992327807,1.0678756922912327,1.2193825309975708,1.302216942088399,1.3364377914939425
wam_wrench,3.0,0.8561210436794651,0.974009615038175,1.0532373220471078,1.2479331549296178,1.3016205275507744,1.3616032612410462
wam_wrench,3.3333333333333335,0.9506971292663505,0.9796421514794798,1.0929223779595567,1.2524352806924535,1.3257630960590019,1.385623136873245
wam_wrench,3.6666666666666665,0.8425614126315957,0.9169595239279045,0.9259854696248274,1.2714134634549275,1.3334976853254696,1.4103514797601122
wam_wrench,4.0,0.8182022593963749,0.8475849311378343,0.8810998323217591,1.2886423755651588,1.360300594656982,1.4311695091679617
wam_wrench,4.333333333333334,0.7946169852037933,0.9151717211749233,0.9574620015300054,1.2979844009992805,1.3573248512210312,1.459230798997186
wam_wrench,4.666666666666667,0.7300077673723131,0.7935216847366545,0.817262145880306,1.2995996841383677,1.3970308311096835,1.5339579157553014
wam_wrench,5.0,0.6505731939415949,0.7837752671032139,0.8723525333219848,1.3020575417189166,1.4135902531198954,1.5004804708486552
wam_wrench,5.333333333333334,0.7599029485383642,0.8108851396681185,0.8610165519045045,1.3690137191862033,1.4554280453813253,1.5445683265324077
wam_wrench,5.666666666666667,0.6449313953204834,0.6608520486805449,0.8351380192678031,1.3796260865728338,1.4589521260786777,1.5448126271634144
wam_wrench,6.0,0.596614071514839,0.6484566737292294,0.7634485420324845,1.3668120974934734,1.4661853633217825,1.5902954925033301
wam_wrench,6.333333333333334,0.6717670092313297,0.8143809933038826,0.875389438286977,1.4231196374853692,1.483339437283791,1.6611740308618812
wam_wrench,6.666666666666667,0.6620200110970862,0.7400346447393247,0.7830228483314934,1.3918601987048758,1.5664313600149309,1.674460653249706
wam_wrench,6.999999999999999,0.6809757636094192,0.7606744440669104,0.7842859886989169,1.4115133644692126,1.5682907791240734,1.7412644670921722
wam_wrench,7.333333333333333,0.5777184563198607,0.6291765340174558,0.7532720337137546,1.3886621740033118,1.5672951913109698,1.7709657498425637
wam_wrench,7.666666666666668,0.7153770692362671,0.8193844181894968,0.8514645491353094,1.3919947136296331,1.6444799535148187,1.8013660712648045
wam_wrench,8.0,0.6548188785821831,0.783111598707436,1.0693638449257077,1.4035348148134972,1.6786102667170901,1.8133704536172774
wam_wrench,8.333333333333332,0.6134273327966279,0.7167962530912981,0.9646547757243511,1.4116260954089284,1.6285490830384508,1.7978803021284433
wam_wrench,8.666666666666668,0.5284724540887044,0.5498520879618511,0.7449676551492584,1.4483771326664139,1.6787963736549192,1.8415480966739106
wam_wrench,9.000000000000002,0.6514250287605348,0.8155252427635757,0.8601663839634693,1.4519978951090715,1.7235283448285048,1.8457834618251825
wam_wrench,9.333333333333334,0.7218849038887603,0.7422184376890009,1.0463399096473003,1.5089246331842527,1.7218978156292124,1.882490498808083
wam_wrench,9.666666666666666,0.6659521337415222,0.7720555370980735,1.1216386357553179,1.5088564853335351,1.7294832098872208,1.9074867873573949
wam_wrench,10.0,0.8334751568853124,1.0142141730753917,1.2725573241095953,1.5129466761208816,1.7115241062897741,1.9009639251531787
wam_wrench,10.333333333333334,0.8979623119342875,1.0543127375739838,1.103636303877356,1.5635722183555039,1.7196505177186516,1.9119051382202965
wam_wrench,10.666666666666668,1.0236800113961348,1.0425063835449757,1.4711731642441528,1.6184519426818018,1.7747055332982595,1.8663382343468093
wam_wrench,11.0,0.9161187859792981,1.0139214134730254,1.4483127373406894,1.6115059983947637,1.770768731017753,1.93768595603844
wam_wrench,11.333333333333334,1.0779633461719695,1.174191331592083,1.3635292259394385,1.5969823465825246,1.748585287040139,1.8753851138114301
wam_wrench,11.666666666666668,0.7610771696311525,0.9534630538653904,1.142114375126313,1.6130131655194968,1.7553457315814884,1.8929251317450237
wam_wrench,12.0,0.7847345873774177,1.0388387329928555,1.2316858882528312,1.6695420182594412,1.786860030504382,1.9396382107474273
wam_wrench,12.333333333333334,1.1935092844956057,1.3174169696695701,1.6086970564229501,1.69342093278595,1.8204709548604079,1.9601948639839077
wam_wrench,12.666666666666668,1.201545912418901,1.2220264999173764,1.3968468308151123,1.6892337403345457,1.8420228397316325,1.989552768043148
wam_wrench,13.0,1.2597861979362068,1.434980138919261,1.5412728683914048,1.665158915757709,1.8305890574702577,1.9804460837760467
wam_wrench,13.333333333333334,1.3273985072090486,1.3560655690919132,1.4142147571435373,1.7293995716673294,1.8138693103497363,1.9772019546443595
wam_wrench,13.666666666666668,1.27220429731506,1.3155581279001392,1.7194331355484487,1.657768985447528,1.7879656565202842,2.0904872678158375
wam_wrench,13.999999999999998,1.4510969665353857,1.6208180558098957,1.766314290969057,1.6689435066198417,1.8125307197689413,1.9970545110042424
wam_wrench,14.333333333333334,1.4683923090505353,1.6065282111522867,1.7475783225362667,1.6630365764356392,1.832252180452289,1.9642298477884559
wam_wrench,14.666666666666666,1.556329832509963,1.5595436958194728,1.5740951193542008,1.675603853265581,1.8370208707750622,2.0960661840813914
wam_wrench,15.0,1.4775526154878393,1.5267840007965352,1.5900528102209601,1.6910187802393306,1.8241590572896553,2.050146368350961
wam_wrench,15.333333333333336,1.2898729838197283,1.5336494101810625,1.6860793851638745,1.6442199986057329,1.8247131568939305,2.072176313563085
wam_wrench,15.666666666666668,1.2932671432601976,1.507439689285118,1.773883335963403,1.6826670664985757,1.848342261839485,2.134065525379944
wam_wrench,16.0,1.1767936469488685,1.3743593383421677,1.7813695974443653,1.6759915829526084,1.870655655623887,2.065706704645531
wam_wrench,16.333333333333332,1.2624620041426264,1.3537965209524736,1.8113612641681,1.6859514938468303,1.8809332983573104,2.0893439383771684
wam_wrench,16.666666666666664,1.2480832819867833,1.4019863666859003,1.630290414345667,1.7245517440170879,1.8940462755713523,2.138020939637641
wam_wrench,17.0,1.3655706052411407,1.56390760273793,1.7722529298353888,1.6935512773188117,1.898093552335975,2.1793618040507012
wam_wrench,17.333333333333336,1.1397191769418464,1.1995641949224383,1.5662635068725625,1.7125725942167862,1.8679358530414856,2.1753006465471914
wam_wrench,17.666666666666668,1.089655574688541,1.296197922383989,1.4830489863943508,1.74816442457979,1.860212011670694,2.2062423338416566
wam_wrench,18.000000000000004,1.3364189225725949,1.4759375149229776,1.706093139996112,1.7487450067762926,1.866388768300752,2.212439413239297
wam_wrench,18.333333333333336,1.4806261336911848,1.5209137198807254,1.6044231230873,1.7381235163531994,1.8782656015625356,2.183692376590251
wam_wrench,18.666666666666668,1.3044468872364317,1.4129657163199865,1.4934853406337272,1.7381644799619362,1.8898383423731402,2.116355022351546
wam_wrench,19.000000000000004,1.427971865567712,1.5881246776478584,1.7877062155682448,1.7748396971434264,1.8745262304406274,2.1094765434790017
wam_wrench,19.333333333333332,1.3810471709610679,1.4456741330182306,1.5222149490972643,1.7540218537805325,1.867513943373841,2.1879561568605723
wam_wrench,19.666666666666664,1.325497557470656,1.4265218063282732,1.5446082302448634,1.7484509609553482,1.9052892267389185,2.173194806588092
wam_wrench,20.0,1.3662854730959784,1.410675420821498,1.584243494058824,1.7366594829479298,1.888129911009175,2.255108289354719
wam_wrench,20.333333333333332,1.353724642371566,1.4340185368347462,1.7217303083161686,1.743594329976847,1.910123615473573,2.218077388449425
wam_wrench,20.666666666666668,1.1343163125921725,1.3379631334792765,1.6419354783602005,1.7512284938337288,1.8911807094903992,2.2433068216616587
wam_wrench,21.0,1.3483999800991449,1.579697583945344,1.8085944338565032,1.7184560973301386,1.873205751085321,2.2646620587308433
wam_wrench,21.333333333333336,1.4204167825051546,1.5914224982039433,1.8388904815779905,1.757012388338232,1.8871161424990004,2.179129556684661
wam_wrench,21.666666666666668,1.3866136855708504,1.5774954231158937,1.7770520739341462,1.7526915563348406,1.8994879193460985,2.312840012305852
wam_wrench,22.0,1.376040521090722,1.56115535290275,2.014065312355326,1.7694969423844502,1.9430141557104728,2.409240106408769
wam_wrench,22.333333333333336,1.4110711982966455,1.467227409068423,1.546057257917303,1.7536402472318275,1.9137570156165133,2.418178444654768
wam_wrench,22.666666666666668,1.3609838917637758,1.4843553662446363,1.598759188653391,1.6844901473083629,1.9125792510770978,2.414203414231924
wam_wrench,23.0,1.335843459501871,1.4406101597173921,1.8063374375091088,1.7028674089124576,1.9013251145688526,2.566447658148354
wam_wrench,23.333333333333336,1.4000256145294687,1.5845925169679504,1.9477897368317,1.7156444231314176,1.9297398833388364,2.566428626163258
wam_wrench,23.666666666666668,1.4544022423030831,1.7429345949642718,2.11354664059868,1.7088479993298225,2.0135516248784335,2.632832656411973
wam_wrench,24.0,1.2520857036671351,1.3688449634003736,1.8674018655151283,1.710162978927316,1.987339062829526,2.7176763215234176
wam_wrench,24.333333333333332,1.3507117855276984,1.4253039189067866,1.6537154164690004,1.6746701866329259,1.9546442089672666,2.4378332620531853
wam_wrench,24.666666666666668,1.028379809171639,1.5426939255309189,1.9041026040014917,1.6887498310739917,1.907754179332541,2.2047013733155794
wam_wrench,25.0,1.1165783759866026,1.4119948054482185,1.5464309446447535,1.6553157547505362,1.7879001043188703,2.128652484686326
wam_wrench,25.333333333333336,1.254555399161625,1.3624495199328612,1.5119357296723583,1.6145033595832765,1.7758173062962004,2.0763817684265518
wam_wrench,25.666666666666664,1.1773436536471111,1.2566515234860554,1.4524007238694043,1.6212692581768327,1.755389636801997,2.0298428563711592
wam_wrench,26.0,1.0100088565332963,1.175522830692513,1.2985988647009616,1.6014529548252612,1.812999316395769,2.0168246392358222
wam_wrench,26.333333333333336,0.826899249990965,0.8486815841183615,1.2661364881191088,1.6838669287831096,1.8188661963788677,2.0299399786732435
wam_wrench,26.666666666666668,0.8891128142879613,0.9666581426275436,1.2685334699428028,1.6771150393682004,1.8542000723149616,2.109627651488296
wam_wrench,27.0,0.8539364322274536,1.0121104044368452,1.0925920150560957,1.691396960349547,1.8818917892767169,2.1163870218704517
wam_wrench,27.333333333333336,0.7626867114586592,1.0486651954157533,1.1323580438749585,1.681517400750172,1.853380772536101,2.130933186404702
wam_wrench,27.666666666666668,0.7038388483840048,0.8660207111237286,1.0103758068960629,1.70471118837268,1.8785127021788086,2.0689914187999734
wam_wrench,27.999999999999996,0.6398303973532176,0.7669477183002349,0.8478230256546686,1.6874824013042127,1.8743680882657974,2.10974311150985
wam_wrench,28.333333333333332,0.6734545203288617,0.8017298878269783,1.1033918399228466,1.7318913358198373,1.8563017484848285,2.1288066979044897
wam_wrench,28.666666666666668,0.795747759552642,0.8722364340334827,0.8960114438622295,1.7187714671219467,1.8888735395523897,2.1701471763336913
wam_wrench,28.999999999999996,0.7283166315225225,0.8099579774067492,0.9523635175790364,1.7485166299883703,1.912578995531982,2.2320752340478642
wam_wrench,29.333333333333332,0.8133164628698475,0.8774799422275725,0.9416578839858663,1.7537458471579912,1.9073688180343282,2.23365022864279
wam_wrench,29.666666666666668,0.6519358001587165,0.6915471533280702,0.8205541721588626,1.7402345516336841,1.879143571541774,2.162548347728671
wam_wrench,30.0,0.6908070456317328,0.8887837533421431,1.020082441798672,1.6964401499097812,1.8560016509739108,2.189260519758312
wam_wrench,30.333333333333336,0.7881016379012604,0.8892680722717801,1.0228974654008973,1.7464027453721684,1.866386047079408,2.0641460692664815
wam_wrench,30.66666666666667,0.8447347059330321,0.8679192779804267,1.021762480737548,1.6781053498141136,1.8916900347021877,2.0297016683375095
wam_wrench,31.0,0.946961926345453,1.0153337264209699,1.0864387798576969,1.7119834224509995,1.9473749382505157,2.245964975039899
wam_wrench,31.333333333333336,1.0192568868040959,1.082981894606069,1.2342567286902058,1.742396432117162,1.9050804969485404,2.251341824227529
wam_wrench,31.66666666666667,0.9138028869960991,1.1032019158093016,1.324936900614976,1.7866957501637388,1.9942607633808493,2.3496455263704386
wam_wrench,32.0,0.9123730094950863,1.0311908968538614,1.2914713085118632,1.795181239734732,2.0525338313870094,2.700518439195109
wam_wrench,32.33333333333333,1.0808959631712125,1.1334116819796682,1.713046178857301,1.9442698247531596,2.597711808647233,3.2963246778299196
wam_wrench,32.666666666666664,1.3432043982084214,1.6682640697955655,2.7416407614088354,4.179854363455056,5.216851305975943,8.373103844204723
wam_wrench,33.0,3.020608273330104,3.3354253322197405,3.7847157187882567,4.615877663040502,5.654614654563735,7.31220306288969
wam_wrench,33.33333333333333,4.387141551318151,4.488977557964164,4.741763187961331,6.345466646840784,8.931694141262263,9.854133980326429
wam_wrench,33.666666666666664,4.6147242814451515,5.174189179982951,6.560418764745438,8.167554774065843,9.646504478550337,10.87880434826796
wam_wrench,34.0,4.9865805862224075,5.4687472084159054,7.13767501235159,8.297963326949471,9.931947168971984,11.0994274103907
wam_wrench,34.333333333333336,4.9676339386972925,5.8631982887324305,6.612114128204426,8.944328124199373,9.935180355657856,11.293379100979095
wam_wrench,34.66666666666667,4.930518071699158,6.344177362537214,7.5143831053824,9.45277905424769,10.563425697529254,11.209743381640106
wam_wrench,35.0,4.566805578203396,6.214369089516396,7.3430128891075475,9.523184506838016,10.64669863907649,11.762432295488773
wam_wrench,35.333333333333336,4.524650721564184,6.077068178230114,7.5035677248264,9.740228132592048,10.823118968420143,11.87771845526941
wam_wrench,35.66666666666667,4.711518882014503,5.5985050845129205,6.818334283063384,9.699637356742567,11.090335855612466,11.807409267706841
wam_wrench,36.00000000000001,4.9748088884081385,5.685511029126041,6.850976461557565,9.944153034818777,10.98871928263143,12.39335064987923
wam_wrench,36.333333333333336,5.307294451647822,7.485529756873654,8.79910377293591,10.286768911875011,11.211527888899019,12.83361245940363
wam_wrench,36.66666666666667,5.899418558707186,8.9046378944179,10.049121639232672,10.261806690058727,11.511319464562913,12.975238733567506
wam_wrench,37.00000000000001,7.585165571554114,9.2474431421399,10.22916064661047,10.059648365994537,11.751883102833965,12.874657914561864
wam_wrench,37.333333333333336,9.267039347668103,9.809088171860047,10.814580307669056,10.162809712219353,11.224949314963087,13.306844305123274
wam_wrench,37.66666666666667,9.82361941688184,10.165954871238316,10.567744124527136,10.090655546525499,11.138409225786797,13.352806564932287
wam_wrench,38.00000000000001,10.428131555711882,11.133522576846108,12.077363661328922,9.992765123393957,11.47202834648277,13.55034406812976
wam_wrench,38.333333333333336,10.353223628837242,11.799683045088418,13.063267617829474,10.031678072940636,11.397434473695359,13.77067010052809
wam_wrench,38.666666666666664,9.936700100276257,11.55856643127138,12.98437093446778,10.095781948474869,11.27435878210428,13.571661434370522
wam_wrench,38.99999999999999,9.760890372631106,11.829062455118017,13.816048810916575,9.882246184198966,11.688932941943634,13.344522996644919
wam_wrench,39.33333333333333,9.566597157636519,11.754113119796465,13.200454315663732,10.076478124239582,11.151482077252933,13.506958398650767
wam_wrench,39.666666666666664,9.816021539105597,11.626416388634864,13.741761952258926,10.0051130147613,11.095694723973217,13.258226887390567
wam_wrench,40.0,9.533438672456947,12.050101278673585,13.70347917318445,10.07120174806526,11.333635159924244,13.02111198422667
wam_wrench,40.33333333333333,9.247417461652464,11.52610998961184,13.302692826532784,10.215868671758518,11.44154778952371,13.202588298083166
wam_wrench,40.666666666666664,8.852004094608178,11.72276418152829,13.244934274264066,9.957541264829793,11.455171669682631,13.179289085568136
wam_wrench,41.0,8.409318355309965,11.363119970417268,14.123502775179054,10.082329151490054,11.061550977905526,13.192514737509862
wam_wrench,41.333333333333336,8.839697870225944,11.129952423386722,14.292514260973679,10.03243869086699,11.068499228140784,13.15604154175923
wam_wrench,41.66666666666667,8.47546528211233,10.917939591114312,13.891362780939886,10.22524653343845,11.638264548907795,13.449222388773702
wam_wrench,42.0,9.120081298735101,11.117853146217321,13.706700805414314,10.199221417223594,12.077227850201815,13.661755350970104
wam_wrench,42.333333333333336,9.332779744259605,12.090238479040668,13.842317764952494,10.265668639529228,12.031276372370947,13.438879815070742
wam_wrench,42.66666666666667,9.058795489586137,12.337559289500948,14.925577346275873,10.430943212420866,11.499056744368751,13.364865905386965
wam_wrench,43.0,9.600188415253818,13.619181478308406,15.087213998523895,10.610917617103716,11.851222549143994,13.214140538768326
wam_wrench,43.333333333333336,9.958277302374661,14.121239239784405,16.404952913478898,10.449501710066928,11.758209302216683,13.158096066359922
wam_wrench,43.66666666666667,11.548239033639536,14.48421689309684,16.134362980944086,10.510515182417116,11.868959887656985,13.455414201231173
wam_wrench,44.0,11.70036052771623,14.483586669481646,15.588815517610355,10.35494370105256,11.528008220566836,13.562758422682908
wam_wrench,44.333333333333336,12.262080519811779,14.757667367764592,16.130727761612196,10.183768319911461,11.68995349945245,13.500061217833585
wam_wrench,44.66666666666667,11.133503666988954,14.389917072393295,16.12176637482258,10.046590331451371,11.434903798806012,13.64645984621253
wam_wrench,45.0,10.858570152679269,14.180450019844898,16.063428348623653,9.82251838772484,11.089089457046423,13.482118771291827
wam_wrench,45.333333333333336,11.457376779601768,14.42957616321809,15.880225587054372,9.74315302879096,10.886007097998892,13.311772461389527
wam_wrench,45.66666666666667,11.325495728472239,14.494755674101516,15.623624595539873,9.757021694701614,11.402375904637463,13.610506905726567
wam_wrench,46.0,11.570664396784895,14.404044318520556,15.343050948356968,9.71803947952721,11.472693332641576,13.640030109263133
wam_wrench,46.333333333333336,11.22255434992298,14.291942455943639,15.004938476920723,9.431522229865543,11.30084006950333,13.675004517328768
wam_wrench,46.66666666666667,11.235637327453132,14.192358580736927,14.421772463061924,9.57558441540549,11.295497722098368,13.518687617378099
wam_wrench,47.0,11.016800416198976,13.912671708224016,14.64238495781328,9.96648740301333,11.120878142905447,13.478695507852947
wam_wrench,47.333333333333336,11.570992315705325,14.047418455187891,14.710154107943964,10.084932187747619,11.172493729018878,13.544579859916341
wam_wrench,47.666666666666664,11.845828312637474,14.117097217194893,15.20993861666906,10.045353515133002,11.354619120838315,13.781273991670822
wam_wrench,48.0,12.007043823601162,14.233504839147766,16.029501416306335,9.813928784273596,11.457707066422222,13.485351878856916
wam_wrench,48.333333333333336,12.53199459628928,14.526588752307696,16.218567162125844,9.853075316640345,11.24360981804998,13.268881677418936
wam_wrench,48.666666666666664,12.747050564859691,14.059727190226273,15.751170877236673,10.022604978531941,11.414232301676687,13.241416173522339
wam_wrench,49.0,13.044953518103606,13.83124590093762,15.923883367582341,10.189865683827934,11.239497903458378,12.971630704539622
wam_wrench,49.333333333333336,12.719238195436876,14.557293488941035,15.855615095689533,9.727367382156386,11.259907169919897,13.155270654729195
wam_wrench,49.666666666666664,12.719085978503944,14.697009119991938,16.46407004460545,10.020676386058456,11.17179773592646,13.078448912510405
wam_wrench,50.0,12.923276170912498,14.689160490465037,16.158428609506814,9.857633258167754,11.469213516329654,13.08924077883736
wam_wrench,50.33333333333333,13.280090356030113,14.984190455004613,16.013841139425786,9.622119578724686,11.558523186445235,13.528311535124939
wam_wrench,50.66666666666667,13.09504966754645,14.865134288870276,15.981683015221916,9.428176760651224,11.627752228054204,13.531425907568842
wam_wrench,51.0,12.699025558398517,13.955188517516046,15.743196458601567,9.485373139086942,11.34782450461286,13.464874315085002
wam_wrench,51.33333333333333,12.264425146620564,13.192142458282175,14.257775311979024,9.628330353119921,11.521678995531847,13.655467031931027
wam_wrench,51.66666666666667,12.151685673609595,13.464916894423336,13.805717367508702,9.589444497099445,10.877485845004115,13.91892724056019
wam_wrench,52.0,12.243690518155148,14.603236142456314,15.083112030383658,9.143548964002012,11.242538743064237,13.810494249790715
wam_wrench,52.33333333333333,12.441338989489427,15.021655901493508,15.444924130142304,8.526195394733175,10.842792657985601,13.760866704657504
wam_wrench,52.66666666666667,12.196152652913916,14.703996108679569,16.244254820826537,8.58080039551816,10.773969180393461,13.384775080132027
wam_wrench,53.0,12.411983314773192,14.642258669927115,15.97166655036413,8.702824525467275,10.620999082910856,12.602730868321672
wam_wrench,53.333333333333336,12.722158259661695,14.890904421408383,16.796454404885562,8.864413901800283,10.619535937055982,12.261389277993821
wam_wrench,53.66666666666667,12.183809557580105,14.036393922197927,15.677434947283082,8.674873640857838,10.034843829124632,12.101690561383908
wam_wrench,54.0,11.863579439222566,14.468993830945557,16.87241475720686,8.246824877893975,10.224102153528861,12.037083590370665
wam_wrench,54.333333333333336,12.28339892589926,13.899264174056658,16.62510333775785,8.495475358594385,10.764191123951283,12.240534554957936
wam_wrench,54.66666666666667,13.563354092707112,13.974932677021734,14.630935861982994,8.980032275277631,10.464933945679281,12.232278843645448
wam_wrench,55.00000000000001,13.527871867977545,14.095150929490003,14.648392917656059,8.844313258483748,10.454622654614472,12.261963290476277
wam_wrench,55.333333333333336,13.361992589986398,13.918840323488773,14.094692713864637,9.289280328193573,10.354746217144385,12.668027952006607
wam_wrench,55.666666666666664,13.258858560349916,14.038616308051505,15.109629596697765,9.18607496111482,10.404743969427225,12.17199676141567
wam_wrench,55.99999999999999,12.338663790022167,13.551768563556985,15.069039655541527,8.937911436656616,10.280541816499662,12.03405497697203
wam_wrench,56.333333333333336,13.223606422182105,13.832111805896544,14.964094937730286,8.978076926847766,10.525802313571223,12.573396323136233
wam_wrench,56.666666666666664,13.168956273046472,14.57775366840152,15.680282959801636,8.879454246509637,10.351066518098488,12.642169177919197
wam_wrench,56.99999999999999,14.302275480653265,14.512237012403535,14.988207872101697,9.228465944974744,10.187587759145924,12.559138400384375
wam_wrench,57.333333333333336,13.463438997359216,14.196950231540074,14.956566715540383,9.204148176745086,10.251929609389574,12.346900287746315
wam_wrench,57.666666666666664,13.57686896573875,14.944463733747016,15.099757446294628,8.86212924504879,10.005346670167844,11.976650925054352
wam_wrench,57.99999999999999,12.870257878368538,14.26797102123091,14.959167085891062,8.6997911797633,10.045179954224139,11.950625228338696
wam_wrench,58.333333333333336,11.860680521075588,12.682695959626955,13.894774217593817,8.711601616718363,10.502852799709924,12.36617839808375
wam_wrench,58.666666666666664,11.654359178261355,12.604943053725966,13.899264225116891,8.797201152067828,10.492801176771962,12.749708335073935
wam_wrench,59.0,10.953930538393864,12.18654544479216,13.24718643150031,8.542919691243515,10.166020922145716,12.615470445496909
wam_wrench,59.333333333333336,10.149474757070463,10.791401942601333,12.825638942947183,8.56476642713653,10.084898923265431,12.316493379901386
wam_wrench,59.66666666666667,10.67421640103922,11.126316236854894,12.010811583318862,8.544658018004062,10.162706698057988,12.239704748100452
wam_wrench,60.0,10.8860743444806,11.981885864651652,12.25032174893259,8.27521269206948,9.847863898100048,12.002340954705618
wam_wrench,60.333333333333336,9.78096919593629,10.738299735753355,12.354605815208743,8.49643131535956,10.013756252463171,12.229843413927604
wam_wrench,60.66666666666667,10.02977801148839,11.034872866723877,11.813723403956395,9.043980426487972,10.273971956401715,12.170614531670553
wam_wrench,61.0,9.254445623831035,10.938070135790387,11.955983302937272,8.868391611302261,10.255022240334268,11.967162729534978
wam_wrench,61.33333333333334,9.148355765380131,11.12663864830225,11.492705359231614,9.01723075176062,9.996136977395878,11.581930119388355
wam_wrench,61.66666666666667,8.521741242181886,11.147513302083862,11.787162175330437,8.788059122203455,10.074394171819016,11.469838727105802
wam_wrench,62.0,8.789162008676847,9.856821042113909,10.397310940804243,8.619138253420303,9.71075959420374,11.185025576288686
wam_wrench,62.33333333333334,8.86920370426435,9.169802829447095,9.581803280807693,8.671297149470185,9.98265776138848,11.76515132866336
wam_wrench,62.66666666666667,8.166548677015607,8.952174132230002,9.913159826045884,8.562065871284393,10.010549328324576,11.499549800456483
wam_wrench,63.0,8.18295580512505,8.221840837725722,8.974701951605153,8.47274032384288,9.594637079150427,11.78653466964877
wam_wrench,63.33333333333334,7.045574124824785,7.374370498851725,8.442421111484443,8.457554617121955,9.18765183931806,11.4760059766448
wam_wrench,63.66666666666667,5.901776181969986,7.317070036279425,8.025432503397095,8.444390933944316,9.31909770027844,11.26393277197672
wam_wrench,64.0,4.2857775678930565,6.153501322255336,8.088544406748145,7.889776660916638,9.591352592312196,11.49760497751606
wam_wrench,64.33333333333333,3.811947454395117,5.792644679626822,7.72757281130537,8.077592213404728,9.572668043017257,11.695066491134872
wam_wrench,64.66666666666666,3.59319184254797,5.703635576827389,7.710588732299751,8.030741915080833,9.410487720986872,11.510541706454568
wam_wrench,65.0,4.729734484830093,6.691844290243935,7.375407194428267,7.863212861154157,9.511248130760595,11.985777094763238
wam_wrench,65.33333333333333,4.834781130045477,6.373269196972119,7.063042457297614,7.873174805624109,9.314572949520084,11.271785895546941
wam_wrench,65.66666666666666,5.124427864398524,6.095277409051993,6.8432236694321045,7.912628647126321,9.275420874782466,11.275453768531221
wam_wrench,66.0,5.56972502557913,5.929922532506529,6.368598423613329,7.716017287653348,9.017811085343087,10.571553205711593
wam_wrench,66.33333333333333,5.003438024919236,5.550274811736502,5.674174570104599,7.530655887908462,8.568139774484068,10.064523492128345
wam_wrench,66.66666666666666,4.4431451726713505,4.534640732190276,4.627618365444076,6.596060877904143,7.829184965677649,9.297069966855924
wam_wrench,67.0,3.838461387263614,3.8527564831710706,4.020931126867476,5.575320502458791,6.3550395557961945,7.884894573871183
wam_wrench,67.33333333333333,3.266420822313835,3.4164678350399877,3.690595636157616,4.1838553722921015,4.714002777347961,5.415422352330493
wam_wrench,67.66666666666667,2.8273901267356107,3.2259944074468327,3.632544384855391,2.473017084395673,3.293959141384918,3.911054812436374
wam_wrench,68.0,2.073390506923635,3.0575632027310684,3.518922829440571,1.8171486840210243,2.1499340959799245,2.832932903880536
wam_wrench,68.33333333333333,1.5554924028025696,1.908481916918321,3.087255661281379,1.6969162885355034,1.8686085432855646,2.191071876031469
wam_wrench,68.66666666666667,0.9870729905995526,1.288758175008049,2.7862856472158293,1.6937929427229936,1.8334685304857439,2.024711948027073
wam_wrench,69.0,0.48115989271917464,0.6147828317582403,1.2325270227900222,1.6419573034326036,1.7787381165548306,2.0533798229724276
wam_wrench,69.33333333333334,0.5308834949815394,0.5777008407026991,0.6175237038825676,1.6938206711785153,1.8060138817834956,2.0596183932346865
wam_wrench,69.66666666666667,0.4225940365848671,0.5380159504170716,0.608954366875318,1.6814170930704122,1.8316126691515673,2.095544672145637
wam_wrench,70.0,0.457562653514686,0.5764045637580244,0.6445617259004948,1.72387381800538,1.8302033535277291,2.031532323765975
wam_wrench,70.33333333333333,0.6075048909125469,0.6416389231897934,0.9390696083479458,1.679173454437601,1.8267764446385493,1.9894444841794603
wam_wrench,70.66666666666667,0.44615577855048943,0.6316636143348877,0.801237090231047,1.6805589806544403,1.830503018051747,2.05195700549063
wam_wrench,71.0,0.491582874609295,0.6467788556959135,0.777415990742255,1.6808642022144813,1.822481348559925,2.087656955875188
wam_wrench,71.33333333333334,0.555831727970086,0.6473335612894655,0.9849796114348859,1.6799360244827852,1.8426244158703842,2.1416017652788537
wam_wrench,71.66666666666667,0.5399589303988248,0.6218550494150366,0.8554064444780884,1.6807610670019242,1.8327125649413105,2.0150652241108964
wam_wrench,72.00000000000001,0.5199436952960509,0.6846606033911544,1.601244455115128,1.737465674235487,1.8225604947978988,2.0512151999663213
wam_wrench,72.33333333333333,0.5071259808526024,0.6318038045564249,1.7194740038780225,1.6643091955827471,1.7844067048636454,2.0171792391457313
wam_wrench,72.66666666666667,0.5085578699826228,0.6778258382746458,1.6976095686828028,1.6600389578922887,1.7926376985131096,2.05879160801456
wam_wrench,73.0,0.5875705152123627,0.6567390552314606,1.0295299115906167,1.6623292522971762,1.8183239210256574,2.067752824546454
wam_wrench,73.33333333333334,0.5621650536250796,0.6992520144164627,0.7694387786654737,1.686541601675779,1.8239860353467638,2.056040477029569
wam_wrench,73.66666666666667,0.5533392384218856,0.612021025742259,0.714980477065815,1.6707658952640232,1.8016379477187239,2.0129072377772763
wam_wrench,74.00000000000001,0.4308960226179118,0.5895497121589943,0.6781927644839368,1.6652316022823683,1.8165863770237234,2.0679161394483647
wam_wrench,74.33333333333333,0.48791888091664826,0.5345428489758293,0.6653888391950121,1.6378873169131503,1.8506337784213267,2.037823723264456
wam_wrench,74.66666666666667,0.5107179246929137,0.5696039176099608,0.6654284391180421,1.6986263324699806,1.827226325315836,2.068173449747181
wam_wrench,75.0,0.5119030453122542,0.586754747155321,0.6166469299354584,1.7433523533779418,1.8830881516935256,2.1159112478088224
wam_wrench,75.33333333333334,0.5956989259341365,0.6251540371501711,0.6377061032866949,1.6989215505737816,1.8449518832555107,2.1635464318638498
wam_wrench,75.66666666666667,0.4186089551260576,0.5278910582737786,0.6338961912672896,1.710477093925107,1.8787402774601314,2.098585560308543
wam_wrench,76.00000000000001,0.508281358325451,0.5609942999504698,0.7809754322025839,1.6929405729630131,1.9081284848947584,2.0996548444220156
wam_wrench,76.33333333333333,0.5059740117070366,0.5741709225870424,0.6076593646675478,1.698982453833762,1.8572346835920786,2.070964987815559
wam_wrench,76.66666666666667,0.49284867110393193,0.5895978223345454,0.653515866936262,1.6960486175172538,1.9135367633626588,2.1490036607556267
wam_wrench,77.0,0.5284056727943225,0.6008374547951215,0.6872852773795496,1.722391747695299,1.8943215042525077,2.113863684425883
wam_wrench,77.33333333333333,0.5425838537328276,0.5615723138219489,0.6082029000859702,1.6947141358175164,1.9024165307778467,2.0940495517359725
wam_wrench,77.66666666666667,0.5136286569068538,0.5955713790591771,0.6228142071925633,1.7641364312983938,1.8859465698214986,2.0907767995484496
wam_wrench,77.99999999999999,0.5149074547033055,0.551202774859396,0.6061128534044402,1.673586589565701,1.8639563489795328,2.1026268718531425
wam_wrench,78.33333333333333,0.47577558192713476,0.567426856367483,0.6114733163254187,1.694253109656878,1.8720260803583488,2.0803003007450975
wam_wrench,78.66666666666666,0.5210077915484563,0.5369464999133342,0.591704199761327,1.6517584052878487,1.8448482304834175,2.107856621121978
wam_wrench,79.0,0.48071664951034887,0.5214553591272361,0.623186013785483,1.6720070492631132,1.8244704877866902,2.0693789774541607
wam_wrench,79.33333333333333,0.5383571573548422,0.6212478609075593,0.6733922249987832,1.7059956143562758,1.8359133119608262,2.055966584904948
wam_wrench,79.66666666666667,0.45701402998974716,0.4874821505402685,0.5644707701314193,1.7056782334644016,1.8124816361642977,2.055793151066092
wam_wrench,80.0,0.5113658349043835,0.5744670819511108,0.6084812753566143,1.6903629289952877,1.8026371299220694,2.0581539701821967
wam_wrench,80.33333333333333,0.4733517810642307,0.5093574439317194,0.6011641755248139,1.6564404404476825,1.783240236575485,2.103720627311012
wam_wrench,80.66666666666666,0.5422266416011498,0.565273682178786,0.603789150209864,1.6711146851246719,1.8325393646798052,2.03071577462228
wam_wrench,81.0,0.4875095257024414,0.5031432226199695,0.5204225926102878,1.6384213779815588,1.8247456739066485,2.0633038228516885
wam_wrench,81.33333333333333,0.484398805298784,0.4933271204207259,0.5707570081868075,1.7002003780250328,1.8051647435848945,2.0682144436366023
wam_wrench,81.66666666666667,0.5203104077862255,0.5674612098677347,0.6224085868001766,1.6619809193399153,1.8157645986829287,2.051029261033605
wam_wrench,82.0,0.44622601862228534,0.4738340708980646,0.5440342942128988,1.6847765563222785,1.8137084401290289,2.017444876145739
wam_wrench,82.33333333333334,0.5496924479359985,0.5701698253139532,0.6478266895745867,1.7363266637156676,1.8025624380661704,1.996990347789266
wam_wrench,82.66666666666667,0.40122799040698387,0.5082244913997973,0.5827687025762008,1.7253421335474384,1.8366776415943544,1.9583958420037513
wam_wrench,83.0,0.4122883729224761,0.4460130888604663,0.4837751303990733,1.6800199124346462,1.797127499971682,1.951043863200357
wam_wrench,83.33333333333334,0.4834489203126477,0.5740068713370823,0.601161319951711,1.6308875761994752,1.7892134736233214,1.9554463053605668
wam_wrench,83.66666666666667,0.5336099258439395,0.544411215743033,0.5504693150449552,1.6833502402500908,1.781163248983693,2.0337889886067124
wam_wrench,84.0,0.5474333373666583,0.5610887212444813,0.5914674820006098,1.6668766667729633,1.8066911853497047,2.037530792916081
wam_wrench,84.33333333333334,0.5241423932284484,0.5818487456720124,0.6279836578559987,1.6825297628680518,1.7914879362748621,2.0405369529778534
wam_wrench,84.66666666666667,0.6069777944352113,0.642455691393558,0.6767894478366296,1.66704511440504,1.8122491396447702,2.021804680512916
wam_wrench,85.00000000000001,0.5758459219978742,0.5888255250539314,0.6379040028291196,1.6816969289588677,1.8230170995095891,2.043860062543037
wam_wrench,85.33333333333334,0.492236524929212,0.5434964804937732,0.6336092598888854,1.6804133473045872,1.8370636212973759,2.0214930134539246
wam_wrench,85.66666666666666,0.5424198570736979,0.5644667055238166,0.6410174844551473,1.6598627701309416,1.8207090768665863,2.0651761356814107
wam_wrench,86.0,0.5827332903205158,0.5948803710756259,0.5984559971094137,1.658502399239973,1.8211082939123362,2.0919035666749477
wam_wrench,86.33333333333333,0.553909239231469,0.5907316049298088,0.6206147809864988,1.6746845944140134,1.8098689663180498,2.0474466733708634
wam_wrench,86.66666666666667,0.6265416349601445,0.6466984676673986,0.6775688536750861,1.6626640316071675,1.8173082422162863,2.023252793096316
wam_wrench,87.0,0.5202652656370337,0.5609704757511271,0.6220020387028407,1.6793276526748389,1.8184074984069962,2.0670536754943525
wam_wrench,87.33333333333334,0.5450844169003046,0.6525787281879769,0.7285086160451634,1.742623448550026,1.853065577316932,2.074354776407041
wam_wrench,87.66666666666666,0.5640617595699142,0.5849783959990149,0.6411013086735688,1.6740532051000279,1.8296636233543628,2.052927527804901
wam_wrench,88.0,0.55453974778021,0.589532627106955,0.6638638857806285,1.6654775869846135,1.8382225291438288,2.044667968145992
wam_wrench,88.33333333333333,0.5238353067661674,0.5784938946955649,0.619727827171792,1.6689872565121968,1.7956400888762598,2.0044624682048733
wam_wrench,88.66666666666667,0.5305257465149532,0.5815321080128945,0.6281667698457735,1.7084631834099104,1.8283588422740498,2.0168901704260964
wam_wrench,89.0,0.45382186223439974,0.48839219494499997,0.5830221969077649,1.675490116743438,1.7712453839165598,1.961724257018817
wam_wrench,89.33333333333334,0.4664452480917357,0.5474424786924914,0.6043689519510256,1.6752286892599553,1.8170162434581867,2.038533609839896
wam_wrench,89.66666666666666,0.5240998350017007,0.5522241978179163,0.572760526646093,1.6957475863311817,1.8196590147628555,2.0088236567271953
wam_wrench,90.0,0.4146421896297274,0.5082874503118799,0.614145590829211,1.733685337042043,1.8263749825450701,2.0621705795122223
wam_wrench,90.33333333333333,0.5515115334269542,0.5939463277528374,0.6949635637697531,1.7018576489644617,1.851047370819998,2.0783316248669172
wam_wrench,90.66666666666667,0.4658569274035605,0.5502110303127569,0.6512264130370127,1.734401529214463,1.8608902643596195,2.0891562853657586
wam_wrench,91.0,0.5346867785252372,0.59281410037816,0.6314937895218007,1.7285251187781516,1.8609490923384746,2.095056009731528
wam_wrench,91.33333333333334,0.45334114655195734,0.4890587899751816,0.5547014153438011,1.7102227885802619,1.8896879436470488,2.073283700744049
wam_wrench,91.66666666666666,0.5790120495889912,0.6029893514411762,0.6171402622910076,1.6968110566884262,1.8589341282324412,2.153119865036939
wam_wrench,92.0,0.4932182582099853,0.5122776711626702,0.6066307030692646,1.7720159500820365,1.9439205623710318,2.131894599123798
wam_wrench,92.33333333333333,0.49573118600867877,0.5520241684410101,0.6112569111717792,1.779603108523819,1.8932029810484092,2.145226783716298
wam_wrench,92.66666666666667,0.46444393259553707,0.486852351247962,0.5414315726850183,1.780117282785776,1.9184227337336544,2.118447563036251
wam_wrench,93.0,0.46000958651257506,0.4894481340595871,0.5398102344839155,1.7954938599827055,1.9580441816432592,2.166601386001198
wam_wrench,93.33333333333334,0.45982012959249124,0.5195439343985343,0.6307576427892541,1.7661118183085514,1.9171416097626068,2.147546720209916
wam_wrench,93.66666666666667,0.4728559991516758,0.5125660773937583,0.54779797140872,1.727660796416644,1.8995213492105076,2.0949552273089482
wam_wrench,94.0,0.4749840299129856,0.5449675438083075,0.5781963825140752,1.766203742439743,1.8819998786372811,2.0540097105861803
wam_wrench,94.33333333333334,0.5168075252347362,0.5488322960964124,0.5625160296389357,1.7194145249969466,1.8956223280255178,2.05496902646473
wam_wrench,94.66666666666667,0.45522783173816256,0.5098028758108056,0.5800477352466561,1.7054042548148591,1.8275429299445338,2.0680076347695033
wam_wrench,95.0,0.47706109810898645,0.4965339932438524,0.5630656510952379,1.7071601132309417,1.8477096343893433,2.068679617316196
wam_wrench,95.33333333333333,0.4155299202603235,0.46229239695948887,0.5145628448144721,1.7185637644629694,1.8354668857054677,2.010127164868502
wam_wrench,95.66666666666667,0.4820398013070961,0.5768760533560817,0.6591077558427284,1.7012933125417007,1.8384310029510331,2.000596021475064
wam_wrench,96.0,0.44691148839562844,0.513895603174712,0.5618493941810444,1.6932590460574728,1.828354541645353,1.9726533346084385
wam_wrench,96.33333333333334,0.4736752365106821,0.5584057353346276,0.6409977473442923,1.707203566367696,1.811899418975682,1.961396429054386
wam_wrench,96.66666666666667,0.5017880144093372,0.5141977712175261,0.6764031205289643,1.6946470113345193,1.8115905852407215,1.9540362384030556
wam_wrench,97.00000000000001,0.4354686687725198,0.47743537624671206,0.5653309529790852,1.6807831033012772,1.805633277881737,1.9413044328919313
wam_wrench,97.33333333333333,0.473260479528717,0.4964214201222572,0.5204000582626901,1.6796553266201797,1.8146898257852557,1.933591356170803
wam_wrench,97.66666666666667,0.47214189397046125,0.5255589429907822,0.6163914812873285,1.6706396463191042,1.7925181381148247,1.9546312228896907
wam_wrench,98.0,0.519185647872708,0.6090008889442502,0.650008898215588,1.6743730545771693,1.7899885824427144,1.9292726097075994
wam_wrench,98.33333333333334,0.5124509280801588,0.5655189295672028,0.6231391576920986,1.6817660416580824,1.7888154266042826,1.930352386916336
wam_wrench,98.66666666666667,0.5839433464932545,0.6242906981761575,0.6774581701836991,1.6787610108801114,1.804252997397498,1.9483808872405781
wam_wrench,99.00000000000001,0.5252046167440125,0.5761500096125509,0.6462948146162627,1.6818828337136025,1.7916610615457982,1.9363282586980577
wam_wrench,99.33333333333333,0.591329007245685,0.5927349140645406,0.6103995007798743,1.6712967387914759,1.7943315494254883,1.9216127683295523
wam_wrench,99.66666666666667,0.5308294379712464,0.6167630515471171,0.6929821519781877,1.6757006136069765,1.779321790026251,1.9598204560285901
wam_wrench,100.0,0.550163608884235,0.5733287000135554,0.6093143396045797,1.6752364978904253,1.780061224630443,1.9404176539235047
cw_wam,0.0,0.6898788366350239,0.7234154166974234,0.8074218736680808,1.1009094850401135,1.2311821755487469,1.4817147825829542
cw_wam,0.33333333333333337,0.6605849450110295,0.6806803266566391,0.6832045629564978,1.2165266407811912,1.2641115548606079,1.3352805768015088
cw_wam,0.6666666666666667,0.6858671672602217,0.719590251877265,0.8145993275124921,1.2088622439712584,1.2643904904007581,1.3288517823071802
cw_wam,1.0,0.7253139006454736,0.7797448473513584,0.8063814118974251,1.1901803986266288,1.2868594294962525,1.3337838088475333
cw_wam,1.3333333333333335,0.7028727499591725,0.7173411941787,0.7757332804268291,1.215131739765033,1.257533314867107,1.3400065910781276
cw_wam,1.6666666666666667,0.6044685411346771,0.660118220601501,0.67925341370127,1.2128587949109253,1.2661593048367374,1.351212394566871
cw_wam,2.0,0.6632716369866346,0.6878373001791328,0.6940163514836822,1.2135390830781183,1.2784456221555993,1.337493117658455
cw_wam,2.3333333333333335,0.6811665923192121,0.7696896978317864,0.8007378656109314,1.2293538566562034,1.270735168806465,1.3283264893706324
cw_wam,2.666666666666667,0.6873797057818661,0.7940681455957197,0.8204710515814029,1.2193825309975708,1.302216942088399,1.3364377914939425
cw_wam,3.0,0.5639051730659661,0.6613360092810702,0.7238969849796111,1.2479331549296178,1.3016205275507744,1.3616032612410462
cw_wam,3.3333333333333335,0.5895665938097978,0.6420916042272038,0.7196058182553278,1.2524352806924535,1.3257630960590019,1.385623136873245
cw_wam,3.6666666666666665,0.5773406392032169,0.7272005597269092,0.7901588782805684,1.2714134634549275,1.3334976853254696,1.4103514797601122
cw_wam,4.0,0.642087753386216,0.6621893063987238,0.9233918352713992,1.2886423755651588,1.360300594656982,1.4311695091679617
cw_wam,4.333333333333334,0.5800489638692292,0.6357533512905449,0.7152947827153913,1.2979844009992805,1.3573248512210312,1.459230798997186
cw_wam,4.666666666666667,0.6847345574240389,0.7304436529900884,0.8475454044486166,1.2995996841383677,1.3970308311096835,1.5339579157553014
cw_wam,5.0,0.6900730340986225,0.7816212043917876,0.7981857404269722,1.3020575417189166,1.4135902531198954,1.5004804708486552
cw_wam,5.333333333333334,0.8433364163029433,0.975293881017266,1.2094420256216218,1.3690137191862033,1.4554280453813253,1.5445683265324077
cw_wam,5.666666666666667,0.6027864522067141,0.6200530266485743,0.957173589718002,1.3796260865728338,1.4589521260786777,1.5448126271634144
cw_wam,6.0,0.7462409847605926,0.7711417084954958,0.807084175691458,1.3668120974934734,1.4661853633217825,1.5902954925033301
cw_wam,6.333333333333334,0.6474983054598547,0.7063257569721755,0.7242668900891973,1.4231196374853692,1.483339437283791,1.6611740308618812
cw_wam,6.666666666666667,0.7272966667483902,0.8453419460382808,0.8590045778238562,1.3918601987048758,1.5664313600149309,1.674460653249706
cw_wam,6.999999999999999,0.680666285277857,0.7923445332872618,0.8009853011048307,1.4115133644692126,1.5682907791240734,1.7412644670921722
cw_wam,7.333333333333333,0.9541289592120198,1.0173358194230073,1.0272268338243022,1.3886621740033118,1.5672951913109698,1.7709657498425637
cw_wam,7.666666666666668,0.9599503259180034,0.964209702114649,1.0122388976779366,1.3919947136296331,1.6444799535148187,1.8013660712648045
cw_wam,8.0,0.8777970681743374,0.9101638120182088,0.9136331296488778,1.4035348148134972,1.6786102667170901,1.8133704536172774
cw_wam,8.333333333333332,1.0001993001778253,1.0771058949202759,1.0840785988702426,1.4116260954089284,1.6285490830384508,1.7978803021284433
cw_wam,8.666666666666668,1.025422177027313,1.0577035925618987,1.0654410462129533,1.4483771326664139,1.6787963736549192,1.8415480966739106
cw_wam,9.000000000000002,0.8638290347872082,1.0267020255855237,1.1044518163502386,1.4519978951090715,1.7235283448285048,1.8457834618251825
cw_wam,9.333333333333334,0.6962885131805294,0.8941579347756372,1.237991807420846,1.5089246331842527,1.7218978156292124,1.882490498808083
cw_wam,9.666666666666666,0.96014043401904,1.0900163776245628,1.2148356088779924,1.5088564853335351,1.7294832098872208,1.9074867873573949
cw_wam,10.0,0.983689179780946,0.9927213836179279,1.2060600219966084,1.5129466761208816,1.7115241062897741,1.9009639251531787
cw_wam,10.333333333333334,1.0062782085095763,1.0692249683104933,1.2827942312204992,1.5635722183555039,1.7196505177186516,1.9119051382202965
cw_wam,10.666666666666668,0.7859031760112123,0.8407558615997162,1.059828493971435,1.6184519426818018,1.7747055332982595,1.8663382343468093
cw_wam,11.0,0.9801184310723648,1.025839096523553,1.2305915654725037,1.6115059983947637,1.770768731017753,1.93768595603844
cw_wam,11.333333333333334,0.8571338535900117,0.9681570367678801,1.22510034572946,1.5969823465825246,1.748585287040139,1.8753851138114301
cw_wam,11.666666666666668,1.070932064543192,1.265891069626685,1.3415080348475532,1.6130131655194968,1.7553457315814884,1.8929251317450237
cw_wam,12.0,0.9551364782544722,0.966434196574712,1.400189860256003,1.6695420182594412,1.786860030504382,1.9396382107474273
cw_wam,12.333333333333334,1.0725909581793094,1.0869908441165592,1.1888251512426415,1.69342093278595,1.8204709548604079,1.9601948639839077
cw_wam,12.666666666666668,0.940175286683554,0.9909481441753482,1.265164243895604,1.6892337403345457,1.8420228397316325,1.989552768043148
cw_wam,13.0,0.97217839632517,1.1833474473752439,1.3394753362450682,1.665158915757709,1.8305890574702577,1.9804460837760467
cw_wam,13.333333333333334,1.237318922047152,1.2839958348571163,1.302221446206169,1.7293995716673294,1.8138693103497363,1.9772019546443595
cw_wam,13.666666666666668,1.191892415543009,1.222858239979404,1.4816469291567638,1.657768985447528,1.7879656565202842,2.0904872678158375
cw_wam,13.999999999999998,1.1423619829643141,1.2814183730095547,1.376366117517358,1.6689435066198417,1.8125307197689413,1.9970545110042424
cw_wam,14.333333333333334,1.1431003833672113,1.2066541247048272,1.3508272768511338,1.6630365764356392,1.832252180452289,1.9642298477884559
cw_wam,14.666666666666666,1.4095273593763198,1.4587345968721501,1.6606358082689052,1.675603853265581,1.8370208707750622,2.0960661840813914
cw_wam,15.0,1.2366679740150195,1.2976970743816902,1.4194809788344773,1.6910187802393306,1.8241590572896553,2.050146368350961
cw_wam,15.333333333333336,1.223301779736848,1.3514709163426062,1.4980650346569178,1.6442199986057329,1.8247131568939305,2.072176313563085
cw_wam,15.666666666666668,1.238420967996488,1.3171346917374396,1.4874123112362638,1.6826670664985757,1.848342261839485,2.134065525379944
cw_wam,16.0,1.383591020039511,1.486245091646359,1.5075681223227737,1.6759915829526084,1.870655655623887,2.065706704645531
cw_wam,16.333333333333332,1.1487885639923487,1.2590763324597862,1.4824740729997545,1.6859514938468303,1.8809332983573104,2.0893439383771684
cw_wam,16.666666666666664,1.3729091853229776,1.5442203498929405,1.5906871904641782,1.7245517440170879,1.8940462755713523,2.138020939637641
cw_wam,17.0,1.3855704427583038,1.535521034741654,1.613701431590527,1.6935512773188117,1.898093552335975,2.1793618040507012
cw_wam,17.333333333333336,1.4676870700334201,1.6494652970124306,1.7492317770105132,1.7125725942167862,1.8679358530414856,2.1753006465471914
cw_wam,17.666666666666668,1.380516925822291,1.5023468813808825,1.5412964483847365,1.74816442457979,1.860212011670694,2.2062423338416566
cw_wam,18.000000000000004,1.437122303646352,1.5776737080614862,1.6865736753576028,1.7487450067762926,1.866388768300752,2.212439413239297
cw_wam,18.333333333333336,1.447582257846352,1.44891309156317,1.632924826713916,1.7381235163531994,1.8782656015625356,2.183692376590251
cw_wam,18.666666666666668,1.1866033467978065,1.3191564851247457,1.5072435958079136,1.7381644799619362,1.8898383423731402,2.116355022351546
cw_wam,19.000000000000004,1.3292308973582236,1.5526508761093158,1.7104217668757347,1.7748396971434264,1.8745262304406274,2.1094765434790017
cw_wam,19.333333333333332,1.3519699473820155,1.4268930639324828,1.4720460114091867,1.7540218537805325,1.867513943373841,2.1879561568605723
cw_wam,19.666666666666664,1.4405512726421499,1.588940605992994,1.6486142731594544,1.7484509609553482,1.9052892267389185,2.173194806588092
cw_wam,20.0,1.1825385588817598,1.2123495634941865,1.4754428270690452,1.7366594829479298,1.888129911009175,2.255108289354719
cw_wam,20.333333333333332,1.40900792385278,1.563845316689395,1.6397701613118962,1.743594329976847,1.910123615473573,2.218077388449425
cw_wam,20.666666666666668,1.45510350598555,1.4617275001818446,1.686256932688868,1.7512284938337288,1.8911807094903992,2.2433068216616587
cw_wam,21.0,1.5217522833860837,1.620792453819372,1.68360352214905,1.7184560973301386,1.873205751085321,2.2646620587308433
cw_wam,21.333333333333336,1.2928647589295865,1.336535269116779,1.4638503509342358,1.757012388338232,1.8871161424990004,2.179129556684661
cw_wam,21.666666666666668,1.4235960908093301,1.5753154358291155,1.7543644246902823,1.7526915563348406,1.8994879193460985,2.312840012305852
cw_wam,22.0,1.4562702727694425,1.5843750063951518,1.6037380113874566,1.7694969423844502,1.9430141557104728,2.409240106408769
cw_wam,22.333333333333336,1.2469455131021272,1.5249286477272646,1.6391743539415455,1.7536402472318275,1.9137570156165133,2.418178444654768
cw_wam,22.666666666666668,1.5508412049748348,1.7394442827843055,1.8352964157830844,1.6844901473083629,1.9125792510770978,2.414203414231924
cw_wam,23.0,1.678707652305879,1.8873619398075605,1.9546699438276112,1.7028674089124576,1.9013251145688526,2.566447658148354
cw_wam,23.333333333333336,1.6858771039032967,1.727009928494787,1.728821821919302,1.7156444231314176,1.9297398833388364,2.566428626163258
cw_wam,23.666666666666668,1.3871719093730706,1.4448995532212834,1.4879265856391517,1.7088479993298225,2.0135516248784335,2.632832656411973
cw_wam,24.0,1.4970928042574623,1.685463327580583,1.987454182885157,1.710162978927316,1.987339062829526,2.7176763215234176
cw_wam,24.333333333333332,1.3369697246357848,1.4870750508787751,2.245784683303741,1.6746701866329259,1.9546442089672666,2.4378332620531853
cw_wam,24.666666666666668,1.4583856054861446,1.675581918039396,1.970107553751026,1.6887498310739917,1.907754179332541,2.2047013733155794
cw_wam,25.0,1.2752468739529894,1.4720496154805045,1.966691174476108,1.6553157547505362,1.7879001043188703,2.128652484686326
cw_wam,25.333333333333336,1.346025535245766,1.5737433229789826,2.0481441724589624,1.6145033595832765,1.7758173062962004,2.0763817684265518
cw_wam,25.666666666666664,1.2540172130501501,1.3126186201485566,1.8416613984635373,1.6212692581768327,1.755389636801997,2.0298428563711592
cw_wam,26.0,1.2373277177179136,1.4673952207935905,2.099830719508955,1.6014529548252612,1.812999316395769,2.0168246392358222
cw_wam,26.333333333333336,1.187581736602993,1.3294324213061621,1.520941124270339,1.6838669287831096,1.8188661963788677,2.0299399786732435
cw_wam,26.666666666666668,1.3238526809869327,1.3484982983761853,1.4419607308283904,1.6771150393682004,1.8542000723149616,2.109627651488296
cw_wam,27.0,0.9697884396532226,1.0269730939162975,1.345078205391213,1.691396960349547,1.8818917892767169,2.1163870218704517
cw_wam,27.333333333333336,0.9597339553996157,1.0029377247391391,1.1854863105867812,1.681517400750172,1.853380772536101,2.130933186404702
cw_wam,27.666666666666668,0.9701367341604576,1.0828380090978307,1.3255708510096011,1.70471118837268,1.8785127021788086,2.0689914187999734
cw_wam,27.999999999999996,0.8190025793359517,0.9036748124043898,1.1364864095359186,1.6874824013042127,1.8743680882657974,2.10974311150985
cw_wam,28.333333333333332,0.7564713538948171,0.9141191045025255,1.0801035063831599,1.7318913358198373,1.8563017484848285,2.1288066979044897
cw_wam,28.666666666666668,0.642091297803616,0.6714023982399265,1.061568198746531,1.7187714671219467,1.8888735395523897,2.1701471763336913
cw_wam,28.999999999999996,0.7519933101708335,0.8246620000310064,0.8850236689758468,1.7485166299883703,1.912578995531982,2.2320752340478642
cw_wam,29.333333333333332,0.7921589872912084,0.867055709959389,1.0240456733878496,1.7537458471579912,1.9073688180343282,2.23365022864279
cw_wam,29.666666666666668,0.9076345856461357,0.9726686664505054,1.031997636171952,1.7402345516336841,1.879143571541774,2.162548347728671
cw_wam,30.0,0.8411708075486837,0.9111929612585647,0.9186566949900705,1.6964401499097812,1.8560016509739108,2.189260519758312
cw_wam,30.333333333333336,1.0365486017931254,1.0949441697910647,1.1122976521589798,1.7464027453721684,1.866386047079408,2.0641460692664815
cw_wam,30.66666666666667,0.7614576695759101,0.8556631548587952,0.9903351876856188,1.6781053498141136,1.8916900347021877,2.0297016683375095
cw_wam,31.0,0.8852521309285089,0.913291412207996,1.089451573712905,1.7119834224509995,1.9473749382505157,2.245964975039899
cw_wam,31.333333333333336,1.033863457767914,1.099490518301738,1.2994256496371173,1.742396432117162,1.9050804969485404,2.251341824227529
cw_wam,31.66666666666667,1.0350598024612256,1.1279043284503356,1.3035339439349587,1.7866957501637388,1.9942607633808493,2.3496455263704386
cw_wam,32.0,0.9941304929252945,1.2386070195729713,1.2595976967393598,1.795181239734732,2.0525338313870094,2.700518439195109
cw_wam,32.33333333333333,0.9950892002062328,1.3205111097401803,1.8311493760785758,1.9442698247531596,2.597711808647233,3.2963246778299196
cw_wam,32.666666666666664,1.7128576907601634,2.072475082316009,2.581853292762484,4.179854363455056,5.216851305975943,8.373103844204723
cw_wam,33.0,3.5323693862724,3.668504655639034,3.7977980093305845,4.615877663040502,5.654614654563735,7.31220306288969
cw_wam,33.33333333333333,4.367632637659449,4.392551798834089,4.562845123359307,6.345466646840784,8.931694141262263,9.854133980326429
cw_wam,33.666666666666664,5.810210706256553,5.978548326313063,6.226483350104055,8.167554774065843,9.646504478550337,10.87880434826796
cw_wam,34.0,6.8476413958734135,6.9583823318356774,7.860200288724738,8.297963326949471,9.931947168971984,11.0994274103907
cw_wam,34.333333333333336,6.612684681512763,6.6218667470408565,8.087804128844553,8.944328124199373,9.935180355657856,11.293379100979095
cw_wam,34.66666666666667,7.616863294096172,7.7470797569284215,9.34606018078885,9.45277905424769,10.563425697529254,11.209743381640106
cw_wam,35.0,7.958075100599743,8.38739392107498,10.066755850323418,9.523184506838016,10.64669863907649,11.762432295488773
cw_wam,35.333333333333336,7.920255027472608,8.31525888619037,9.624946576014505,9.740228132592048,10.823118968420143,11.87771845526941
cw_wam,35.66666666666667,8.76081300645546,10.109300780701918,10.7843812367756,9.699637356742567,11.090335855612466,11.807409267706841
cw_wam,36.00000000000001,9.142153229388624,10.105496332889283,10.863480206527068,9.944153034818777,10.98871928263143,12.39335064987923
cw_wam,36.333333333333336,9.352994983858139,9.822613987780255,11.710623925537199,10.286768911875011,11.211527888899019,12.83361245940363
cw_wam,36.66666666666667,9.200001859894169,9.938293063891257,12.115273081287093,10.261806690058727,11.511319464562913,12.975238733567506
cw_wam,37.00000000000001,9.098679500111977,9.918765697516209,12.044789753341398,10.059648365994537,11.751883102833965,12.874657914561864
cw_wam,37.333333333333336,9.46259372819217,10.219276369056477,12.563535481794016,10.162809712219353,11.224949314963087,13.306844305123274
cw_wam,37.66666666666667,10.3108456844196,10.42709784483143,12.493579611038761,10.090655546525499,11.138409225786797,13.352806564932287
cw_wam,38.00000000000001,10.524549562899209,10.79902607020673,12.786958008671785,9.992765123393957,11.47202834648277,13.55034406812976
cw_wam,38.333333333333336,10.953869590939075,11.212898185509346,12.838247399895739,10.031678072940636,11.397434473695359,13.77067010052809
cw_wam,38.666666666666664,11.334122990881923,11.730862245686552,13.575455584030731,10.095781948474869,11.27435878210428,13.571661434370522
cw_wam,38.99999999999999,11.584494203836297,12.354450222651906,14.053010783000655,9.882246184198966,11.688932941943634,13.344522996644919
cw_wam,39.33333333333333,12.292891052569882,13.408120842729847,15.10315335455825,10.076478124239582,11.151482077252933,13.506958398650767
cw_wam,39.666666666666664,12.980290075734413,14.430670435867585,17.045456865858988,10.0051130147613,11.095694723973217,13.258226887390567
cw_wam,40.0,13.705532901382822,14.853229168252577,16.087409328214868,10.07120174806526,11.333635159924244,13.02111198422667
cw_wam,40.33333333333333,13.738545756918736,14.213146634152315,15.763166359993999,10.215868671758518,11.44154778952371,13.202588298083166
cw_wam,40.666666666666664,13.403391195094464,13.571753475902643,15.73294744647045,9.957541264829793,11.455171669682631,13.179289085568136
cw_wam,41.0,13.611419754282027,13.958500065240024,16.38819697725504,10.082329151490054,11.061550977905526,13.192514737509862
cw_wam,41.333333333333336,14.5191723411363,14.604427576455363,15.784607162545,10.03243869086699,11.068499228140784,13.15604154175923
cw_wam,41.66666666666667,15.389591363441447,15.565178139158766,16.378981313226134,10.22524653343845,11.638264548907795,13.449222388773702
cw_wam,42.0,14.862382296104466,14.886262960599902,15.006997735830677,10.199221417223594,12.077227850201815,13.661755350970104
cw_wam,42.333333333333336,14.492084308234332,14.51924050360776,14.541767485688354,10.265668639529228,12.031276372370947,13.438879815070742
cw_wam,42.66666666666667,14.474828377253882,14.617978380066031,15.241517505611618,10.430943212420866,11.499056744368751,13.364865905386965
cw_wam,43.0,14.533949899224458,14.830744175708796,15.699642035430255,10.610917617103716,11.851222549143994,13.214140538768326
cw_wam,43.333333333333336,14.5962245428069,15.086118738438085,15.925511244706442,10.449501710066928,11.758209302216683,13.158096066359922
cw_wam,43.66666666666667,13.603669778345596,13.746091685955633,15.995429354445054,10.510515182417116,11.868959887656985,13.455414201231173
cw_wam,44.0,13.79639316437407,14.39079764891584,16.82671117201268,10.35494370105256,11.528008220566836,13.562758422682908
cw_wam,44.333333333333336,14.477930926316883,14.904528248681382,15.912658714742317,10.183768319911461,11.68995349945245,13.500061217833585
cw_wam,44.66666666666667,15.235941935518316,15.850503840681604,15.862349130894575,10.046590331451371,11.434903798806012,13.64645984621253
cw_wam,45.0,15.616649796113158,15.982890865541371,16.533527961495384,9.82251838772484,11.089089457046423,13.482118771291827
cw_wam,45.333333333333336,16.077803609966598,16.147626262545593,16.74778243881825,9.74315302879096,10.886007097998892,13.311772461389527
cw_wam,45.66666666666667,16.122789557526254,16.18143892959929,16.909203288999194,9.757021694701614,11.402375904637463,13.610506905726567
cw_wam,46.0,16.442967471644643,16.55494894971465,17.277919452604653,9.71803947952721,11.472693332641576,13.640030109263133
cw_wam,46.333333333333336,17.045219227520757,17.427525834876764,17.4633129899128,9.431522229865543,11.30084006950333,13.675004517328768
cw_wam,46.66666666666667,15.815732730665086,16.56422758007697,16.735428949921417,9.57558441540549,11.295497722098368,13.518687617378099
cw_wam,47.0,15.456779317590087,15.79860877968335,15.987885323566495,9.96648740301333,11.120878142905447,13.478695507852947
cw_wam,47.333333333333336,15.744544251194121,15.795143943837305,16.139778986245435,10.084932187747619,11.172493729018878,13.544579859916341
cw_wam,47.666666666666664,16.258708189845194,16.658606377546313,16.67369412129718,10.045353515133002,11.354619120838315,13.781273991670822
cw_wam,48.0,16.795650196043773,17.41389138823597,17.477268198889654,9.813928784273596,11.457707066422222,13.485351878856916
cw_wam,48.333333333333336,17.296369617329788,17.52495172329693,17.586137181365032,9.853075316640345,11.24360981804998,13.268881677418936
cw_wam,48.666666666666664,16.64496691439127,17.302271819852713,17.6428008670971,10.022604978531941,11.414232301676687,13.241416173522339
cw_wam,49.0,16.781215853834226,17.023733808270574,17.17768494895408,10.189865683827934,11.239497903458378,12.971630704539622
cw_wam,49.333333333333336,16.760344387150056,16.85917475674957,17.1010127634973,9.727367382156386,11.259907169919897,13.155270654729195
cw_wam,49.666666666666664,16.507070422010678,16.936770992786858,17.381730952495882,10.020676386058456,11.17179773592646,13.078448912510405
cw_wam,50.0,16.37054844599888,17.54254362339928,17.937749355172443,9.857633258167754,11.469213516329654,13.08924077883736
cw_wam,50.33333333333333,16.033335197113814,17.348960973109172,17.523383985702743,9.622119578724686,11.558523186445235,13.528311535124939
cw_wam,50.66666666666667,16.37642601570407,17.22337917727247,17.67015791409242,9.428176760651224,11.627752228054204,13.531425907568842
cw_wam,51.0,17.343124878232878,18.044024538666836,18.366260571865766,9.485373139086942,11.34782450461286,13.464874315085002
cw_wam,51.33333333333333,17.497855427073027,17.54611182173345,18.355377587881534,9.628330353119921,11.521678995531847,13.655467031931027
cw_wam,51.66666666666667,17.41565034270254,17.846959024454556,18.280331380114344,9.589444497099445,10.877485845004115,13.91892724056019
cw_wam,52.0,17.41491538215935,17.569807102079007,18.09681375312638,9.143548964002012,11.242538743064237,13.810494249790715
cw_wam,52.33333333333333,18.013331839897383,18.573548996165485,18.587221875712515,8.526195394733175,10.842792657985601,13.760866704657504
cw_wam,52.66666666666667,18.04027509701782,18.69857941915522,18.72611872664089,8.58080039551816,10.773969180393461,13.384775080132027
cw_wam,53.0,18.456122302542198,18.978092142573296,19.090086491258944,8.702824525467275,10.620999082910856,12.602730868321672
cw_wam,53.333333333333336,17.812855622553677,17.884959424564748,18.162593684358264,8.864413901800283,10.619535937055982,12.261389277993821
cw_wam,53.66666666666667,16.916674078858115,17.7233185182888,17.965106496913986,8.674873640857838,10.034843829124632,12.101690561383908
cw_wam,54.0,17.30507397805794,17.48777208149537,17.844516922098446,8.246824877893975,10.224102153528861,12.037083590370665
cw_wam,54.333333333333336,17.5823012216076,17.620458727340974,17.62233704916602,8.495475358594385,10.764191123951283,12.240534554957936
cw_wam,54.66666666666667,17.198599444279488,17.292814672538533,17.573331408545215,8.980032275277631,10.464933945679281,12.232278843645448
cw_wam,55.00000000000001,17.023477511947693,17.233400369956644,17.509130633316875,8.844313258483748,10.454622654614472,12.261963290476277
cw_wam,55.333333333333336,16.23467569620585,16.513812924097735,16.946318429000918,9.289280328193573,10.354746217144385,12.668027952006607
cw_wam,55.666666666666664,16.049147576809986,16.18819164404971,16.75812717726064,9.18607496111482,10.404743969427225,12.17199676141567
cw_wam,55.99999999999999,16.260055154295642,16.906343407339513,17.310991362821085,8.937911436656616,10.280541816499662,12.03405497697203
cw_wam,56.333333333333336,16.491901819210067,17.798183014357413,17.93890170397967,8.978076926847766,10.525802313571223,12.573396323136233
cw_wam,56.666666666666664,15.491905029950185,16.78813121900254,17.28897622771449,8.879454246509637,10.351066518098488,12.642169177919197
cw_wam,56.99999999999999,15.867287452472198,16.91081910997115,17.416396372396946,9.228465944974744,10.187587759145924,12.559138400384375
cw_wam,57.333333333333336,15.498221824252928,16.501734689421582,17.50300802696782,9.204148176745086,10.251929609389574,12.346900287746315
cw_wam,57.666666666666664,15.737893363188272,16.500634529098352,17.38191077344565,8.86212924504879,10.005346670167844,11.976650925054352
cw_wam,57.99999999999999,15.864443272339445,17.105382350140587,17.384325349350547,8.6997911797633,10.045179954224139,11.950625228338696
cw_wam,58.333333333333336,15.161083767262799,16.144347122760028,16.74717645848768,8.711601616718363,10.502852799709924,12.36617839808375
cw_wam,58.666666666666664,15.662029035078458,16.349644427011594,16.904170217370616,8.797201152067828,10.492801176771962,12.749708335073935
cw_wam,59.0,15.985483863367975,16.68136212319706,17.01939686709468,8.542919691243515,10.166020922145716,12.615470445496909
cw_wam,59.333333333333336,16.02100723463039,16.30187418142361,17.108060817339073,8.56476642713653,10.084898923265431,12.316493379901386
cw_wam,59.66666666666667,15.986499417194072,16.663490375852003,16.909680627328424,8.544658018004062,10.162706698057988,12.239704748100452
cw_wam,60.0,15.567560078407155,16.77484863324628,17.22025599988244,8.27521269206948,9.847863898100048,12.002340954705618
cw_wam,60.333333333333336,15.781565102093932,16.15349498150402,16.998767194587465,8.49643131535956,10.013756252463171,12.229843413927604
cw_wam,60.66666666666667,15.82266749093499,15.864906924213784,16.591262471313307,9.043980426487972,10.273971956401715,12.170614531670553
cw_wam,61.0,15.879981036209912,16.00865708911796,16.325928417839922,8.868391611302261,10.255022240334268,11.967162729534978
cw_wam,61.33333333333334,15.566499443619437,16.463850990733814,16.614240821187,9.01723075176062,9.996136977395878,11.581930119388355
cw_wam,61.66666666666667,15.521872127179321,16.062884633498992,16.59757126915774,8.788059122203455,10.074394171819016,11.469838727105802
cw_wam,62.0,14.462560594415109,14.885156448738645,14.900085428777983,8.619138253420303,9.71075959420374,11.185025576288686
cw_wam,62.33333333333334,12.038487924726208,13.226391404361364,13.674831392930548,8.671297149470185,9.98265776138848,11.76515132866336
cw_wam,62.66666666666667,10.626826374435469,12.50752976839701,12.520769321162032,8.562065871284393,10.010549328324576,11.499549800456483
cw_wam,63.0,9.353978207454212,12.366629714428216,12.674858253917215,8.47274032384288,9.594637079150427,11.78653466964877
cw_wam,63.33333333333334,8.528141609390104,12.481293188133217,12.936623338365933,8.457554617121955,9.18765183931806,11.4760059766448
cw_wam,63.66666666666667,8.503290951424631,13.07412866176536,13.673439058889974,8.444390933944316,9.31909770027844,11.26393277197672
cw_wam,64.0,9.165500269058187,13.276075271451653,13.887945434804235,7.889776660916638,9.591352592312196,11.49760497751606
cw_wam,64.33333333333333,8.656932751543211,13.482301446527304,13.624724334247299,8.077592213404728,9.572668043017257,11.695066491134872
cw_wam,64.66666666666666,8.500563700656798,12.94693321974761,13.329309558845335,8.030741915080833,9.410487720986872,11.510541706454568
cw_wam,65.0,8.037279158597926,12.874127564558195,14.307611413197389,7.863212861154157,9.511248130760595,11.985777094763238
cw_wam,65.33333333333333,7.883238545313899,11.55626142659028,13.045086093061366,7.873174805624109,9.314572949520084,11.271785895546941
cw_wam,65.66666666666666,8.779728181636418,10.60507342857859,11.080604458861432,7.912628647126321,9.275420874782466,11.275453768531221
cw_wam,66.0,7.467933040052359,9.032756474552558,9.124655890101376,7.716017287653348,9.017811085343087,10.571553205711593
cw_wam,66.33333333333333,6.869844390582981,8.014857374670695,8.403461487959277,7.530655887908462,8.568139774484068,10.064523492128345
cw_wam,66.66666666666666,4.992379425149402,5.358437517636436,5.6961032554103745,6.596060877904143,7.829184965677649,9.297069966855924
cw_wam,67.0,3.41145449462229,3.648819839333277,3.6824583702612386,5.575320502458791,6.3550395557961945,7.884894573871183
cw_wam,67.33333333333333,0.9272784021626306,1.4335500436305424,1.7643641844524791,4.1838553722921015,4.714002777347961,5.415422352330493
cw_wam,67.66666666666667,1.0719960649259488,1.2139100554172064,1.2621463743551329,2.473017084395673,3.293959141384918,3.911054812436374
cw_wam,68.0,0.6156522621143574,0.7743022965097495,0.9537118468754362,1.8171486840210243,2.1499340959799245,2.832932903880536
cw_wam,68.33333333333333,1.0904264895384288,1.32326157212511,1.3982295288579651,1.6969162885355034,1.8686085432855646,2.191071876031469
cw_wam,68.66666666666667,1.1020687727354808,1.3865506472853968,1.388766964985392,1.6937929427229936,1.8334685304857439,2.024711948027073
cw_wam,69.0,0.7375243635168873,0.9498173532642076,1.1427390849458732,1.6419573034326036,1.7787381165548306,2.0533798229724276
cw_wam,69.33333333333334,1.0179683327753029,1.0560214681316653,1.127402190508179,1.6938206711785153,1.8060138817834956,2.0596183932346865
cw_wam,69.66666666666667,0.7917676612437009,0.8790888108606867,1.1060469069336811,1.6814170930704122,1.8316126691515673,2.095544672145637
cw_wam,70.0,1.2471004572316753,1.4576639549514392,1.4697761802204936,1.72387381800538,1.8302033535277291,2.031532323765975
cw_wam,70.33333333333333,1.2077934178642855,1.3550516986378751,1.688954256145557,1.679173454437601,1.8267764446385493,1.9894444841794603
cw_wam,70.66666666666667,1.0073927820592101,1.2101251975234266,1.7355216478808948,1.6805589806544403,1.830503018051747,2.05195700549063
cw_wam,71.0,0.8754018508671537,1.2561850655669897,1.486879195666924,1.6808642022144813,1.822481348559925,2.087656955875188
cw_wam,71.33333333333334,1.0420878955848298,1.303273715121204,1.3783454946343294,1.6799360244827852,1.8426244158703842,2.1416017652788537
cw_wam,71.66666666666667,0.9020568216699874,1.0444688228653782,1.134064404439005,1.6807610670019242,1.8327125649413105,2.0150652241108964
cw_wam,72.00000000000001,0.6997191310236746,0.7639011347600493,1.0185941858990955,1.737465674235487,1.8225604947978988,2.0512151999663213
cw_wam,72.33333333333333,0.7271183656756248,0.845572430834832,1.1334314305647086,1.6643091955827471,1.7844067048636454,2.0171792391457313
cw_wam,72.66666666666667,0.7446442868410581,0.8943043343441384,1.0542468555536302,1.6600389578922887,1.7926376985131096,2.05879160801456
cw_wam,73.0,0.8028254609712231,0.8081843008888616,0.8879792434479779,1.6623292522971762,1.8183239210256574,2.067752824546454
cw_wam,73.33333333333334,0.8869066603618223,0.9140382906125545,1.0470248068318873,1.686541601675779,1.8239860353467638,2.056040477029569
cw_wam,73.66666666666667,0.8215630567696239,0.8263543755034127,1.0853087434140445,1.6707658952640232,1.8016379477187239,2.0129072377772763
cw_wam,74.00000000000001,0.8662634133333118,0.9925499712400486,1.0477184245837146,1.6652316022823683,1.8165863770237234,2.0679161394483647
cw_wam,74.33333333333333,0.9240200262034771,0.9545937612833049,0.9597165301784616,1.6378873169131503,1.8506337784213267,2.037823723264456
cw_wam,74.66666666666667,0.7888441324730546,0.9106539582497755,1.1038314545735597,1.6986263324699806,1.827226325315836,2.068173449747181
cw_wam,75.0,0.9214710035329081,1.0952401542244528,1.1773714457947748,1.7433523533779418,1.8830881516935256,2.1159112478088224
cw_wam,75.33333333333334,0.8619860537246105,1.0406186452312693,1.1163200227957566,1.6989215505737816,1.8449518832555107,2.1635464318638498
cw_wam,75.66666666666667,1.0169446757382634,1.2128340919235583,1.2822534795444764,1.710477093925107,1.8787402774601314,2.098585560308543
cw_wam,76.00000000000001,0.9522858744261408,1.3007939367573618,1.4110509018334647,1.6929405729630131,1.9081284848947584,2.0996548444220156
cw_wam,76.33333333333333,0.8958978817303308,1.1630587878628482,1.3543282487252584,1.698982453833762,1.8572346835920786,2.070964987815559
cw_wam,76.66666666666667,0.732428744275831,0.8046707920768602,0.9806511679806735,1.6960486175172538,1.9135367633626588,2.1490036607556267
cw_wam,77.0,0.8853003837715513,1.1969921755069828,1.2262561751605339,1.722391747695299,1.8943215042525077,2.113863684425883
cw_wam,77.33333333333333,0.9958862311054032,1.2169271347622532,1.2613893312504922,1.6947141358175164,1.9024165307778467,2.0940495517359725
cw_wam,77.66666666666667,0.9119323869279876,1.1717006950241644,1.1936447579106524,1.7641364312983938,1.8859465698214986,2.0907767995484496
cw_wam,77.99999999999999,0.8338387962776053,0.9554648513800158,1.024766583363438,1.673586589565701,1.8639563489795328,2.1026268718531425
cw_wam,78.33333333333333,0.8309469005270371,0.9672168200488056,1.1267356817260756,1.694253109656878,1.8720260803583488,2.0803003007450975
cw_wam,78.66666666666666,0.8968583121773048,1.27296724234629,1.3553570262993586,1.6517584052878487,1.8448482304834175,2.107856621121978
cw_wam,79.0,1.0502793694233967,1.2885971803253111,1.3105018960040336,1.6720070492631132,1.8244704877866902,2.0693789774541607
cw_wam,79.33333333333333,0.9361443638935052,1.2640452413743872,1.3250333056814871,1.7059956143562758,1.8359133119608262,2.055966584904948
cw_wam,79.66666666666667,0.9489960688238916,1.2761565277229192,1.3621752668974343,1.7056782334644016,1.8124816361642977,2.055793151066092
cw_wam,80.0,1.1001771408214318,1.463904623303296,1.4778559104979503,1.6903629289952877,1.8026371299220694,2.0581539701821967
cw_wam,80.33333333333333,0.9612987454090965,1.2705099863802936,1.4021000243495771,1.6564404404476825,1.783240236575485,2.103720627311012
cw_wam,80.66666666666666,1.0789218665184586,1.2619663710718156,1.4328084701736377,1.6711146851246719,1.8325393646798052,2.03071577462228
cw_wam,81.0,1.0589024381676362,1.371939883547599,1.4717230454495058,1.6384213779815588,1.8247456739066485,2.0633038228516885
cw_wam,81.33333333333333,1.0909567298725924,1.3707020093939202,1.422553990145325,1.7002003780250328,1.8051647435848945,2.0682144436366023
cw_wam,81.66666666666667,1.1763819307791166,1.2831739594046174,1.4218152137297233,1.6619809193399153,1.8157645986829287,2.051029261033605
cw_wam,82.0,1.0186267244930387,1.2283696067694243,1.3831133094878658,1.6847765563222785,1.8137084401290289,2.017444876145739
cw_wam,82.33333333333334,1.2306012882924158,1.2971016033061629,1.4167891248538602,1.7363266637156676,1.8025624380661704,1.996990347789266
cw_wam,82.66666666666667,1.0714676680310657,1.20079849096228,1.3122313228878657,1.7253421335474384,1.8366776415943544,1.9583958420037513
cw_wam,83.0,1.0547832449384469,1.0854631750557553,1.2646714624593651,1.6800199124346462,1.797127499971682,1.951043863200357
cw_wam,83.33333333333334,1.3053640077309128,1.3842337003598466,1.4150652593059836,1.6308875761994752,1.7892134736233214,1.9554463053605668
cw_wam,83.66666666666667,1.197081118181473,1.3348430679016892,1.3442709490785791,1.6833502402500908,1.781163248983693,2.0337889886067124
cw_wam,84.0,1.2099455822789427,1.2218284293014974,1.3582753782121313,1.6668766667729633,1.8066911853497047,2.037530792916081
cw_wam,84.33333333333334,1.111775826529065,1.1929051282723298,1.2529573351256007,1.6825297628680518,1.7914879362748621,2.0405369529778534
cw_wam,84.66666666666667,1.141305869471398,1.2770889893001764,1.351602017842343,1.66704511440504,1.8122491396447702,2.021804680512916
cw_wam,85.00000000000001,1.2202165004016232,1.2967723813637013,1.4945906271599303,1.6816969289588677,1.8230170995095891,2.043860062543037
cw_wam,85.33333333333334,0.9751357602262256,1.0041389145566308,1.1258632946936695,1.6804133473045872,1.8370636212973759,2.0214930134539246
cw_wam,85.66666666666666,1.1292920067968892,1.175750207492956,1.2690833730691415,1.6598627701309416,1.8207090768665863,2.0651761356814107
cw_wam,86.0,1.15459217419043,1.2378356330836071,1.3419510832684494,1.658502399239973,1.8211082939123362,2.0919035666749477
cw_wam,86.33333333333333,1.1992935444466477,1.383313923446964,1.387745632953812,1.6746845944140134,1.8098689663180498,2.0474466733708634
cw_wam,86.66666666666667,1.18824106782382,1.2127367895195387,1.3191165997294432,1.6626640316071675,1.8173082422162863,2.023252793096316
cw_wam,87.0,0.988227192322169,1.0461917209104972,1.2143853015221369,1.6793276526748389,1.8184074984069962,2.0670536754943525
cw_wam,87.33333333333334,1.2051039699856738,1.3138674671969752,1.4537263633930295,1.742623448550026,1.853065577316932,2.074354776407041
cw_wam,87.66666666666666,1.1720335910325064,1.3163477962770123,1.488843972156385,1.6740532051000279,1.8296636233543628,2.052927527804901
cw_wam,88.0,1.1906999264834999,1.2690361906045013,1.2997045070057536,1.6654775869846135,1.8382225291438288,2.044667968145992
cw_wam,88.33333333333333,1.0561860545176143,1.102609303229172,1.2708136666216383,1.6689872565121968,1.7956400888762598,2.0044624682048733
cw_wam,88.66666666666667,1.2089274002279247,1.4301682139483685,1.5032104126150632,1.7084631834099104,1.8283588422740498,2.0168901704260964
cw_wam,89.0,1.292228177417507,1.345033132264344,1.392789604710233,1.675490116743438,1.7712453839165598,1.961724257018817
cw_wam,89.33333333333334,1.1941612771372494,1.2938011330439672,1.3245168067799487,1.6752286892599553,1.8170162434581867,2.038533609839896
cw_wam,89.66666666666666,1.1928309656279834,1.2668272807780112,1.2824342294957485,1.6957475863311817,1.8196590147628555,2.0088236567271953
cw_wam,90.0,1.0621719929494466,1.083885693741215,1.3776460810743143,1.733685337042043,1.8263749825450701,2.0621705795122223
cw_wam,90.33333333333333,1.1458678192834846,1.3851758986137699,1.4400825155846837,1.7018576489644617,1.851047370819998,2.0783316248669172
cw_wam,90.66666666666667,1.2715406273078442,1.379512253786778,1.4423122611073727,1.734401529214463,1.8608902643596195,2.0891562853657586
cw_wam,91.0,1.1249976531771235,1.22457733160014,1.4114258355270746,1.7285251187781516,1.8609490923384746,2.095056009731528
cw_wam,91.33333333333334,1.2003323164821642,1.2997129911479148,1.4584375475147722,1.7102227885802619,1.8896879436470488,2.073283700744049
cw_wam,91.66666666666666,0.9896880630423357,1.0643833707181383,1.29008335732173,1.6968110566884262,1.8589341282324412,2.153119865036939
cw_wam,92.0,1.0137019338090112,1.2033359862724047,1.2740068581464994,1.7720159500820365,1.9439205623710318,2.131894599123798
cw_wam,92.33333333333333,1.1583524608646012,1.3409142199269302,1.394871561424611,1.779603108523819,1.8932029810484092,2.145226783716298
cw_wam,92.66666666666667,1.088312120713953,1.2535609412008109,1.3056316466698288,1.780117282785776,1.9184227337336544,2.118447563036251
cw_wam,93.0,1.1196576534424874,1.2170152296293113,1.254520713849617,1.7954938599827055,1.9580441816432592,2.166601386001198
cw_wam,93.33333333333334,1.0433287019422548,1.288519193870241,1.4655153767325513,1.7661118183085514,1.9171416097626068,2.147546720209916
cw_wam,93.66666666666667,1.1158878914919326,1.5106364075918448,1.5295350289025178,1.727660796416644,1.8995213492105076,2.0949552273089482
cw_wam,94.0,1.295977437886084,1.4290187460761457,1.4292054039895334,1.766203742439743,1.8819998786372811,2.0540097105861803
cw_wam,94.33333333333334,1.0670319081981363,1.2082408146846586,1.3097739884524044,1.7194145249969466,1.8956223280255178,2.05496902646473
cw_wam,94.66666666666667,1.1325000538172327,1.220469779804303,1.3492011249957996,1.7054042548148591,1.8275429299445338,2.0680076347695033
cw_wam,95.0,1.222057023442767,1.5357252429113495,1.55836869681581,1.7071601132309417,1.8477096343893433,2.068679617316196
cw_wam,95.33333333333333,1.1156520376676773,1.337543231007728,1.3960879919368143,1.7185637644629694,1.8354668857054677,2.010127164868502
cw_wam,95.66666666666667,1.12797607163311,1.22747420572471,1.2320106433285332,1.7012933125417007,1.8384310029510331,2.000596021475064
cw_wam,96.0,1.0756813328403947,1.232529192320148,1.2445009254442958,1.6932590460574728,1.828354541645353,1.9726533346084385
cw_wam,96.33333333333334,1.265053019132542,1.456120513769291,1.4831441718144704,1.707203566367696,1.811899418975682,1.961396429054386
cw_wam,96.66666666666667,1.226732133198794,1.2570847213567646,1.3122157585977896,1.6946470113345193,1.8115905852407215,1.9540362384030556
cw_wam,97.00000000000001,1.1234491224235734,1.129693014168993,1.2383644790512247,1.6807831033012772,1.805633277881737,1.9413044328919313
cw_wam,97.33333333333333,1.0905583064980369,1.1700589984674414,1.4180484770752875,1.6796553266201797,1.8146898257852557,1.933591356170803
cw_wam,97.66666666666667,1.2615264896325082,1.270163626650688,1.302461026370176,1.6706396463191042,1.7925181381148247,1.9546312228896907
cw_wam,98.0,1.3117090399307632,1.575997316926699,1.576447802085364,1.6743730545771693,1.7899885824427144,1.9292726097075994
cw_wam,98.33333333333334,0.9666940915983804,1.1615899613327147,1.4236887192214245,1.6817660416580824,1.7888154266042826,1.930352386916336
cw_wam,98.66666666666667,1.0009844902878091,1.1148141890104464,1.4962412045216817,1.6787610108801114,1.804252997397498,1.9483808872405781
cw_wam,99.00000000000001,1.0836580565069813,1.1635268445445273,1.7211831346249988,1.6818828337136025,1.7916610615457982,1.9363282586980577
cw_wam,99.33333333333333,1.0394454852720094,1.2364266704345384,1.5024771875288985,1.6712967387914759,1.7943315494254883,1.9216127683295523
cw_wam,99.66666666666667,1.0223785907833571,1.200997412829904,1.7300642713562433,1.6757006136069765,1.779321790026251,1.9598204560285901
cw_wam,100.0,1.1300052255320012,1.3696491697989366,1.9106509099786206,1.6752364978904253,1.780061224630443,1.9404176539235047
cw_wam_admittance,0.0,0.8025174283995402,0.9458491818148189,0.9544950231083785,1.1009094850401135,1.2311821755487469,1.4817147825829542
cw_wam_admittance,0.33333333333333337,0.6909340050118109,0.7299429406389251,0.7760668838129793,1.2165266407811912,1.2641115548606079,1.3352805768015088
cw_wam_admittance,0.6666666666666667,0.5573897756271248,0.5724582948033065,0.6391363492220595,1.2088622439712584,1.2643904904007581,1.3288517823071802
cw_wam_admittance,1.0,0.8700743520280871,0.9749376860568841,1.0880993911568018,1.1901803986266288,1.2868594294962525,1.3337838088475333
cw_wam_admittance,1.3333333333333335,0.7789991145648069,0.8123408994117487,0.9194214200224937,1.215131739765033,1.257533314867107,1.3400065910781276
cw_wam_admittance,1.6666666666666667,0.9467402741238502,1.0080614855420182,1.0561825639098392,1.2128587949109253,1.2661593048367374,1.351212394566871
cw_wam_admittance,2.0,1.528869608133459,1.5727394998975486,1.7493914826615118,1.2135390830781183,1.2784456221555993,1.337493117658455
cw_wam_admittance,2.3333333333333335,1.034606608673861,1.1423397598269502,1.2878387622698075,1.2293538566562034,1.270735168806465,1.3283264893706324
cw_wam_admittance,2.666666666666667,0.9443044089131909,0.9820343266001762,0.9900044330391466,1.2193825309975708,1.302216942088399,1.3364377914939425
cw_wam_admittance,3.0,0.8917106087419361,0.951671987221848,1.1676737133245065,1.2479331549296178,1.3016205275507744,1.3616032612410462
cw_wam_admittance,3.3333333333333335,0.9687243234390792,1.0820044953198933,1.2125638727541528,1.2524352806924535,1.3257630960590019,1.385623136873245
cw_wam_admittance,3.6666666666666665,1.096337757671128,1.1888870056456269,1.2193371747324395,1.2714134634549275,1.3334976853254696,1.4103514797601122
cw_wam_admittance,4.0,0.9646476710402266,1.0794478043491402,1.1704459602141273,1.2886423755651588,1.360300594656982,1.4311695091679617
cw_wam_admittance,4.333333333333334,1.0939215654542083,1.1512928407535044,1.2037364883507329,1.2979844009992805,1.3573248512210312,1.459230798997186
cw_wam_admittance,4.666666666666667,1.061064172798296,1.231766450126429,1.2811423263764137,1.2995996841383677,1.3970308311096835,1.5339579157553014
cw_wam_admittance,5.0,1.3279305048906704,1.3460625060033395,1.39498894208954,1.3020575417189166,1.4135902531198954,1.5004804708486552
cw_wam_admittance,5.333333333333334,1.2416390570753209,1.3551640077719314,1.5458017831442863,1.3690137191862033,1.4554280453813253,1.5445683265324077
cw_wam_admittance,5.666666666666667,1.403911746934841,1.4436843865899942,1.621216494449734,1.3796260865728338,1.4589521260786777,1.5448126271634144
cw_wam_admittance,6.0,1.3814610626130723,1.418252491072476,1.517714594929703,1.3668120974934734,1.4661853633217825,1.5902954925033301
cw_wam_admittance,6.333333333333334,1.4320164158065114,1.5935129463754039,1.6064057053066552,1.4231196374853692,1.483339437283791,1.6611740308618812
cw_wam_admittance,6.666666666666667,1.5975491305559375,1.8007729207109737,2.0358834215419512,1.3918601987048758,1.5664313600149309,1.674460653249706
cw_wam_admittance,6.999999999999999,1.4851232155698426,1.5600053808507501,1.7083456120443938,1.4115133644692126,1.5682907791240734,1.7412644670921722
cw_wam_admittance,7.333333333333333,1.4814818169064456,1.7536376222864272,2.0450492175056656,1.3886621740033118,1.5672951913109698,1.7709657498425637
cw_wam_admittance,7.666666666666668,1.5945146136914259,1.6921789638915399,1.76048985086131,1.3919947136296331,1.6444799535148187,1.8013660712648045
cw_wam_admittance,8.0,1.4374472959628477,1.5856311483414602,1.8354048412600745,1.4035348148134972,1.6786102667170901,1.8133704536172774
cw_wam_admittance,8.333333333333332,1.5113782697326101,1.6391419958523226,1.8496755920120322,1.4116260954089284,1.6285490830384508,1.7978803021284433
cw_wam_admittance,8.666666666666668,1.7076886967938558,1.8159616186701544,1.8459039063188256,1.4483771326664139,1.6787963736549192,1.8415480966739106
cw_wam_admittance,9.000000000000002,1.7253746012163391,1.7897187317364147,2.0407203026297145,1.4519978951090715,1.7235283448285048,1.8457834618251825
cw_wam_admittance,9.333333333333334,1.8381558823170525,1.9783920704966527,2.1047305783260755,1.5089246331842527,1.7218978156292124,1.882490498808083
cw_wam_admittance,9.666666666666666,1.6782296393746496,1.7392127081788165,1.9693833644711103,1.5088564853335351,1.7294832098872208,1.9074867873573949
cw_wam_admittance,10.0,1.8172057930714893,1.8860482003554426,2.0230727960797132,1.5129466761208816,1.7115241062897741,1.9009639251531787
cw_wam_admittance,10.333333333333334,1.9229865487288524,2.180735947866155,2.447416512715712,1.5635722183555039,1.7196505177186516,1.9119051382202965
cw_wam_admittance,10.666666666666668,2.0216383544789727,2.34906134725572,2.451547395071614,1.6184519426818018,1.7747055332982595,1.8663382343468093
cw_wam_admittance,11.0,2.0877275092634617,2.138154706057463,2.1434778140126447,1.6115059983947637,1.770768731017753,1.93768595603844
cw_wam_admittance,11.333333333333334,2.061552116684527,2.1946837696948713,2.4810008359776994,1.5969823465825246,1.748585287040139,1.8753851138114301
cw_wam_admittance,11.666666666666668,2.1168200154408128,2.319843151523852,2.444824642831378,1.6130131655194968,1.7553457315814884,1.8929251317450237
cw_wam_admittance,12.0,2.158077801255442,2.3946957264456286,2.4254169499096845,1.6695420182594412,1.786860030504382,1.9396382107474273
cw_wam_admittance,12.333333333333334,2.1013610994536562,2.4664476236518356,2.4883839981626976,1.69342093278595,1.8204709548604079,1.9601948639839077
cw_wam_admittance,12.666666666666668,2.305369289005548,2.312841894046626,2.4478897728638604,1.6892337403345457,1.8420228397316325,1.989552768043148
cw_wam_admittance,13.0,2.0276613418173874,2.1434945429623466,2.3770257773546617,1.665158915757709,1.8305890574702577,1.9804460837760467
cw_wam_admittance,13.333333333333334,2.1424626453791644,2.2447017214538736,2.4038026947584883,1.7293995716673294,1.8138693103497363,1.9772019546443595
cw_wam_admittance,13.666666666666668,2.292237898825828,2.4548383657977615,2.7984097927537888,1.657768985447528,1.7879656565202842,2.0904872678158375
cw_wam_admittance,13.999999999999998,2.1918415124295123,2.5465833976860743,2.7625040412818,1.6689435066198417,1.8125307197689413,1.9970545110042424
cw_wam_admittance,14.333333333333334,2.358972280480301,2.380693817777607,2.621804620077256,1.6630365764356392,1.832252180452289,1.9642298477884559
cw_wam_admittance,14.666666666666666,2.1946230563660025,2.332968874485883,2.665765017749006,1.675603853265581,1.8370208707750622,2.0960661840813914
cw_wam_admittance,15.0,2.170191557017368,2.228532006862001,2.6004476548457065,1.6910187802393306,1.8241590572896553,2.050146368350961
cw_wam_admittance,15.333333333333336,2.1158672988714757,2.1429957461743,2.48332542434978,1.6442199986057329,1.8247131568939305,2.072176313563085
cw_wam_admittance,15.666666666666668,2.293440126385909,2.4908118271655866,2.5725254464651974,1.6826670664985757,1.848342261839485,2.134065525379944
cw_wam_admittance,16.0,2.463522440941354,2.6339465309054177,2.8534743004143137,1.6759915829526084,1.870655655623887,2.065706704645531
cw_wam_admittance,16.333333333333332,2.1639634866028343,2.3560315186443592,2.580362740769982,1.6859514938468303,1.8809332983573104,2.0893439383771684
cw_wam_admittance,16.666666666666664,2.2606281996800868,2.40570021142367,2.6392788946182826,1.7245517440170879,1.8940462755713523,2.138020939637641
cw_wam_admittance,17.0,2.3300991771552244,2.369721068904863,2.830990341457965,1.6935512773188117,1.898093552335975,2.1793618040507012
cw_wam_admittance,17.333333333333336,2.4410955946888997,2.4497930900571654,2.7537317013536278,1.7125725942167862,1.8679358530414856,2.1753006465471914
cw_wam_admittance,17.666666666666668,2.618912122892528,2.715082983249622,2.8625378709248173,1.74816442457979,1.860212011670694,2.2062423338416566
cw_wam_admittance,18.000000000000004,2.41527755608462,2.5301859083260627,2.689736419543185,1.7487450067762926,1.866388768300752,2.212439413239297
cw_wam_admittance,18.333333333333336,2.4104699731369728,2.463097081241771,2.783043623496625,1.7381235163531994,1.8782656015625356,2.183692376590251
cw_wam_admittance,18.666666666666668,2.3158697477194643,2.4341586888800806,2.6060452764627176,1.7381644799619362,1.8898383423731402,2.116355022351546
cw_wam_admittance,19.000000000000004,2.2394841530967753,2.4199042208688764,2.6028322480957593,1.7748396971434264,1.8745262304406274,2.1094765434790017
cw_wam_admittance,19.333333333333332,2.5529242482576446,2.7392160782652955,2.941431523941954,1.7540218537805325,1.867513943373841,2.1879561568605723
cw_wam_admittance,19.666666666666664,2.454948690631439,2.8673557589027294,2.8883791223298934,1.7484509609553482,1.9052892267389185,2.173194806588092
cw_wam_admittance,20.0,2.4175024313802744,2.523738494111366,2.6261148680388455,1.7366594829479298,1.888129911009175,2.255108289354719
cw_wam_admittance,20.333333333333332,2.417942294345325,2.5486264564161556,2.815652474804231,1.743594329976847,1.910123615473573,2.218077388449425
cw_wam_admittance,20.666666666666668,2.249276629051128,2.2735007919525545,2.6116575813974805,1.7512284938337288,1.8911807094903992,2.2433068216616587
cw_wam_admittance,21.0,2.5495123791474916,2.5590141773171027,2.6016628358509815,1.7184560973301386,1.873205751085321,2.2646620587308433
cw_wam_admittance,21.333333333333336,2.5554770371147315,2.562093419523368,2.950274291196099,1.757012388338232,1.8871161424990004,2.179129556684661
cw_wam_admittance,21.666666666666668,2.944688907381634,3.436628475622945,3.5657306001260918,1.7526915563348406,1.8994879193460985,2.312840012305852
cw_wam_admittance,22.0,2.8718444297013344,3.30562742862935,3.5248602091358117,1.7694969423844502,1.9430141557104728,2.409240106408769
cw_wam_admittance,22.333333333333336,2.7011239432726315,3.04507340355792,3.2170238410047505,1.7536402472318275,1.9137570156165133,2.418178444654768
cw_wam_admittance,22.666666666666668,2.799875035867875,3.234719903966658,3.528764638600917,1.6844901473083629,1.9125792510770978,2.414203414231924
cw_wam_admittance,23.0,2.607213481275001,2.8789998740424294,3.331015407054732,1.7028674089124576,1.9013251145688526,2.566447658148354
cw_wam_admittance,23.333333333333336,2.1737064313416914,2.235319906800602,3.053410680159928,1.7156444231314176,1.9297398833388364,2.566428626163258
cw_wam_admittance,23.666666666666668,2.303192925696611,2.4999057589298275,2.9967203634295507,1.7088479993298225,2.0135516248784335,2.632832656411973
cw_wam_admittance,24.0,1.717064629836455,2.048125273388967,2.453904117445858,1.710162978927316,1.987339062829526,2.7176763215234176
cw_wam_admittance,24.333333333333332,1.9026380121528386,2.188559766724442,2.4187352629821928,1.6746701866329259,1.9546442089672666,2.4378332620531853
cw_wam_admittance,24.666666666666668,1.932354903253402,2.0292103869737472,2.2291112186388924,1.6887498310739917,1.907754179332541,2.2047013733155794
cw_wam_admittance,25.0,2.0997042137471627,2.3531598870156243,2.637147100468284,1.6553157547505362,1.7879001043188703,2.128652484686326
cw_wam_admittance,25.333333333333336,1.9732218184954298,2.0564266169610974,2.305894935947556,1.6145033595832765,1.7758173062962004,2.0763817684265518
cw_wam_admittance,25.666666666666664,1.9309043898884137,2.0857371780958283,2.221942270257978,1.6212692581768327,1.755389636801997,2.0298428563711592
cw_wam_admittance,26.0,1.8921935894863289,2.1275614404411898,2.3271561782662253,1.6014529548252612,1.812999316395769,2.0168246392358222
cw_wam_admittance,26.333333333333336,1.727280048651818,1.7610235299350756,2.2060275565361405,1.6838669287831096,1.8188661963788677,2.0299399786732435
cw_wam_admittance,26.666666666666668,1.8028804267783736,1.8945616015376447,2.2262112463601547,1.6771150393682004,1.8542000723149616,2.109627651488296
cw_wam_admittance,27.0,1.6877190870810723,1.778638369653799,2.1294843492724467,1.691396960349547,1.8818917892767169,2.1163870218704517
cw_wam_admittance,27.333333333333336,1.5388047182601619,1.6213507317523095,1.9016730970679212,1.681517400750172,1.853380772536101,2.130933186404702
cw_wam_admittance,27.666666666666668,1.697960234950449,1.9727987565336451,2.1633692062644405,1.70471118837268,1.8785127021788086,2.0689914187999734
cw_wam_admittance,27.999999999999996,1.6134266928922743,1.6828885981571977,1.9511473576684557,1.6874824013042127,1.8743680882657974,2.10974311150985
cw_wam_admittance,28.333333333333332,1.6738442096858481,1.759913814756942,1.839091179459761,1.7318913358198373,1.8563017484848285,2.1288066979044897
cw_wam_admittance,28.666666666666668,1.5677463717464262,1.6203287961397104,1.783168483334082,1.7187714671219467,1.8888735395523897,2.1701471763336913
cw_wam_admittance,28.999999999999996,1.6913259003756516,1.7101527942588246,1.7953853813286091,1.7485166299883703,1.912578995531982,2.2320752340478642
cw_wam_admittance,29.333333333333332,1.6456395840420968,1.8092837985548202,1.9319310826701592,1.7537458471579912,1.9073688180343282,2.23365022864279
cw_wam_admittance,29.666666666666668,1.5420182208311068,1.745325081302862,2.0278037147739862,1.7402345516336841,1.879143571541774,2.162548347728671
cw_wam_admittance,30.0,1.7962333283081025,2.0496639132961736,2.1384100379123416,1.6964401499097812,1.8560016509739108,2.189260519758312
cw_wam_admittance,30.333333333333336,1.7772929200555203,1.7810110422561614,1.990991163967006,1.7464027453721684,1.866386047079408,2.0641460692664815
cw_wam_admittance,30.66666666666667,1.8763377324777508,1.935844233227491,2.2641518779432444,1.6781053498141136,1.8916900347021877,2.0297016683375095
cw_wam_admittance,31.0,1.6871090892346474,1.7606368208115486,2.1638548950122987,1.7119834224509995,1.9473749382505157,2.245964975039899
cw_wam_admittance,31.333333333333336,1.6183995118059908,1.6692871409938423,2.045671493682144,1.742396432117162,1.9050804969485404,2.251341824227529
cw_wam_admittance,31.66666666666667,1.7476166649721991,1.91334820578076,2.1786421894213905,1.7866957501637388,1.9942607633808493,2.3496455263704386
cw_wam_admittance,32.0,1.670032870849686,1.7730032967894032,2.1715341821716,1.795181239734732,2.0525338313870094,2.700518439195109
cw_wam_admittance,32.33333333333333,1.8333449466329204,1.8399957159407367,2.039103494010531,1.9442698247531596,2.597711808647233,3.2963246778299196
cw_wam_admittance,32.666666666666664,2.0255842092443452,2.183370823559448,2.2438178505643913,4.179854363455056,5.216851305975943,8.373103844204723
cw_wam_admittance,33.0,3.5439959901068327,3.591735150435427,4.5679761374973,4.615877663040502,5.654614654563735,7.31220306288969
cw_wam_admittance,33.33333333333333,5.17907673473213,5.46336378439235,6.846726590866737,6.345466646840784,8.931694141262263,9.854133980326429
cw_wam_admittance,33.666666666666664,7.332507932044788,7.967963883482921,8.678915532617237,8.167554774065843,9.646504478550337,10.87880434826796
cw_wam_admittance,34.0,7.679246893749207,8.555903290623268,9.03698161604325,8.297963326949471,9.931947168971984,11.0994274103907
cw_wam_admittance,34.333333333333336,7.976970887903898,8.59018386975649,8.891707740994367,8.944328124199373,9.935180355657856,11.293379100979095
cw_wam_admittance,34.66666666666667,8.084638734957036,8.676695164839133,8.916636353475695,9.45277905424769,10.563425697529254,11.209743381640106
cw_wam_admittance,35.0,8.20709495396948,8.82953995231831,8.975723083718975,9.523184506838016,10.64669863907649,11.762432295488773
cw_wam_admittance,35.333333333333336,8.171120317226526,8.936974556572002,8.979489672687361,9.740228132592048,10.823118968420143,11.87771845526941
cw_wam_admittance,35.66666666666667,8.23111889374772,8.773325711290484,9.476149736070049,9.699637356742567,11.090335855612466,11.807409267706841
cw_wam_admittance,36.00000000000001,8.160064208003993,8.294981033806465,8.871164094864366,9.944153034818777,10.98871928263143,12.39335064987923
cw_wam_admittance,36.333333333333336,8.94470312942888,9.0513051352993,9.724499005199036,10.286768911875011,11.211527888899019,12.83361245940363
cw_wam_admittance,36.66666666666667,8.058726021657684,8.098154486551062,9.180645824195206,10.261806690058727,11.511319464562913,12.975238733567506
cw_wam_admittance,37.00000000000001,9.200700414901238,9.813776571395596,10.14943191765093,10.059648365994537,11.751883102833965,12.874657914561864
cw_wam_admittance,37.333333333333336,8.596064218372376,8.78826637275333,9.156149245115003,10.162809712219353,11.224949314963087,13.306844305123274
cw_wam_admittance,37.66666666666667,8.60999353411249,8.681439935943187,9.18727881788974,10.090655546525499,11.138409225786797,13.352806564932287
cw_wam_admittance,38.00000000000001,8.633467076065347,9.751744595954344,9.784273872637574,9.992765123393957,11.47202834648277,13.55034406812976
cw_wam_admittance,38.333333333333336,9.170592063392117,9.558431909822323,9.840942342922595,10.031678072940636,11.397434473695359,13.77067010052809
cw_wam_admittance,38.666666666666664,10.119824450463158,10.268452106576676,10.551222175655159,10.095781948474869,11.27435878210428,13.571661434370522
cw_wam_admittance,38.99999999999999,10.338574972029157,10.46374007254862,10.895814915217851,9.882246184198966,11.688932941943634,13.344522996644919
cw_wam_admittance,39.33333333333333,10.664813169218409,11.196249970145592,11.222480246794685,10.076478124239582,11.151482077252933,13.506958398650767
cw_wam_admittance,39.666666666666664,10.845612645156613,11.2625187150601,11.571461066852184,10.0051130147613,11.095694723973217,13.258226887390567
cw_wam_admittance,40.0,10.750225270785478,11.544684840737256,11.96903435265376,10.07120174806526,11.333635159924244,13.02111198422667
cw_wam_admittance,40.33333333333333,11.05062059288512,11.539562887215974,11.734008995344233,10.215868671758518,11.44154778952371,13.202588298083166
cw_wam_admittance,40.666666666666664,11.064625466539173,12.134428603048397,12.288851276051126,9.957541264829793,11.455171669682631,13.179289085568136
cw_wam_admittance,41.0,10.25889664946483,10.389809004783665,11.266742354810715,10.082329151490054,11.061550977905526,13.192514737509862
cw_wam_admittance,41.333333333333336,11.02929151284564,11.54674954753689,12.320864629943905,10.03243869086699,11.068499228140784,13.15604154175923
cw_wam_admittance,41.66666666666667,11.891223965189376,12.947687558853758,13.172389031122448,10.22524653343845,11.638264548907795,13.449222388773702
cw_wam_admittance,42.0,11.423824074344893,11.9000864528277,12.199513177477039,10.199221417223594,12.077227850201815,13.661755350970104
cw_wam_admittance,42.333333333333336,10.872550642231502,11.036388646361585,11.48630097494517,10.265668639529228,12.031276372370947,13.438879815070742
cw_wam_admittance,42.66666666666667,11.550424973073294,12.47303463758796,13.12193040210389,10.430943212420866,11.499056744368751,13.364865905386965
cw_wam_admittance,43.0,11.003883843271433,11.543219601894545,11.87750762143386,10.610917617103716,11.851222549143994,13.214140538768326
cw_wam_admittance,43.333333333333336,10.193791526670509,10.29109447873266,11.385248277638624,10.449501710066928,11.758209302216683,13.158096066359922
cw_wam_admittance,43.66666666666667,10.30555360442592,10.747502722402169,10.879788824910474,10.510515182417116,11.868959887656985,13.455414201231173
cw_wam_admittance,44.0,10.107567858208704,11.410169719287591,11.52082667391199,10.35494370105256,11.528008220566836,13.562758422682908
cw_wam_admittance,44.333333333333336,11.992508565852877,12.166310663133167,12.94223726114814,10.183768319911461,11.68995349945245,13.500061217833585
cw_wam_admittance,44.66666666666667,11.34457298012742,12.067181002471745,12.548575034222102,10.046590331451371,11.434903798806012,13.64645984621253
cw_wam_admittance,45.0,11.805018488269635,11.873435347843236,12.36261329070703,9.82251838772484,11.089089457046423,13.482118771291827
cw_wam_admittance,45.333333333333336,12.297179655269094,12.536958096442078,12.568528433554281,9.74315302879096,10.886007097998892,13.311772461389527
cw_wam_admittance,45.66666666666667,12.238025357917381,12.811088232811825,12.974919744720422,9.757021694701614,11.402375904637463,13.610506905726567
cw_wam_admittance,46.0,12.550579389498894,12.682335954846542,12.805706011018636,9.71803947952721,11.472693332641576,13.640030109263133
cw_wam_admittance,46.333333333333336,12.192167552016471,12.213271010133127,12.333497314708996,9.431522229865543,11.30084006950333,13.675004517328768
cw_wam_admittance,46.66666666666667,12.464127792351096,12.657714880235662,13.140077648635954,9.57558441540549,11.295497722098368,13.518687617378099
cw_wam_admittance,47.0,12.398394702599274,12.644617290728707,13.025331975266933,9.96648740301333,11.120878142905447,13.478695507852947
cw_wam_admittance,47.333333333333336,12.074732211717368,12.439607696103668,12.774894156853417,10.084932187747619,11.172493729018878,13.544579859916341
cw_wam_admittance,47.666666666666664,12.216416241234551,13.092440818569976,13.106630564670791,10.045353515133002,11.354619120838315,13.781273991670822
cw_wam_admittance,48.0,11.575303349207172,12.898181673619888,13.028650041510836,9.813928784273596,11.457707066422222,13.485351878856916
cw_wam_admittance,48.333333333333336,12.599731541746067,12.918680158278129,13.328062893427465,9.853075316640345,11.24360981804998,13.268881677418936
cw_wam_admittance,48.666666666666664,12.728389153433849,13.117663206175342,13.427680488890323,10.022604978531941,11.414232301676687,13.241416173522339
cw_wam_admittance,49.0,11.184957631994344,12.742323925941239,13.291567010636285,10.189865683827934,11.239497903458378,12.971630704539622
cw_wam_admittance,49.333333333333336,11.327277819503138,12.60212142000757,12.966487822677925,9.727367382156386,11.259907169919897,13.155270654729195
cw_wam_admittance,49.666666666666664,10.101412367381979,11.178559769384426,11.966734523153153,10.020676386058456,11.17179773592646,13.078448912510405
cw_wam_admittance,50.0,10.829658029858106,11.184216040801292,12.00508528611221,9.857633258167754,11.469213516329654,13.08924077883736
cw_wam_admittance,50.33333333333333,11.260461935015368,11.361531825867896,11.587231946147904,9.622119578724686,11.558523186445235,13.528311535124939
cw_wam_admittance,50.66666666666667,10.202562417452969,11.623656746868898,13.4394732393618,9.428176760651224,11.627752228054204,13.531425907568842
cw_wam_admittance,51.0,11.23214574133837,11.348581402643946,11.835281548578488,9.485373139086942,11.34782450461286,13.464874315085002
cw_wam_admittance,51.33333333333333,11.815015536218722,12.712219717227166,12.81507004116419,9.628330353119921,11.521678995531847,13.655467031931027
cw_wam_admittance,51.66666666666667,12.15735112098917,13.05361200198588,13.603384581738744,9.589444497099445,10.877485845004115,13.91892724056019
cw_wam_admittance,52.0,11.245838234299836,11.396349329780072,11.412128389761538,9.143548964002012,11.242538743064237,13.810494249790715
cw_wam_admittance,52.33333333333333,12.389507172848964,14.790305111170008,15.295848989002412,8.526195394733175,10.842792657985601,13.760866704657504
cw_wam_admittance,52.66666666666667,10.979988226438302,11.229132785009982,11.367494867139008,8.58080039551816,10.773969180393461,13.384775080132027
cw_wam_admittance,53.0,12.46819713656179,14.228478085785065,14.517474665359359,8.702824525467275,10.620999082910856,12.602730868321672
cw_wam_admittance,53.333333333333336,10.785948345429112,10.967388666802224,11.041956232851945,8.864413901800283,10.619535937055982,12.261389277993821
cw_wam_admittance,53.66666666666667,11.108361160563943,12.836727108103517,13.572465734944817,8.674873640857838,10.034843829124632,12.101690561383908
cw_wam_admittance,54.0,10.644457991166595,10.920014209972754,12.046549941394298,8.246824877893975,10.224102153528861,12.037083590370665
cw_wam_admittance,54.333333333333336,10.297518435361962,11.774453817317154,11.805342587852401,8.495475358594385,10.764191123951283,12.240534554957936
cw_wam_admittance,54.66666666666667,10.586688578847486,11.320978567353187,12.044357844774527,8.980032275277631,10.464933945679281,12.232278843645448
cw_wam_admittance,55.00000000000001,9.95112792535257,10.231221595611958,11.158825461472215,8.844313258483748,10.454622654614472,12.261963290476277
cw_wam_admittance,55.333333333333336,10.25818808767436,11.07078450838685,11.975212293016128,9.289280328193573,10.354746217144385,12.668027952006607
cw_wam_admittance,55.666666666666664,10.724608213049445,10.812822039888145,11.655621157736313,9.18607496111482,10.404743969427225,12.17199676141567
cw_wam_admittance,55.99999999999999,11.028887168628078,11.337756869391056,12.451053152118549,8.937911436656616,10.280541816499662,12.03405497697203
cw_wam_admittance,56.333333333333336,10.687880692974346,10.96311062605641,11.55639479585933,8.978076926847766,10.525802313571223,12.573396323136233
cw_wam_admittance,56.666666666666664,11.094647577516138,11.309916338314906,12.2192128287799,8.879454246509637,10.351066518098488,12.642169177919197
cw_wam_admittance,56.99999999999999,10.731531662013793,11.28349882566979,12.446769501807301,9.228465944974744,10.187587759145924,12.559138400384375
cw_wam_admittance,57.333333333333336,9.933558379125692,10.402442775824984,10.771367685831065,9.204148176745086,10.251929609389574,12.346900287746315
cw_wam_admittance,57.666666666666664,10.65160148853348,11.860235716810937,12.019425853581398,8.86212924504879,10.005346670167844,11.976650925054352
cw_wam_admittance,57.99999999999999,10.904147018585435,12.111941222522036,12.230563280172305,8.6997911797633,10.045179954224139,11.950625228338696
cw_wam_admittance,58.333333333333336,8.958249368929762,10.030446105353272,10.261745909131712,8.711601616718363,10.502852799709924,12.36617839808375
cw_wam_admittance,58.666666666666664,9.713296291081035,10.73405325197204,10.998267369229065,8.797201152067828,10.492801176771962,12.749708335073935
cw_wam_admittance,59.0,9.466214570298451,10.907328812176047,11.117081649761072,8.542919691243515,10.166020922145716,12.615470445496909
cw_wam_admittance,59.333333333333336,9.59738249944781,11.211594035733587,11.388611120434451,8.56476642713653,10.084898923265431,12.316493379901386
cw_wam_admittance,59.66666666666667,9.26045812219331,10.263245837000646,11.020048175936848,8.544658018004062,10.162706698057988,12.239704748100452
cw_wam_admittance,60.0,9.085487997189624,11.320719344701105,11.607226344978693,8.27521269206948,9.847863898100048,12.002340954705618
cw_wam_admittance,60.333333333333336,11.431916650334962,11.755448342556269,11.984044140101268,8.49643131535956,10.013756252463171,12.229843413927604
cw_wam_admittance,60.66666666666667,8.988353756171897,10.291108897148376,10.559101391221137,9.043980426487972,10.273971956401715,12.170614531670553
cw_wam_admittance,61.0,10.878845345745233,10.882456295974787,12.43822605664593,8.868391611302261,10.255022240334268,11.967162729534978
cw_wam_admittance,61.33333333333334,10.494940296843582,10.731455162107348,10.846874578909226,9.01723075176062,9.996136977395878,11.581930119388355
cw_wam_admittance,61.66666666666667,9.420998807048953,10.883251704069655,11.919894116899457,8.788059122203455,10.074394171819016,11.469838727105802
cw_wam_admittance,62.0,9.364539018430296,10.597082917969745,11.05787747345774,8.619138253420303,9.71075959420374,11.185025576288686
cw_wam_admittance,62.33333333333334,7.938039410983448,8.889802652765944,10.298336239513093,8.671297149470185,9.98265776138848,11.76515132866336
cw_wam_admittance,62.66666666666667,8.071835072600372,9.83593730654066,10.268578940287416,8.562065871284393,10.010549328324576,11.499549800456483
cw_wam_admittance,63.0,8.186445952031626,8.715239245154104,9.84424735937047,8.47274032384288,9.594637079150427,11.78653466964877
cw_wam_admittance,63.33333333333334,7.990948639031894,8.780593620651583,9.529993947962641,8.457554617121955,9.18765183931806,11.4760059766448
cw_wam_admittance,63.66666666666667,6.7274617024080765,8.326906474569642,9.269810906207315,8.444390933944316,9.31909770027844,11.26393277197672
cw_wam_admittance,64.0,5.599021404255411,7.1582249403984015,8.701964048124132,7.889776660916638,9.591352592312196,11.49760497751606
cw_wam_admittance,64.33333333333333,6.115594029816014,8.317043202730384,9.064097700241726,8.077592213404728,9.572668043017257,11.695066491134872
cw_wam_admittance,64.66666666666666,6.172785855992153,8.367646619841059,8.5742823260933,8.030741915080833,9.410487720986872,11.510541706454568
cw_wam_admittance,65.0,6.1333576885892285,8.433927063395158,8.946709666693312,7.863212861154157,9.511248130760595,11.985777094763238
cw_wam_admittance,65.33333333333333,6.095387695510473,8.252175727615866,8.582300376712192,7.873174805624109,9.314572949520084,11.271785895546941
cw_wam_admittance,65.66666666666666,6.199212120912261,8.33767104370972,8.509832485983154,7.912628647126321,9.275420874782466,11.275453768531221
cw_wam_admittance,66.0,6.165459255334735,6.923975203601122,7.050881421941602,7.716017287653348,9.017811085343087,10.571553205711593
cw_wam_admittance,66.33333333333333,5.838315822908507,5.838750399276555,5.965117987194425,7.530655887908462,8.568139774484068,10.064523492128345
cw_wam_admittance,66.66666666666666,4.482160772884339,4.800410512742184,5.112153547497141,6.596060877904143,7.829184965677649,9.297069966855924
cw_wam_admittance,67.0,3.995251256156826,4.015799363607541,4.116961460123337,5.575320502458791,6.3550395557961945,7.884894573871183
cw_wam_admittance,67.33333333333333,3.4127886224865907,3.6529567057311763,3.7961581074870203,4.1838553722921015,4.714002777347961,5.415422352330493
cw_wam_admittance,67.66666666666667,2.3102668507506516,3.263049350836497,3.509382362066705,2.473017084395673,3.293959141384918,3.911054812436374
cw_wam_admittance,68.0,1.7550786312831486,2.3593499772790443,3.076726259656252,1.8171486840210243,2.1499340959799245,2.832932903880536
cw_wam_admittance,68.33333333333333,1.5749788275223655,1.6559020986397264,2.4563710495765774,1.6969162885355034,1.8686085432855646,2.191071876031469
cw_wam_admittance,68.66666666666667,1.471065105059896,1.5457284751170948,2.356657566656455,1.6937929427229936,1.8334685304857439,2.024711948027073
cw_wam_admittance,69.0,1.2821224060657168,1.408896732142886,1.963427402236702,1.6419573034326036,1.7787381165548306,2.0533798229724276
cw_wam_admittance,69.33333333333334,1.6489805339521004,1.8560539933390423,2.3371977971362057,1.6938206711785153,1.8060138817834956,2.0596183932346865
cw_wam_admittance,69.66666666666667,1.4569456574097575,1.77645542576718,2.42926067875752,1.6814170930704122,1.8316126691515673,2.095544672145637
cw_wam_admittance,70.0,1.4029364664054338,1.407390379271186,1.883713091323958,1.72387381800538,1.8302033535277291,2.031532323765975
cw_wam_admittance,70.33333333333333,1.5683292327923222,1.5790574015756922,1.7937637391430976,1.679173454437601,1.8267764446385493,1.9894444841794603
cw_wam_admittance,70.66666666666667,1.3858638746672312,1.4165684492220136,1.8226272367753538,1.6805589806544403,1.830503018051747,2.05195700549063
cw_wam_admittance,71.0,1.3456240674921518,1.4642790894158673,1.879276139085046,1.6808642022144813,1.822481348559925,2.087656955875188
cw_wam_admittance,71.33333333333334,1.2331498783136352,1.3046170385684626,1.8897523594104906,1.6799360244827852,1.8426244158703842,2.1416017652788537
cw_wam_admittance,71.66666666666667,1.409116138431015,1.6531908077696793,1.882960200126393,1.6807610670019242,1.8327125649413105,2.0150652241108964
cw_wam_admittance,72.00000000000001,1.5181300311566095,1.6959896088734565,1.8850821811501297,1.737465674235487,1.8225604947978988,2.0512151999663213
cw_wam_admittance,72.33333333333333,1.2435889689601254,1.448072055903959,1.9896372352234006,1.6643091955827471,1.7844067048636454,2.0171792391457313
cw_wam_admittance,72.66666666666667,1.3274736628824209,1.3654561477241411,1.9521993320418245,1.6600389578922887,1.7926376985131096,2.05879160801456
cw_wam_admittance,73.0,1.6128502904296127,1.625312579843763,1.994879577570111,1.6623292522971762,1.8183239210256574,2.067752824546454
cw_wam_admittance,73.33333333333334,1.6253118734441703,1.793856751760548,1.9011026777377549,1.686541601675779,1.8239860353467638,2.056040477029569
cw_wam_admittance,73.66666666666667,1.732325992409416,1.9837801469887888,2.110619103677283,1.6707658952640232,1.8016379477187239,2.0129072377772763
cw_wam_admittance,74.00000000000001,1.2463915460104138,1.390066984688898,1.8574824277765332,1.6652316022823683,1.8165863770237234,2.0679161394483647
cw_wam_admittance,74.33333333333333,1.500120145820497,1.7553048278634105,1.960129936645414,1.6378873169131503,1.8506337784213267,2.037823723264456
cw_wam_admittance,74.66666666666667,1.4061254260980434,1.484266761202609,1.7714488954643564,1.6986263324699806,1.827226325315836,2.068173449747181
cw_wam_admittance,75.0,1.2348055713016586,1.3572587607432363,1.6630042790646007,1.7433523533779418,1.8830881516935256,2.1159112478088224
cw_wam_admittance,75.33333333333334,1.4758338225620804,1.5494318097713928,1.935851357228111,1.6989215505737816,1.8449518832555107,2.1635464318638498
cw_wam_admittance,75.66666666666667,1.4649534218315847,1.5723642035882888,2.036982850895159,1.710477093925107,1.8787402774601314,2.098585560308543
cw_wam_admittance,76.00000000000001,1.421985874198095,1.7078186415210133,1.9819768051807036,1.6929405729630131,1.9081284848947584,2.0996548444220156
cw_wam_admittance,76.33333333333333,1.4825357477012155,1.529094382729677,1.7791478295384926,1.698982453833762,1.8572346835920786,2.070964987815559
cw_wam_admittance,76.66666666666667,1.3597306291128812,1.3679686761420955,1.6424126321600574,1.6960486175172538,1.9135367633626588,2.1490036607556267
cw_wam_admittance,77.0,1.559784213960556,1.6115506572180207,1.9448853464846647,1.722391747695299,1.8943215042525077,2.113863684425883
cw_wam_admittance,77.33333333333333,1.450874179508344,1.5339714131269697,1.9766642095161517,1.6947141358175164,1.9024165307778467,2.0940495517359725
cw_wam_admittance,77.66666666666667,1.246292642905391,1.3605712831022472,1.8023452823498598,1.7641364312983938,1.8859465698214986,2.0907767995484496
cw_wam_admittance,77.99999999999999,1.4558736117653703,1.5156094952548762,1.7514817531505213,1.673586589565701,1.8639563489795328,2.1026268718531425
cw_wam_admittance,78.33333333333333,1.4485119124110644,1.576380884004035,1.8062955512160253,1.694253109656878,1.8720260803583488,2.0803003007450975
cw_wam_admittance,78.66666666666666,1.3301980407987894,1.5144846344015237,1.8786602364413434,1.6517584052878487,1.8448482304834175,2.107856621121978
cw_wam_admittance,79.0,1.2448931519945716,1.2554143765269767,1.8020037853148687,1.6720070492631132,1.8244704877866902,2.0693789774541607
cw_wam_admittance,79.33333333333333,1.4990574735835007,1.787514260430751,1.9968220811122588,1.7059956143562758,1.8359133119608262,2.055966584904948
cw_wam_admittance,79.66666666666667,1.6344109600543821,1.7451004199359883,1.8134939665233318,1.7056782334644016,1.8124816361642977,2.055793151066092
cw_wam_admittance,80.0,1.4160156912699327,1.5143726050817194,1.742670946915473,1.6903629289952877,1.8026371299220694,2.0581539701821967
cw_wam_admittance,80.33333333333333,1.2515998973338895,1.3070660402421415,1.6672663947986726,1.6564404404476825,1.783240236575485,2.103720627311012
cw_wam_admittance,80.66666666666666,1.6355060186291288,1.6611544359015222,1.9456291232248832,1.6711146851246719,1.8325393646798052,2.03071577462228
cw_wam_admittance,81.0,1.763658100644634,1.8676019931331669,2.013387080143301,1.6384213779815588,1.8247456739066485,2.0633038228516885
cw_wam_admittance,81.33333333333333,1.4679502058274703,1.6272785722954874,1.8303294409364153,1.7002003780250328,1.8051647435848945,2.0682144436366023
cw_wam_admittance,81.66666666666667,1.5640779082967384,1.6150725955677177,2.004830388747117,1.6619809193399153,1.8157645986829287,2.051029261033605
cw_wam_admittance,82.0,1.7121329930792935,1.8489010206675704,2.1187153822358553,1.6847765563222785,1.8137084401290289,2.017444876145739
cw_wam_admittance,82.33333333333334,1.9910524824185118,2.0632491325984876,2.0731702063217163,1.7363266637156676,1.8025624380661704,1.996990347789266
cw_wam_admittance,82.66666666666667,1.6229618407604707,1.7497794144398608,1.9425891659054881,1.7253421335474384,1.8366776415943544,1.9583958420037513
cw_wam_admittance,83.0,1.4416455048892425,1.6283555771925782,2.0004044638362126,1.6800199124346462,1.797127499971682,1.951043863200357
cw_wam_admittance,83.33333333333334,1.7238549479748293,1.7746475046567842,2.2295108975606004,1.6308875761994752,1.7892134736233214,1.9554463053605668
cw_wam_admittance,83.66666666666667,1.8786278210878498,2.2602309406201364,2.4983919006758892,1.6833502402500908,1.781163248983693,2.0337889886067124
cw_wam_admittance,84.0,1.4925284468762454,1.6818968376836332,2.0343068017949903,1.6668766667729633,1.8066911853497047,2.037530792916081
cw_wam_admittance,84.33333333333334,1.8028725694587742,2.158002731805082,2.187434469819011,1.6825297628680518,1.7914879362748621,2.0405369529778534
cw_wam_admittance,84.66666666666667,1.9035826421831112,2.288208850891076,2.415855018011674,1.66704511440504,1.8122491396447702,2.021804680512916
cw_wam_admittance,85.00000000000001,1.9577031004225063,2.0499838416552523,2.424393170915418,1.6816969289588677,1.8230170995095891,2.043860062543037
cw_wam_admittance,85.33333333333334,1.7420368857021182,1.9900001170835844,2.201034369459773,1.6804133473045872,1.8370636212973759,2.0214930134539246
cw_wam_admittance,85.66666666666666,1.6328691634067731,1.8550359127346518,2.1474597980555923,1.6598627701309416,1.8207090768665863,2.0651761356814107
cw_wam_admittance,86.0,1.7675445576464344,1.8825200713059742,2.04700285373214,1.658502399239973,1.8211082939123362,2.0919035666749477
cw_wam_admittance,86.33333333333333,1.671621179303275,1.7493378219151063,2.0486338637347936,1.6746845944140134,1.8098689663180498,2.0474466733708634
cw_wam_admittance,86.66666666666667,1.3765827466506046,1.7083453354175893,2.1118744895348556,1.6626640316071675,1.8173082422162863,2.023252793096316
cw_wam_admittance,87.0,1.587647519482315,1.8122917876588904,2.0863201403255442,1.6793276526748389,1.8184074984069962,2.0670536754943525
cw_wam_admittance,87.33333333333334,1.6072056539675135,1.7522787636151798,2.002312044757584,1.742623448550026,1.853065577316932,2.074354776407041
cw_wam_admittance,87.66666666666666,1.6787272795672585,1.8682558512338305,2.1157348738909767,1.6740532051000279,1.8296636233543628,2.052927527804901
cw_wam_admittance,88.0,1.3952901687244117,1.5304443091197193,2.058553758035198,1.6654775869846135,1.8382225291438288,2.044667968145992
cw_wam_admittance,88.33333333333333,1.5752985939146305,1.64099908994755,2.066724333046849,1.6689872565121968,1.7956400888762598,2.0044624682048733
cw_wam_admittance,88.66666666666667,1.8503746530197154,1.9210311349673868,2.157175777803113,1.7084631834099104,1.8283588422740498,2.0168901704260964
cw_wam_admittance,89.0,1.6067459568863907,1.7497596575033751,2.021179664224428,1.675490116743438,1.7712453839165598,1.961724257018817
cw_wam_admittance,89.33333333333334,1.5414203719532023,1.6024111853717617,2.0133078278669223,1.6752286892599553,1.8170162434581867,2.038533609839896
cw_wam_admittance,89.66666666666666,1.7278510083565668,1.8508506274330476,2.240036776422187,1.6957475863311817,1.8196590147628555,2.0088236567271953
cw_wam_admittance,90.0,1.5246762247015382,1.5477860432333652,2.0121023570919987,1.733685337042043,1.8263749825450701,2.0621705795122223
cw_wam_admittance,90.33333333333333,1.5867685722480518,1.751044630675743,2.0673836965729695,1.7018576489644617,1.851047370819998,2.0783316248669172
cw_wam_admittance,90.66666666666667,1.3093094578077868,1.3169554853467962,1.8056864652085864,1.734401529214463,1.8608902643596195,2.0891562853657586
cw_wam_admittance,91.0,1.6329428473041538,1.8380914773581487,2.1303748004778025,1.7285251187781516,1.8609490923384746,2.095056009731528
cw_wam_admittance,91.33333333333334,1.8238045677501953,1.8367847835666302,2.1931592969736387,1.7102227885802619,1.8896879436470488,2.073283700744049
cw_wam_admittance,91.66666666666666,1.6053968422522105,1.696331649687656,1.9509887036229248,1.6968110566884262,1.8589341282324412,2.153119865036939
cw_wam_admittance,92.0,1.5654565313278284,1.741372022696125,1.8977300627748845,1.7720159500820365,1.9439205623710318,2.131894599123798
cw_wam_admittance,92.33333333333333,1.8777094478668284,2.0123668887331223,2.0839023101437784,1.779603108523819,1.8932029810484092,2.145226783716298
cw_wam_admittance,92.66666666666667,1.5781479563132395,1.5826565727033535,1.8595385113312313,1.780117282785776,1.9184227337336544,2.118447563036251
cw_wam_admittance,93.0,1.425903912151465,1.7427422839028741,2.1195133347770887,1.7954938599827055,1.9580441816432592,2.166601386001198
cw_wam_admittance,93.33333333333334,1.4676185024968649,1.608268674377661,1.846940870164372,1.7661118183085514,1.9171416097626068,2.147546720209916
cw_wam_admittance,93.66666666666667,1.7741951372161475,1.929010691598684,1.9700204033959436,1.727660796416644,1.8995213492105076,2.0949552273089482
cw_wam_admittance,94.0,1.8785604456178455,1.9231400298590058,1.9973504979006256,1.766203742439743,1.8819998786372811,2.0540097105861803
cw_wam_admittance,94.33333333333334,1.6008103667991969,1.816158417826567,2.0479756613719746,1.7194145249969466,1.8956223280255178,2.05496902646473
cw_wam_admittance,94.66666666666667,1.490549141908729,1.5462806949989285,1.8724622156900257,1.7054042548148591,1.8275429299445338,2.0680076347695033
cw_wam_admittance,95.0,1.7344315726261517,1.8024741857801003,1.975986301568814,1.7071601132309417,1.8477096343893433,2.068679617316196
cw_wam_admittance,95.33333333333333,1.56485346820523,1.702734199478153,1.8877233266690967,1.7185637644629694,1.8354668857054677,2.010127164868502
cw_wam_admittance,95.66666666666667,1.4369485676340201,1.680207937100196,1.883046957452677,1.7012933125417007,1.8384310029510331,2.000596021475064
cw_wam_admittance,96.0,1.4876319243068337,1.5549340750477747,1.8901600534428762,1.6932590460574728,1.828354541645353,1.9726533346084385
cw_wam_admittance,96.33333333333334,1.5502760862265461,1.7010765641411967,1.8798476561261936,1.707203566367696,1.811899418975682,1.961396429054386
cw_wam_admittance,96.66666666666667,1.5174695451364535,1.8236604132780942,1.8855237910009564,1.6946470113345193,1.8115905852407215,1.9540362384030556
cw_wam_admittance,97.00000000000001,1.5319524870951247,1.634117756718024,1.8237881014350812,1.6807831033012772,1.805633277881737,1.9413044328919313
cw_wam_admittance,97.33333333333333,1.6037364536193441,1.8765757459376469,2.0256592902776585,1.6796553266201797,1.8146898257852557,1.933591356170803
cw_wam_admittance,97.66666666666667,1.5945367542310356,1.6996240975787824,1.8224992982683594,1.6706396463191042,1.7925181381148247,1.9546312228896907
cw_wam_admittance,98.0,1.5786601305824737,1.7058534327185406,1.7809837508765707,1.6743730545771693,1.7899885824427144,1.9292726097075994
cw_wam_admittance,98.33333333333334,1.5027157189486025,1.6111739807721508,1.6603946930721314,1.6817660416580824,1.7888154266042826,1.930352386916336
cw_wam_admittance,98.66666666666667,1.5478010405666263,1.7000393428592364,1.9347116887881393,1.6787610108801114,1.804252997397498,1.9483808872405781
cw_wam_admittance,99.00000000000001,1.4274835160705883,1.584054234974241,1.897047241041088,1.6818828337136025,1.7916610615457982,1.9363282586980577
cw_wam_admittance,99.33333333333333,1.4086058760314897,1.6623199770320243,1.8602398004781027,1.6712967387914759,1.7943315494254883,1.9216127683295523
cw_wam_admittance,99.66666666666667,1.401756497418476,1.5248090417305535,1.6071614255317939,1.6757006136069765,1.779321790026251,1.9598204560285901
cw_wam_admittance,100.0,1.3973236735544123,1.4686599544590528,1.8253638612014809,1.6752364978904253,1.780061224630443,1.9404176539235047
